name,year,value,lastValue,tcolour
Balfour,10,0,0,#00539f
Balfour,20,0,0,#00539f
Balfour,30,0,0,#00539f
Balfour,40,0,0,#00539f
Balfour,50,0,0,#00539f
Balfour,60,0,0,#00539f
Balfour,70,0,0,#00539f
Balfour,80,0,0,#00539f
Balfour,90,0,0,#00539f
Balfour,100,0,0,#00539f
Balfour,110,0,0,#00539f
Balfour,120,0,0,#00539f
Balfour,130,0,0,#00539f
Balfour,140,0,0,#00539f
Balfour,150,0,0,#00539f
Balfour,160,0,0,#00539f
Balfour,170,0,0,#00539f
Balfour,180,0,0,#00539f
Balfour,190,0,0,#00539f
Balfour,200,0,0,#00539f
Balfour,210,0,0,#00539f
Balfour,220,0,0,#00539f
Balfour,230,0,0,#00539f
Balfour,240,0,0,#00539f
Balfour,250,0,0,#00539f
Balfour,260,0,0,#00539f
Balfour,270,0,0,#00539f
Balfour,280,0,0,#00539f
Balfour,290,0,0,#00539f
Balfour,300,0,0,#00539f
Balfour,310,0,0,#00539f
Balfour,320,0,0,#00539f
Balfour,330,0,0,#00539f
Balfour,340,0,0,#00539f
Balfour,350,0,0,#00539f
Balfour,360,0,0,#00539f
Balfour,370,0,0,#00539f
Balfour,380,0,0,#00539f
Balfour,390,0,0,#00539f
Balfour,400,0,0,#00539f
Balfour,410,0,0,#00539f
Balfour,420,0,0,#00539f
Balfour,430,5,0,#00539f
Balfour,440,5,5,#00539f
Balfour,450,5,5,#00539f
Balfour,460,5,5,#00539f
Balfour,470,5,5,#00539f
Balfour,480,5,5,#00539f
Balfour,490,5,5,#00539f
Balfour,500,5,5,#00539f
Balfour,510,5,5,#00539f
Balfour,520,5,5,#00539f
Balfour,530,5,5,#00539f
Balfour,540,5,5,#00539f
Balfour,550,5,5,#00539f
Balfour,560,5,5,#00539f
Balfour,570,5,5,#00539f
Balfour,580,5,5,#00539f
Balfour,590,5,5,#00539f
Balfour,600,5,5,#00539f
Balfour,610,5,5,#00539f
Balfour,620,5,5,#00539f
Balfour,630,5,5,#00539f
Balfour,640,5,5,#00539f
Balfour,650,5,5,#00539f
Balfour,660,5,5,#00539f
Balfour,670,5,5,#00539f
Balfour,680,5,5,#00539f
Balfour,690,5,5,#00539f
Balfour,700,5,5,#00539f
Balfour,710,5,5,#00539f
Balfour,720,5,5,#00539f
Balfour,730,5,5,#00539f
Balfour,740,5,5,#00539f
Balfour,750,5,5,#00539f
Balfour,760,5,5,#00539f
Balfour,770,5,5,#00539f
Balfour,780,5,5,#00539f
Balfour,790,5,5,#00539f
Balfour,800,5,5,#00539f
Balfour,810,5,5,#00539f
Balfour,820,5,5,#00539f
Balfour,830,5,5,#00539f
Balfour,840,5,5,#00539f
Balfour,850,5,5,#00539f
Balfour,860,5,5,#00539f
Balfour,870,5,5,#00539f
Balfour,880,5,5,#00539f
Balfour,890,5,5,#00539f
Balfour,900,5,5,#00539f
Balfour,910,5,5,#00539f
Balfour,920,5,5,#00539f
Balfour,930,5,5,#00539f
Balfour,940,5,5,#00539f
Balfour,950,5,5,#00539f
Balfour,960,5,5,#00539f
Balfour,970,6,5,#00539f
Balfour,980,6,6,#00539f
Balfour,990,6,6,#00539f
Balfour,1000,6,6,#00539f
Lloyd George,10,0,0,#ffb703
Lloyd George,20,0,0,#ffb703
Lloyd George,30,0,0,#ffb703
Lloyd George,40,0,0,#ffb703
Lloyd George,50,0,0,#ffb703
Lloyd George,60,0,0,#ffb703
Lloyd George,70,0,0,#ffb703
Lloyd George,80,0,0,#ffb703
Lloyd George,90,0,0,#ffb703
Lloyd George,100,0,0,#ffb703
Lloyd George,110,0,0,#ffb703
Lloyd George,120,0,0,#ffb703
Lloyd George,130,0,0,#ffb703
Lloyd George,140,0,0,#ffb703
Lloyd George,150,0,0,#ffb703
Lloyd George,160,0,0,#ffb703
Lloyd George,170,0,0,#ffb703
Lloyd George,180,0,0,#ffb703
Lloyd George,190,0,0,#ffb703
Lloyd George,200,0,0,#ffb703
Lloyd George,210,0,0,#ffb703
Lloyd George,220,1,0,#ffb703
Lloyd George,230,1,1,#ffb703
Lloyd George,240,1,1,#ffb703
Lloyd George,250,2,1,#ffb703
Lloyd George,260,2,2,#ffb703
Lloyd George,270,2,2,#ffb703
Lloyd George,280,2,2,#ffb703
Lloyd George,290,2,2,#ffb703
Lloyd George,300,2,2,#ffb703
Lloyd George,310,2,2,#ffb703
Lloyd George,320,2,2,#ffb703
Lloyd George,330,2,2,#ffb703
Lloyd George,340,2,2,#ffb703
Lloyd George,350,3,2,#ffb703
Lloyd George,360,3,3,#ffb703
Lloyd George,370,3,3,#ffb703
Lloyd George,380,3,3,#ffb703
Lloyd George,390,3,3,#ffb703
Lloyd George,400,3,3,#ffb703
Lloyd George,410,3,3,#ffb703
Lloyd George,420,4,3,#ffb703
Lloyd George,430,4,4,#ffb703
Lloyd George,440,4,4,#ffb703
Lloyd George,450,4,4,#ffb703
Lloyd George,460,4,4,#ffb703
Lloyd George,470,4,4,#ffb703
Lloyd George,480,4,4,#ffb703
Lloyd George,490,4,4,#ffb703
Lloyd George,500,4,4,#ffb703
Lloyd George,510,5,4,#ffb703
Lloyd George,520,5,5,#ffb703
Lloyd George,530,5,5,#ffb703
Lloyd George,540,5,5,#ffb703
Lloyd George,550,5,5,#ffb703
Lloyd George,560,5,5,#ffb703
Lloyd George,570,5,5,#ffb703
Lloyd George,580,5,5,#ffb703
Lloyd George,590,5,5,#ffb703
Lloyd George,600,5,5,#ffb703
Lloyd George,610,5,5,#ffb703
Lloyd George,620,5,5,#ffb703
Lloyd George,630,5,5,#ffb703
Lloyd George,640,5,5,#ffb703
Lloyd George,650,5,5,#ffb703
Lloyd George,660,5,5,#ffb703
Lloyd George,670,5,5,#ffb703
Lloyd George,680,5,5,#ffb703
Lloyd George,690,5,5,#ffb703
Lloyd George,700,5,5,#ffb703
Lloyd George,710,5,5,#ffb703
Lloyd George,720,6,5,#ffb703
Lloyd George,730,6,6,#ffb703
Lloyd George,740,6,6,#ffb703
Lloyd George,750,6,6,#ffb703
Lloyd George,760,6,6,#ffb703
Lloyd George,770,6,6,#ffb703
Lloyd George,780,6,6,#ffb703
Lloyd George,790,6,6,#ffb703
Lloyd George,800,6,6,#ffb703
Lloyd George,810,6,6,#ffb703
Lloyd George,820,6,6,#ffb703
Lloyd George,830,6,6,#ffb703
Lloyd George,840,6,6,#ffb703
Lloyd George,850,6,6,#ffb703
Lloyd George,860,6,6,#ffb703
Lloyd George,870,6,6,#ffb703
Lloyd George,880,6,6,#ffb703
Lloyd George,890,6,6,#ffb703
Lloyd George,900,6,6,#ffb703
Lloyd George,910,6,6,#ffb703
Lloyd George,920,6,6,#ffb703
Lloyd George,930,6,6,#ffb703
Lloyd George,940,6,6,#ffb703
Lloyd George,950,6,6,#ffb703
Lloyd George,960,6,6,#ffb703
Lloyd George,970,6,6,#ffb703
Lloyd George,980,6,6,#ffb703
Lloyd George,990,6,6,#ffb703
Lloyd George,1000,6,6,#ffb703
Baldwin,10,0,0,#ffb703
Baldwin,20,0,0,#ffb703
Baldwin,30,0,0,#ffb703
Baldwin,40,0,0,#ffb703
Baldwin,50,0,0,#ffb703
Baldwin,60,0,0,#ffb703
Baldwin,70,0,0,#ffb703
Baldwin,80,0,0,#ffb703
Baldwin,90,0,0,#ffb703
Baldwin,100,0,0,#ffb703
Baldwin,110,0,0,#ffb703
Baldwin,120,0,0,#ffb703
Baldwin,130,0,0,#ffb703
Baldwin,140,0,0,#ffb703
Baldwin,150,0,0,#ffb703
Baldwin,160,0,0,#ffb703
Baldwin,170,0,0,#ffb703
Baldwin,180,1,0,#ffb703
Baldwin,190,1,1,#ffb703
Baldwin,200,1,1,#ffb703
Baldwin,210,1,1,#ffb703
Baldwin,220,1,1,#ffb703
Baldwin,230,1,1,#ffb703
Baldwin,240,1,1,#ffb703
Baldwin,250,1,1,#ffb703
Baldwin,260,1,1,#ffb703
Baldwin,270,1,1,#ffb703
Baldwin,280,1,1,#ffb703
Baldwin,290,1,1,#ffb703
Baldwin,300,1,1,#ffb703
Baldwin,310,1,1,#ffb703
Baldwin,320,1,1,#ffb703
Baldwin,330,1,1,#ffb703
Baldwin,340,1,1,#ffb703
Baldwin,350,1,1,#ffb703
Baldwin,360,1,1,#ffb703
Baldwin,370,1,1,#ffb703
Baldwin,380,1,1,#ffb703
Baldwin,390,1,1,#ffb703
Baldwin,400,1,1,#ffb703
Baldwin,410,1,1,#ffb703
Baldwin,420,1,1,#ffb703
Baldwin,430,1,1,#ffb703
Baldwin,440,1,1,#ffb703
Baldwin,450,1,1,#ffb703
Baldwin,460,1,1,#ffb703
Baldwin,470,1,1,#ffb703
Baldwin,480,1,1,#ffb703
Baldwin,490,1,1,#ffb703
Baldwin,500,1,1,#ffb703
Baldwin,510,1,1,#ffb703
Baldwin,520,1,1,#ffb703
Baldwin,530,1,1,#ffb703
Baldwin,540,1,1,#ffb703
Baldwin,550,1,1,#ffb703
Baldwin,560,1,1,#ffb703
Baldwin,570,1,1,#ffb703
Baldwin,580,1,1,#ffb703
Baldwin,590,1,1,#ffb703
Baldwin,600,1,1,#ffb703
Baldwin,610,1,1,#ffb703
Baldwin,620,1,1,#ffb703
Baldwin,630,1,1,#ffb703
Baldwin,640,1,1,#ffb703
Baldwin,650,1,1,#ffb703
Baldwin,660,1,1,#ffb703
Baldwin,670,1,1,#ffb703
Baldwin,680,1,1,#ffb703
Baldwin,690,1,1,#ffb703
Baldwin,700,1,1,#ffb703
Baldwin,710,1,1,#ffb703
Baldwin,720,1,1,#ffb703
Baldwin,730,1,1,#ffb703
Baldwin,740,1,1,#ffb703
Baldwin,750,1,1,#ffb703
Baldwin,760,1,1,#ffb703
Baldwin,770,1,1,#ffb703
Baldwin,780,1,1,#ffb703
Baldwin,790,1,1,#ffb703
Baldwin,800,1,1,#ffb703
Baldwin,810,1,1,#ffb703
Baldwin,820,1,1,#ffb703
Baldwin,830,1,1,#ffb703
Baldwin,840,1,1,#ffb703
Baldwin,850,1,1,#ffb703
Baldwin,860,1,1,#ffb703
Baldwin,870,1,1,#ffb703
Baldwin,880,1,1,#ffb703
Baldwin,890,1,1,#ffb703
Baldwin,900,1,1,#ffb703
Baldwin,910,1,1,#ffb703
Baldwin,920,1,1,#ffb703
Baldwin,930,1,1,#ffb703
Baldwin,940,1,1,#ffb703
Baldwin,950,1,1,#ffb703
Baldwin,960,1,1,#ffb703
Baldwin,970,1,1,#ffb703
Baldwin,980,1,1,#ffb703
Baldwin,990,1,1,#ffb703
Baldwin,1000,1,1,#ffb703
MacDonald,10,0,0,#ee3224
MacDonald,20,0,0,#ee3224
MacDonald,30,0,0,#ee3224
MacDonald,40,0,0,#ee3224
MacDonald,50,0,0,#ee3224
MacDonald,60,0,0,#ee3224
MacDonald,70,0,0,#ee3224
MacDonald,80,0,0,#ee3224
MacDonald,90,0,0,#ee3224
MacDonald,100,0,0,#ee3224
MacDonald,110,0,0,#ee3224
MacDonald,120,0,0,#ee3224
MacDonald,130,0,0,#ee3224
MacDonald,140,0,0,#ee3224
MacDonald,150,0,0,#ee3224
MacDonald,160,0,0,#ee3224
MacDonald,170,0,0,#ee3224
MacDonald,180,0,0,#ee3224
MacDonald,190,0,0,#ee3224
MacDonald,200,0,0,#ee3224
MacDonald,210,0,0,#ee3224
MacDonald,220,0,0,#ee3224
MacDonald,230,0,0,#ee3224
MacDonald,240,0,0,#ee3224
MacDonald,250,0,0,#ee3224
MacDonald,260,0,0,#ee3224
MacDonald,270,0,0,#ee3224
MacDonald,280,0,0,#ee3224
MacDonald,290,0,0,#ee3224
MacDonald,300,0,0,#ee3224
MacDonald,310,0,0,#ee3224
MacDonald,320,0,0,#ee3224
MacDonald,330,0,0,#ee3224
MacDonald,340,0,0,#ee3224
MacDonald,350,0,0,#ee3224
MacDonald,360,0,0,#ee3224
MacDonald,370,0,0,#ee3224
MacDonald,380,0,0,#ee3224
MacDonald,390,0,0,#ee3224
MacDonald,400,0,0,#ee3224
MacDonald,410,0,0,#ee3224
MacDonald,420,0,0,#ee3224
MacDonald,430,0,0,#ee3224
MacDonald,440,0,0,#ee3224
MacDonald,450,0,0,#ee3224
MacDonald,460,0,0,#ee3224
MacDonald,470,0,0,#ee3224
MacDonald,480,0,0,#ee3224
MacDonald,490,0,0,#ee3224
MacDonald,500,0,0,#ee3224
MacDonald,510,0,0,#ee3224
MacDonald,520,0,0,#ee3224
MacDonald,530,0,0,#ee3224
MacDonald,540,0,0,#ee3224
MacDonald,550,0,0,#ee3224
MacDonald,560,0,0,#ee3224
MacDonald,570,0,0,#ee3224
MacDonald,580,0,0,#ee3224
MacDonald,590,0,0,#ee3224
MacDonald,600,0,0,#ee3224
MacDonald,610,0,0,#ee3224
MacDonald,620,0,0,#ee3224
MacDonald,630,0,0,#ee3224
MacDonald,640,1,0,#ee3224
MacDonald,650,1,1,#ee3224
MacDonald,660,1,1,#ee3224
MacDonald,670,1,1,#ee3224
MacDonald,680,1,1,#ee3224
MacDonald,690,1,1,#ee3224
MacDonald,700,1,1,#ee3224
MacDonald,710,1,1,#ee3224
MacDonald,720,1,1,#ee3224
MacDonald,730,1,1,#ee3224
MacDonald,740,1,1,#ee3224
MacDonald,750,1,1,#ee3224
MacDonald,760,1,1,#ee3224
MacDonald,770,1,1,#ee3224
MacDonald,780,1,1,#ee3224
MacDonald,790,1,1,#ee3224
MacDonald,800,1,1,#ee3224
MacDonald,810,1,1,#ee3224
MacDonald,820,1,1,#ee3224
MacDonald,830,1,1,#ee3224
MacDonald,840,1,1,#ee3224
MacDonald,850,1,1,#ee3224
MacDonald,860,1,1,#ee3224
MacDonald,870,1,1,#ee3224
MacDonald,880,1,1,#ee3224
MacDonald,890,1,1,#ee3224
MacDonald,900,1,1,#ee3224
MacDonald,910,1,1,#ee3224
MacDonald,920,1,1,#ee3224
MacDonald,930,3,1,#ee3224
MacDonald,940,3,3,#ee3224
MacDonald,950,3,3,#ee3224
MacDonald,960,3,3,#ee3224
MacDonald,970,3,3,#ee3224
MacDonald,980,3,3,#ee3224
MacDonald,990,3,3,#ee3224
MacDonald,1000,3,3,#ee3224
Chamberlain,10,0,0,#ffb703
Chamberlain,20,0,0,#ffb703
Chamberlain,30,0,0,#ffb703
Chamberlain,40,0,0,#ffb703
Chamberlain,50,0,0,#ffb703
Chamberlain,60,0,0,#ffb703
Chamberlain,70,0,0,#ffb703
Chamberlain,80,0,0,#ffb703
Chamberlain,90,0,0,#ffb703
Chamberlain,100,0,0,#ffb703
Chamberlain,110,0,0,#ffb703
Chamberlain,120,0,0,#ffb703
Chamberlain,130,0,0,#ffb703
Chamberlain,140,0,0,#ffb703
Chamberlain,150,0,0,#ffb703
Chamberlain,160,0,0,#ffb703
Chamberlain,170,0,0,#ffb703
Chamberlain,180,0,0,#ffb703
Chamberlain,190,0,0,#ffb703
Chamberlain,200,0,0,#ffb703
Chamberlain,210,0,0,#ffb703
Chamberlain,220,0,0,#ffb703
Chamberlain,230,0,0,#ffb703
Chamberlain,240,0,0,#ffb703
Chamberlain,250,0,0,#ffb703
Chamberlain,260,0,0,#ffb703
Chamberlain,270,2,0,#ffb703
Chamberlain,280,2,2,#ffb703
Chamberlain,290,2,2,#ffb703
Chamberlain,300,2,2,#ffb703
Chamberlain,310,2,2,#ffb703
Chamberlain,320,2,2,#ffb703
Chamberlain,330,2,2,#ffb703
Chamberlain,340,2,2,#ffb703
Chamberlain,350,3,2,#ffb703
Chamberlain,360,4,3,#ffb703
Chamberlain,370,4,4,#ffb703
Chamberlain,380,4,4,#ffb703
Chamberlain,390,4,4,#ffb703
Chamberlain,400,4,4,#ffb703
Chamberlain,410,4,4,#ffb703
Chamberlain,420,4,4,#ffb703
Chamberlain,430,4,4,#ffb703
Chamberlain,440,4,4,#ffb703
Chamberlain,450,4,4,#ffb703
Chamberlain,460,4,4,#ffb703
Chamberlain,470,4,4,#ffb703
Chamberlain,480,4,4,#ffb703
Chamberlain,490,4,4,#ffb703
Chamberlain,500,5,4,#ffb703
Chamberlain,510,5,5,#ffb703
Chamberlain,520,5,5,#ffb703
Chamberlain,530,5,5,#ffb703
Chamberlain,540,5,5,#ffb703
Chamberlain,550,5,5,#ffb703
Chamberlain,560,5,5,#ffb703
Chamberlain,570,5,5,#ffb703
Chamberlain,580,5,5,#ffb703
Chamberlain,590,5,5,#ffb703
Chamberlain,600,5,5,#ffb703
Chamberlain,610,5,5,#ffb703
Chamberlain,620,5,5,#ffb703
Chamberlain,630,5,5,#ffb703
Chamberlain,640,5,5,#ffb703
Chamberlain,650,5,5,#ffb703
Chamberlain,660,5,5,#ffb703
Chamberlain,670,5,5,#ffb703
Chamberlain,680,5,5,#ffb703
Chamberlain,690,5,5,#ffb703
Chamberlain,700,5,5,#ffb703
Chamberlain,710,5,5,#ffb703
Chamberlain,720,5,5,#ffb703
Chamberlain,730,5,5,#ffb703
Chamberlain,740,5,5,#ffb703
Chamberlain,750,5,5,#ffb703
Chamberlain,760,5,5,#ffb703
Chamberlain,770,5,5,#ffb703
Chamberlain,780,5,5,#ffb703
Chamberlain,790,5,5,#ffb703
Chamberlain,800,5,5,#ffb703
Chamberlain,810,5,5,#ffb703
Chamberlain,820,5,5,#ffb703
Chamberlain,830,5,5,#ffb703
Chamberlain,840,5,5,#ffb703
Chamberlain,850,5,5,#ffb703
Chamberlain,860,5,5,#ffb703
Chamberlain,870,5,5,#ffb703
Chamberlain,880,5,5,#ffb703
Chamberlain,890,5,5,#ffb703
Chamberlain,900,5,5,#ffb703
Chamberlain,910,5,5,#ffb703
Chamberlain,920,5,5,#ffb703
Chamberlain,930,5,5,#ffb703
Chamberlain,940,5,5,#ffb703
Chamberlain,950,5,5,#ffb703
Chamberlain,960,5,5,#ffb703
Chamberlain,970,5,5,#ffb703
Chamberlain,980,5,5,#ffb703
Chamberlain,990,5,5,#ffb703
Chamberlain,1000,5,5,#ffb703
Churchill,10,0,0,#ffb703
Churchill,20,0,0,#ffb703
Churchill,30,0,0,#ffb703
Churchill,40,0,0,#ffb703
Churchill,50,0,0,#ffb703
Churchill,60,0,0,#ffb703
Churchill,70,0,0,#ffb703
Churchill,80,0,0,#ffb703
Churchill,90,0,0,#ffb703
Churchill,100,0,0,#ffb703
Churchill,110,0,0,#ffb703
Churchill,120,0,0,#ffb703
Churchill,130,0,0,#ffb703
Churchill,140,0,0,#ffb703
Churchill,150,0,0,#ffb703
Churchill,160,0,0,#ffb703
Churchill,170,0,0,#ffb703
Churchill,180,0,0,#ffb703
Churchill,190,0,0,#ffb703
Churchill,200,0,0,#ffb703
Churchill,210,0,0,#ffb703
Churchill,220,0,0,#ffb703
Churchill,230,0,0,#ffb703
Churchill,240,0,0,#ffb703
Churchill,250,0,0,#ffb703
Churchill,260,1,0,#ffb703
Churchill,270,1,1,#ffb703
Churchill,280,1,1,#ffb703
Churchill,290,1,1,#ffb703
Churchill,300,1,1,#ffb703
Churchill,310,1,1,#ffb703
Churchill,320,1,1,#ffb703
Churchill,330,1,1,#ffb703
Churchill,340,1,1,#ffb703
Churchill,350,1,1,#ffb703
Churchill,360,1,1,#ffb703
Churchill,370,1,1,#ffb703
Churchill,380,1,1,#ffb703
Churchill,390,1,1,#ffb703
Churchill,400,1,1,#ffb703
Churchill,410,1,1,#ffb703
Churchill,420,1,1,#ffb703
Churchill,430,1,1,#ffb703
Churchill,440,1,1,#ffb703
Churchill,450,1,1,#ffb703
Churchill,460,1,1,#ffb703
Churchill,470,1,1,#ffb703
Churchill,480,1,1,#ffb703
Churchill,490,1,1,#ffb703
Churchill,500,1,1,#ffb703
Churchill,510,1,1,#ffb703
Churchill,520,1,1,#ffb703
Churchill,530,1,1,#ffb703
Churchill,540,1,1,#ffb703
Churchill,550,1,1,#ffb703
Churchill,560,1,1,#ffb703
Churchill,570,1,1,#ffb703
Churchill,580,1,1,#ffb703
Churchill,590,1,1,#ffb703
Churchill,600,1,1,#ffb703
Churchill,610,1,1,#ffb703
Churchill,620,1,1,#ffb703
Churchill,630,1,1,#ffb703
Churchill,640,1,1,#ffb703
Churchill,650,1,1,#ffb703
Churchill,660,1,1,#ffb703
Churchill,670,1,1,#ffb703
Churchill,680,1,1,#ffb703
Churchill,690,1,1,#ffb703
Churchill,700,1,1,#ffb703
Churchill,710,1,1,#ffb703
Churchill,720,1,1,#ffb703
Churchill,730,1,1,#ffb703
Churchill,740,1,1,#ffb703
Churchill,750,1,1,#ffb703
Churchill,760,1,1,#ffb703
Churchill,770,1,1,#ffb703
Churchill,780,1,1,#ffb703
Churchill,790,1,1,#ffb703
Churchill,800,1,1,#ffb703
Churchill,810,1,1,#ffb703
Churchill,820,1,1,#ffb703
Churchill,830,1,1,#ffb703
Churchill,840,1,1,#ffb703
Churchill,850,1,1,#ffb703
Churchill,860,1,1,#ffb703
Churchill,870,1,1,#ffb703
Churchill,880,1,1,#ffb703
Churchill,890,1,1,#ffb703
Churchill,900,1,1,#ffb703
Churchill,910,1,1,#ffb703
Churchill,920,1,1,#ffb703
Churchill,930,1,1,#ffb703
Churchill,940,1,1,#ffb703
Churchill,950,1,1,#ffb703
Churchill,960,1,1,#ffb703
Churchill,970,1,1,#ffb703
Churchill,980,1,1,#ffb703
Churchill,990,1,1,#ffb703
Churchill,1000,1,1,#ffb703
Attlee,10,0,0,#ee3224
Attlee,20,0,0,#ee3224
Attlee,30,0,0,#ee3224
Attlee,40,0,0,#ee3224
Attlee,50,0,0,#ee3224
Attlee,60,0,0,#ee3224
Attlee,70,0,0,#ee3224
Attlee,80,0,0,#ee3224
Attlee,90,0,0,#ee3224
Attlee,100,0,0,#ee3224
Attlee,110,0,0,#ee3224
Attlee,120,0,0,#ee3224
Attlee,130,0,0,#ee3224
Attlee,140,0,0,#ee3224
Attlee,150,0,0,#ee3224
Attlee,160,0,0,#ee3224
Attlee,170,0,0,#ee3224
Attlee,180,0,0,#ee3224
Attlee,190,0,0,#ee3224
Attlee,200,0,0,#ee3224
Attlee,210,0,0,#ee3224
Attlee,220,0,0,#ee3224
Attlee,230,0,0,#ee3224
Attlee,240,0,0,#ee3224
Attlee,250,0,0,#ee3224
Attlee,260,0,0,#ee3224
Attlee,270,0,0,#ee3224
Attlee,280,0,0,#ee3224
Attlee,290,0,0,#ee3224
Attlee,300,0,0,#ee3224
Attlee,310,1,0,#ee3224
Attlee,320,1,1,#ee3224
Attlee,330,1,1,#ee3224
Attlee,340,1,1,#ee3224
Attlee,350,1,1,#ee3224
Attlee,360,1,1,#ee3224
Attlee,370,1,1,#ee3224
Attlee,380,1,1,#ee3224
Attlee,390,1,1,#ee3224
Attlee,400,1,1,#ee3224
Attlee,410,1,1,#ee3224
Attlee,420,1,1,#ee3224
Attlee,430,1,1,#ee3224
Attlee,440,1,1,#ee3224
Attlee,450,1,1,#ee3224
Attlee,460,1,1,#ee3224
Attlee,470,1,1,#ee3224
Attlee,480,1,1,#ee3224
Attlee,490,1,1,#ee3224
Attlee,500,1,1,#ee3224
Attlee,510,1,1,#ee3224
Attlee,520,1,1,#ee3224
Attlee,530,1,1,#ee3224
Attlee,540,1,1,#ee3224
Attlee,550,1,1,#ee3224
Attlee,560,1,1,#ee3224
Attlee,570,1,1,#ee3224
Attlee,580,1,1,#ee3224
Attlee,590,1,1,#ee3224
Attlee,600,1,1,#ee3224
Attlee,610,1,1,#ee3224
Attlee,620,1,1,#ee3224
Attlee,630,1,1,#ee3224
Attlee,640,1,1,#ee3224
Attlee,650,1,1,#ee3224
Attlee,660,1,1,#ee3224
Attlee,670,1,1,#ee3224
Attlee,680,1,1,#ee3224
Attlee,690,1,1,#ee3224
Attlee,700,1,1,#ee3224
Attlee,710,1,1,#ee3224
Attlee,720,1,1,#ee3224
Attlee,730,1,1,#ee3224
Attlee,740,1,1,#ee3224
Attlee,750,1,1,#ee3224
Attlee,760,1,1,#ee3224
Attlee,770,1,1,#ee3224
Attlee,780,1,1,#ee3224
Attlee,790,1,1,#ee3224
Attlee,800,1,1,#ee3224
Attlee,810,1,1,#ee3224
Attlee,820,1,1,#ee3224
Attlee,830,1,1,#ee3224
Attlee,840,2,1,#ee3224
Attlee,850,2,2,#ee3224
Attlee,860,2,2,#ee3224
Attlee,870,2,2,#ee3224
Attlee,880,2,2,#ee3224
Attlee,890,2,2,#ee3224
Attlee,900,2,2,#ee3224
Attlee,910,2,2,#ee3224
Attlee,920,2,2,#ee3224
Attlee,930,2,2,#ee3224
Attlee,940,2,2,#ee3224
Attlee,950,2,2,#ee3224
Attlee,960,2,2,#ee3224
Attlee,970,2,2,#ee3224
Attlee,980,2,2,#ee3224
Attlee,990,2,2,#ee3224
Attlee,1000,2,2,#ee3224
Eden,10,0,0,#ffb703
Eden,20,0,0,#ffb703
Eden,30,0,0,#ffb703
Eden,40,0,0,#ffb703
Eden,50,0,0,#ffb703
Eden,60,0,0,#ffb703
Eden,70,0,0,#ffb703
Eden,80,0,0,#ffb703
Eden,90,0,0,#ffb703
Eden,100,0,0,#ffb703
Eden,110,0,0,#ffb703
Eden,120,0,0,#ffb703
Eden,130,0,0,#ffb703
Eden,140,0,0,#ffb703
Eden,150,0,0,#ffb703
Eden,160,0,0,#ffb703
Eden,170,0,0,#ffb703
Eden,180,0,0,#ffb703
Eden,190,0,0,#ffb703
Eden,200,0,0,#ffb703
Eden,210,0,0,#ffb703
Eden,220,0,0,#ffb703
Eden,230,0,0,#ffb703
Eden,240,0,0,#ffb703
Eden,250,0,0,#ffb703
Eden,260,0,0,#ffb703
Eden,270,0,0,#ffb703
Eden,280,0,0,#ffb703
Eden,290,0,0,#ffb703
Eden,300,0,0,#ffb703
Eden,310,0,0,#ffb703
Eden,320,0,0,#ffb703
Eden,330,0,0,#ffb703
Eden,340,0,0,#ffb703
Eden,350,0,0,#ffb703
Eden,360,0,0,#ffb703
Eden,370,0,0,#ffb703
Eden,380,0,0,#ffb703
Eden,390,0,0,#ffb703
Eden,400,0,0,#ffb703
Eden,410,0,0,#ffb703
Eden,420,0,0,#ffb703
Eden,430,0,0,#ffb703
Eden,440,0,0,#ffb703
Eden,450,0,0,#ffb703
Eden,460,0,0,#ffb703
Eden,470,0,0,#ffb703
Eden,480,0,0,#ffb703
Eden,490,0,0,#ffb703
Eden,500,0,0,#ffb703
Eden,510,0,0,#ffb703
Eden,520,0,0,#ffb703
Eden,530,0,0,#ffb703
Eden,540,0,0,#ffb703
Eden,550,0,0,#ffb703
Eden,560,0,0,#ffb703
Eden,570,0,0,#ffb703
Eden,580,2,0,#ffb703
Eden,590,2,2,#ffb703
Eden,600,2,2,#ffb703
Eden,610,2,2,#ffb703
Eden,620,2,2,#ffb703
Eden,630,2,2,#ffb703
Eden,640,2,2,#ffb703
Eden,650,2,2,#ffb703
Eden,660,2,2,#ffb703
Eden,670,2,2,#ffb703
Eden,680,2,2,#ffb703
Eden,690,2,2,#ffb703
Eden,700,2,2,#ffb703
Eden,710,2,2,#ffb703
Eden,720,2,2,#ffb703
Eden,730,2,2,#ffb703
Eden,740,2,2,#ffb703
Eden,750,2,2,#ffb703
Eden,760,2,2,#ffb703
Eden,770,2,2,#ffb703
Eden,780,2,2,#ffb703
Eden,790,2,2,#ffb703
Eden,800,2,2,#ffb703
Eden,810,2,2,#ffb703
Eden,820,2,2,#ffb703
Eden,830,2,2,#ffb703
Eden,840,2,2,#ffb703
Eden,850,2,2,#ffb703
Eden,860,2,2,#ffb703
Eden,870,2,2,#ffb703
Eden,880,2,2,#ffb703
Eden,890,2,2,#ffb703
Eden,900,2,2,#ffb703
Eden,910,2,2,#ffb703
Eden,920,2,2,#ffb703
Eden,930,2,2,#ffb703
Eden,940,2,2,#ffb703
Eden,950,2,2,#ffb703
Eden,960,2,2,#ffb703
Eden,970,2,2,#ffb703
Eden,980,2,2,#ffb703
Eden,990,2,2,#ffb703
Eden,1000,2,2,#ffb703
Macmillan,10,0,0,#ffb703
Macmillan,20,0,0,#ffb703
Macmillan,30,0,0,#ffb703
Macmillan,40,0,0,#ffb703
Macmillan,50,0,0,#ffb703
Macmillan,60,0,0,#ffb703
Macmillan,70,0,0,#ffb703
Macmillan,80,1,0,#ffb703
Macmillan,90,1,1,#ffb703
Macmillan,100,1,1,#ffb703
Macmillan,110,1,1,#ffb703
Macmillan,120,1,1,#ffb703
Macmillan,130,1,1,#ffb703
Macmillan,140,1,1,#ffb703
Macmillan,150,1,1,#ffb703
Macmillan,160,1,1,#ffb703
Macmillan,170,1,1,#ffb703
Macmillan,180,1,1,#ffb703
Macmillan,190,1,1,#ffb703
Macmillan,200,1,1,#ffb703
Macmillan,210,1,1,#ffb703
Macmillan,220,1,1,#ffb703
Macmillan,230,1,1,#ffb703
Macmillan,240,1,1,#ffb703
Macmillan,250,1,1,#ffb703
Macmillan,260,1,1,#ffb703
Macmillan,270,1,1,#ffb703
Macmillan,280,1,1,#ffb703
Macmillan,290,1,1,#ffb703
Macmillan,300,1,1,#ffb703
Macmillan,310,1,1,#ffb703
Macmillan,320,1,1,#ffb703
Macmillan,330,1,1,#ffb703
Macmillan,340,1,1,#ffb703
Macmillan,350,1,1,#ffb703
Macmillan,360,1,1,#ffb703
Macmillan,370,4,1,#ffb703
Macmillan,380,4,4,#ffb703
Macmillan,390,4,4,#ffb703
Macmillan,400,4,4,#ffb703
Macmillan,410,4,4,#ffb703
Macmillan,420,4,4,#ffb703
Macmillan,430,4,4,#ffb703
Macmillan,440,4,4,#ffb703
Macmillan,450,4,4,#ffb703
Macmillan,460,4,4,#ffb703
Macmillan,470,4,4,#ffb703
Macmillan,480,4,4,#ffb703
Macmillan,490,4,4,#ffb703
Macmillan,500,4,4,#ffb703
Macmillan,510,4,4,#ffb703
Macmillan,520,4,4,#ffb703
Macmillan,530,4,4,#ffb703
Macmillan,540,4,4,#ffb703
Macmillan,550,4,4,#ffb703
Macmillan,560,4,4,#ffb703
Macmillan,570,4,4,#ffb703
Macmillan,580,4,4,#ffb703
Macmillan,590,4,4,#ffb703
Macmillan,600,4,4,#ffb703
Macmillan,610,4,4,#ffb703
Macmillan,620,4,4,#ffb703
Macmillan,630,4,4,#ffb703
Macmillan,640,4,4,#ffb703
Macmillan,650,4,4,#ffb703
Macmillan,660,4,4,#ffb703
Macmillan,670,4,4,#ffb703
Macmillan,680,5,4,#ffb703
Macmillan,690,5,5,#ffb703
Macmillan,700,5,5,#ffb703
Macmillan,710,5,5,#ffb703
Macmillan,720,5,5,#ffb703
Macmillan,730,5,5,#ffb703
Macmillan,740,5,5,#ffb703
Macmillan,750,5,5,#ffb703
Macmillan,760,5,5,#ffb703
Macmillan,770,5,5,#ffb703
Macmillan,780,5,5,#ffb703
Macmillan,790,5,5,#ffb703
Macmillan,800,5,5,#ffb703
Macmillan,810,5,5,#ffb703
Macmillan,820,5,5,#ffb703
Macmillan,830,5,5,#ffb703
Macmillan,840,5,5,#ffb703
Macmillan,850,5,5,#ffb703
Macmillan,860,5,5,#ffb703
Macmillan,870,5,5,#ffb703
Macmillan,880,5,5,#ffb703
Macmillan,890,5,5,#ffb703
Macmillan,900,5,5,#ffb703
Macmillan,910,5,5,#ffb703
Macmillan,920,5,5,#ffb703
Macmillan,930,5,5,#ffb703
Macmillan,940,5,5,#ffb703
Macmillan,950,5,5,#ffb703
Macmillan,960,5,5,#ffb703
Macmillan,970,5,5,#ffb703
Macmillan,980,5,5,#ffb703
Macmillan,990,5,5,#ffb703
Macmillan,1000,5,5,#ffb703
Wilson,10,0,0,#ee3224
Wilson,20,0,0,#ee3224
Wilson,30,0,0,#ee3224
Wilson,40,0,0,#ee3224
Wilson,50,0,0,#ee3224
Wilson,60,0,0,#ee3224
Wilson,70,0,0,#ee3224
Wilson,80,0,0,#ee3224
Wilson,90,0,0,#ee3224
Wilson,100,0,0,#ee3224
Wilson,110,0,0,#ee3224
Wilson,120,0,0,#ee3224
Wilson,130,0,0,#ee3224
Wilson,140,0,0,#ee3224
Wilson,150,0,0,#ee3224
Wilson,160,0,0,#ee3224
Wilson,170,0,0,#ee3224
Wilson,180,0,0,#ee3224
Wilson,190,0,0,#ee3224
Wilson,200,0,0,#ee3224
Wilson,210,0,0,#ee3224
Wilson,220,0,0,#ee3224
Wilson,230,0,0,#ee3224
Wilson,240,0,0,#ee3224
Wilson,250,0,0,#ee3224
Wilson,260,0,0,#ee3224
Wilson,270,0,0,#ee3224
Wilson,280,0,0,#ee3224
Wilson,290,0,0,#ee3224
Wilson,300,0,0,#ee3224
Wilson,310,0,0,#ee3224
Wilson,320,0,0,#ee3224
Wilson,330,0,0,#ee3224
Wilson,340,0,0,#ee3224
Wilson,350,0,0,#ee3224
Wilson,360,0,0,#ee3224
Wilson,370,0,0,#ee3224
Wilson,380,0,0,#ee3224
Wilson,390,0,0,#ee3224
Wilson,400,0,0,#ee3224
Wilson,410,0,0,#ee3224
Wilson,420,0,0,#ee3224
Wilson,430,0,0,#ee3224
Wilson,440,0,0,#ee3224
Wilson,450,0,0,#ee3224
Wilson,460,0,0,#ee3224
Wilson,470,0,0,#ee3224
Wilson,480,0,0,#ee3224
Wilson,490,0,0,#ee3224
Wilson,500,1,0,#ee3224
Wilson,510,1,1,#ee3224
Wilson,520,1,1,#ee3224
Wilson,530,1,1,#ee3224
Wilson,540,1,1,#ee3224
Wilson,550,1,1,#ee3224
Wilson,560,1,1,#ee3224
Wilson,570,1,1,#ee3224
Wilson,580,1,1,#ee3224
Wilson,590,1,1,#ee3224
Wilson,600,1,1,#ee3224
Wilson,610,1,1,#ee3224
Wilson,620,1,1,#ee3224
Wilson,630,2,1,#ee3224
Wilson,640,2,2,#ee3224
Wilson,650,2,2,#ee3224
Wilson,660,2,2,#ee3224
Wilson,670,2,2,#ee3224
Wilson,680,2,2,#ee3224
Wilson,690,2,2,#ee3224
Wilson,700,2,2,#ee3224
Wilson,710,2,2,#ee3224
Wilson,720,2,2,#ee3224
Wilson,730,2,2,#ee3224
Wilson,740,2,2,#ee3224
Wilson,750,2,2,#ee3224
Wilson,760,2,2,#ee3224
Wilson,770,2,2,#ee3224
Wilson,780,2,2,#ee3224
Wilson,790,2,2,#ee3224
Wilson,800,2,2,#ee3224
Wilson,810,2,2,#ee3224
Wilson,820,2,2,#ee3224
Wilson,830,2,2,#ee3224
Wilson,840,2,2,#ee3224
Wilson,850,2,2,#ee3224
Wilson,860,2,2,#ee3224
Wilson,870,2,2,#ee3224
Wilson,880,2,2,#ee3224
Wilson,890,2,2,#ee3224
Wilson,900,2,2,#ee3224
Wilson,910,2,2,#ee3224
Wilson,920,2,2,#ee3224
Wilson,930,2,2,#ee3224
Wilson,940,2,2,#ee3224
Wilson,950,2,2,#ee3224
Wilson,960,2,2,#ee3224
Wilson,970,2,2,#ee3224
Wilson,980,2,2,#ee3224
Wilson,990,2,2,#ee3224
Wilson,1000,2,2,#ee3224
Heath,10,0,0,#ffb703
Heath,20,0,0,#ffb703
Heath,30,0,0,#ffb703
Heath,40,0,0,#ffb703
Heath,50,0,0,#ffb703
Heath,60,0,0,#ffb703
Heath,70,0,0,#ffb703
Heath,80,0,0,#ffb703
Heath,90,0,0,#ffb703
Heath,100,0,0,#ffb703
Heath,110,0,0,#ffb703
Heath,120,0,0,#ffb703
Heath,130,0,0,#ffb703
Heath,140,0,0,#ffb703
Heath,150,0,0,#ffb703
Heath,160,0,0,#ffb703
Heath,170,0,0,#ffb703
Heath,180,0,0,#ffb703
Heath,190,0,0,#ffb703
Heath,200,0,0,#ffb703
Heath,210,0,0,#ffb703
Heath,220,0,0,#ffb703
Heath,230,0,0,#ffb703
Heath,240,0,0,#ffb703
Heath,250,0,0,#ffb703
Heath,260,0,0,#ffb703
Heath,270,0,0,#ffb703
Heath,280,0,0,#ffb703
Heath,290,0,0,#ffb703
Heath,300,0,0,#ffb703
Heath,310,0,0,#ffb703
Heath,320,0,0,#ffb703
Heath,330,0,0,#ffb703
Heath,340,0,0,#ffb703
Heath,350,0,0,#ffb703
Heath,360,0,0,#ffb703
Heath,370,0,0,#ffb703
Heath,380,0,0,#ffb703
Heath,390,0,0,#ffb703
Heath,400,0,0,#ffb703
Heath,410,1,0,#ffb703
Heath,420,1,1,#ffb703
Heath,430,1,1,#ffb703
Heath,440,1,1,#ffb703
Heath,450,1,1,#ffb703
Heath,460,1,1,#ffb703
Heath,470,1,1,#ffb703
Heath,480,1,1,#ffb703
Heath,490,2,1,#ffb703
Heath,500,2,2,#ffb703
Heath,510,2,2,#ffb703
Heath,520,2,2,#ffb703
Heath,530,2,2,#ffb703
Heath,540,2,2,#ffb703
Heath,550,2,2,#ffb703
Heath,560,2,2,#ffb703
Heath,570,2,2,#ffb703
Heath,580,2,2,#ffb703
Heath,590,2,2,#ffb703
Heath,600,2,2,#ffb703
Heath,610,2,2,#ffb703
Heath,620,2,2,#ffb703
Heath,630,2,2,#ffb703
Heath,640,2,2,#ffb703
Heath,650,2,2,#ffb703
Heath,660,2,2,#ffb703
Heath,670,2,2,#ffb703
Heath,680,2,2,#ffb703
Heath,690,2,2,#ffb703
Heath,700,2,2,#ffb703
Heath,710,2,2,#ffb703
Heath,720,2,2,#ffb703
Heath,730,2,2,#ffb703
Heath,740,2,2,#ffb703
Heath,750,2,2,#ffb703
Heath,760,2,2,#ffb703
Heath,770,3,2,#ffb703
Heath,780,3,3,#ffb703
Heath,790,3,3,#ffb703
Heath,800,3,3,#ffb703
Heath,810,3,3,#ffb703
Heath,820,3,3,#ffb703
Heath,830,3,3,#ffb703
Heath,840,3,3,#ffb703
Heath,850,3,3,#ffb703
Heath,860,3,3,#ffb703
Heath,870,3,3,#ffb703
Heath,880,3,3,#ffb703
Heath,890,3,3,#ffb703
Heath,900,3,3,#ffb703
Heath,910,3,3,#ffb703
Heath,920,3,3,#ffb703
Heath,930,3,3,#ffb703
Heath,940,3,3,#ffb703
Heath,950,3,3,#ffb703
Heath,960,3,3,#ffb703
Heath,970,3,3,#ffb703
Heath,980,3,3,#ffb703
Heath,990,3,3,#ffb703
Heath,1000,3,3,#ffb703
Callaghan,10,0,0,#ee3224
Callaghan,20,0,0,#ee3224
Callaghan,30,0,0,#ee3224
Callaghan,40,0,0,#ee3224
Callaghan,50,0,0,#ee3224
Callaghan,60,0,0,#ee3224
Callaghan,70,0,0,#ee3224
Callaghan,80,0,0,#ee3224
Callaghan,90,0,0,#ee3224
Callaghan,100,0,0,#ee3224
Callaghan,110,0,0,#ee3224
Callaghan,120,0,0,#ee3224
Callaghan,130,0,0,#ee3224
Callaghan,140,0,0,#ee3224
Callaghan,150,0,0,#ee3224
Callaghan,160,0,0,#ee3224
Callaghan,170,0,0,#ee3224
Callaghan,180,0,0,#ee3224
Callaghan,190,0,0,#ee3224
Callaghan,200,0,0,#ee3224
Callaghan,210,0,0,#ee3224
Callaghan,220,0,0,#ee3224
Callaghan,230,0,0,#ee3224
Callaghan,240,0,0,#ee3224
Callaghan,250,0,0,#ee3224
Callaghan,260,1,0,#ee3224
Callaghan,270,1,1,#ee3224
Callaghan,280,1,1,#ee3224
Callaghan,290,1,1,#ee3224
Callaghan,300,1,1,#ee3224
Callaghan,310,1,1,#ee3224
Callaghan,320,1,1,#ee3224
Callaghan,330,1,1,#ee3224
Callaghan,340,1,1,#ee3224
Callaghan,350,1,1,#ee3224
Callaghan,360,1,1,#ee3224
Callaghan,370,1,1,#ee3224
Callaghan,380,1,1,#ee3224
Callaghan,390,1,1,#ee3224
Callaghan,400,1,1,#ee3224
Callaghan,410,1,1,#ee3224
Callaghan,420,1,1,#ee3224
Callaghan,430,1,1,#ee3224
Callaghan,440,1,1,#ee3224
Callaghan,450,1,1,#ee3224
Callaghan,460,1,1,#ee3224
Callaghan,470,1,1,#ee3224
Callaghan,480,1,1,#ee3224
Callaghan,490,1,1,#ee3224
Callaghan,500,1,1,#ee3224
Callaghan,510,1,1,#ee3224
Callaghan,520,1,1,#ee3224
Callaghan,530,1,1,#ee3224
Callaghan,540,1,1,#ee3224
Callaghan,550,1,1,#ee3224
Callaghan,560,1,1,#ee3224
Callaghan,570,1,1,#ee3224
Callaghan,580,1,1,#ee3224
Callaghan,590,2,1,#ee3224
Callaghan,600,2,2,#ee3224
Callaghan,610,2,2,#ee3224
Callaghan,620,2,2,#ee3224
Callaghan,630,2,2,#ee3224
Callaghan,640,2,2,#ee3224
Callaghan,650,2,2,#ee3224
Callaghan,660,2,2,#ee3224
Callaghan,670,2,2,#ee3224
Callaghan,680,2,2,#ee3224
Callaghan,690,2,2,#ee3224
Callaghan,700,2,2,#ee3224
Callaghan,710,2,2,#ee3224
Callaghan,720,2,2,#ee3224
Callaghan,730,2,2,#ee3224
Callaghan,740,2,2,#ee3224
Callaghan,750,2,2,#ee3224
Callaghan,760,2,2,#ee3224
Callaghan,770,2,2,#ee3224
Callaghan,780,2,2,#ee3224
Callaghan,790,2,2,#ee3224
Callaghan,800,2,2,#ee3224
Callaghan,810,2,2,#ee3224
Callaghan,820,2,2,#ee3224
Callaghan,830,2,2,#ee3224
Callaghan,840,2,2,#ee3224
Callaghan,850,2,2,#ee3224
Callaghan,860,2,2,#ee3224
Callaghan,870,2,2,#ee3224
Callaghan,880,2,2,#ee3224
Callaghan,890,2,2,#ee3224
Callaghan,900,2,2,#ee3224
Callaghan,910,2,2,#ee3224
Callaghan,920,2,2,#ee3224
Callaghan,930,2,2,#ee3224
Callaghan,940,2,2,#ee3224
Callaghan,950,2,2,#ee3224
Callaghan,960,3,2,#ee3224
Callaghan,970,3,3,#ee3224
Callaghan,980,3,3,#ee3224
Callaghan,990,3,3,#ee3224
Callaghan,1000,3,3,#ee3224
Thatcher,10,0,0,#ffb703
Thatcher,20,0,0,#ffb703
Thatcher,30,0,0,#ffb703
Thatcher,40,0,0,#ffb703
Thatcher,50,0,0,#ffb703
Thatcher,60,0,0,#ffb703
Thatcher,70,0,0,#ffb703
Thatcher,80,0,0,#ffb703
Thatcher,90,0,0,#ffb703
Thatcher,100,0,0,#ffb703
Thatcher,110,0,0,#ffb703
Thatcher,120,0,0,#ffb703
Thatcher,130,0,0,#ffb703
Thatcher,140,0,0,#ffb703
Thatcher,150,0,0,#ffb703
Thatcher,160,0,0,#ffb703
Thatcher,170,0,0,#ffb703
Thatcher,180,0,0,#ffb703
Thatcher,190,0,0,#ffb703
Thatcher,200,0,0,#ffb703
Thatcher,210,0,0,#ffb703
Thatcher,220,0,0,#ffb703
Thatcher,230,0,0,#ffb703
Thatcher,240,0,0,#ffb703
Thatcher,250,0,0,#ffb703
Thatcher,260,0,0,#ffb703
Thatcher,270,0,0,#ffb703
Thatcher,280,0,0,#ffb703
Thatcher,290,0,0,#ffb703
Thatcher,300,0,0,#ffb703
Thatcher,310,0,0,#ffb703
Thatcher,320,0,0,#ffb703
Thatcher,330,0,0,#ffb703
Thatcher,340,0,0,#ffb703
Thatcher,350,0,0,#ffb703
Thatcher,360,0,0,#ffb703
Thatcher,370,0,0,#ffb703
Thatcher,380,0,0,#ffb703
Thatcher,390,0,0,#ffb703
Thatcher,400,0,0,#ffb703
Thatcher,410,0,0,#ffb703
Thatcher,420,0,0,#ffb703
Thatcher,430,0,0,#ffb703
Thatcher,440,0,0,#ffb703
Thatcher,450,0,0,#ffb703
Thatcher,460,0,0,#ffb703
Thatcher,470,0,0,#ffb703
Thatcher,480,0,0,#ffb703
Thatcher,490,0,0,#ffb703
Thatcher,500,0,0,#ffb703
Thatcher,510,0,0,#ffb703
Thatcher,520,0,0,#ffb703
Thatcher,530,0,0,#ffb703
Thatcher,540,0,0,#ffb703
Thatcher,550,0,0,#ffb703
Thatcher,560,0,0,#ffb703
Thatcher,570,0,0,#ffb703
Thatcher,580,0,0,#ffb703
Thatcher,590,0,0,#ffb703
Thatcher,600,0,0,#ffb703
Thatcher,610,0,0,#ffb703
Thatcher,620,0,0,#ffb703
Thatcher,630,0,0,#ffb703
Thatcher,640,0,0,#ffb703
Thatcher,650,0,0,#ffb703
Thatcher,660,0,0,#ffb703
Thatcher,670,0,0,#ffb703
Thatcher,680,0,0,#ffb703
Thatcher,690,0,0,#ffb703
Thatcher,700,0,0,#ffb703
Thatcher,710,0,0,#ffb703
Thatcher,720,0,0,#ffb703
Thatcher,730,0,0,#ffb703
Thatcher,740,0,0,#ffb703
Thatcher,750,0,0,#ffb703
Thatcher,760,0,0,#ffb703
Thatcher,770,0,0,#ffb703
Thatcher,780,0,0,#ffb703
Thatcher,790,0,0,#ffb703
Thatcher,800,0,0,#ffb703
Thatcher,810,0,0,#ffb703
Thatcher,820,0,0,#ffb703
Thatcher,830,0,0,#ffb703
Thatcher,840,0,0,#ffb703
Thatcher,850,0,0,#ffb703
Thatcher,860,0,0,#ffb703
Thatcher,870,0,0,#ffb703
Thatcher,880,0,0,#ffb703
Thatcher,890,0,0,#ffb703
Thatcher,900,0,0,#ffb703
Thatcher,910,0,0,#ffb703
Thatcher,920,0,0,#ffb703
Thatcher,930,0,0,#ffb703
Thatcher,940,0,0,#ffb703
Thatcher,950,0,0,#ffb703
Thatcher,960,0,0,#ffb703
Thatcher,970,0,0,#ffb703
Thatcher,980,0,0,#ffb703
Thatcher,990,0,0,#ffb703
Thatcher,1000,1,0,#ffb703
Major,10,0,0,#ffb703
Major,20,0,0,#ffb703
Major,30,0,0,#ffb703
Major,40,0,0,#ffb703
Major,50,0,0,#ffb703
Major,60,0,0,#ffb703
Major,70,0,0,#ffb703
Major,80,0,0,#ffb703
Major,90,0,0,#ffb703
Major,100,0,0,#ffb703
Major,110,0,0,#ffb703
Major,120,0,0,#ffb703
Major,130,0,0,#ffb703
Major,140,0,0,#ffb703
Major,150,0,0,#ffb703
Major,160,0,0,#ffb703
Major,170,0,0,#ffb703
Major,180,1,0,#ffb703
Major,190,1,1,#ffb703
Major,200,1,1,#ffb703
Major,210,1,1,#ffb703
Major,220,1,1,#ffb703
Major,230,1,1,#ffb703
Major,240,1,1,#ffb703
Major,250,1,1,#ffb703
Major,260,1,1,#ffb703
Major,270,1,1,#ffb703
Major,280,1,1,#ffb703
Major,290,1,1,#ffb703
Major,300,1,1,#ffb703
Major,310,1,1,#ffb703
Major,320,1,1,#ffb703
Major,330,1,1,#ffb703
Major,340,1,1,#ffb703
Major,350,1,1,#ffb703
Major,360,1,1,#ffb703
Major,370,1,1,#ffb703
Major,380,1,1,#ffb703
Major,390,1,1,#ffb703
Major,400,1,1,#ffb703
Major,410,1,1,#ffb703
Major,420,1,1,#ffb703
Major,430,1,1,#ffb703
Major,440,1,1,#ffb703
Major,450,1,1,#ffb703
Major,460,1,1,#ffb703
Major,470,1,1,#ffb703
Major,480,1,1,#ffb703
Major,490,1,1,#ffb703
Major,500,1,1,#ffb703
Major,510,1,1,#ffb703
Major,520,1,1,#ffb703
Major,530,1,1,#ffb703
Major,540,1,1,#ffb703
Major,550,1,1,#ffb703
Major,560,1,1,#ffb703
Major,570,1,1,#ffb703
Major,580,1,1,#ffb703
Major,590,1,1,#ffb703
Major,600,1,1,#ffb703
Major,610,1,1,#ffb703
Major,620,1,1,#ffb703
Major,630,1,1,#ffb703
Major,640,1,1,#ffb703
Major,650,1,1,#ffb703
Major,660,1,1,#ffb703
Major,670,2,1,#ffb703
Major,680,2,2,#ffb703
Major,690,2,2,#ffb703
Major,700,2,2,#ffb703
Major,710,2,2,#ffb703
Major,720,2,2,#ffb703
Major,730,2,2,#ffb703
Major,740,2,2,#ffb703
Major,750,3,2,#ffb703
Major,760,3,3,#ffb703
Major,770,3,3,#ffb703
Major,780,3,3,#ffb703
Major,790,3,3,#ffb703
Major,800,3,3,#ffb703
Major,810,3,3,#ffb703
Major,820,3,3,#ffb703
Major,830,3,3,#ffb703
Major,840,3,3,#ffb703
Major,850,3,3,#ffb703
Major,860,3,3,#ffb703
Major,870,3,3,#ffb703
Major,880,3,3,#ffb703
Major,890,3,3,#ffb703
Major,900,3,3,#ffb703
Major,910,3,3,#ffb703
Major,920,3,3,#ffb703
Major,930,3,3,#ffb703
Major,940,4,3,#ffb703
Major,950,4,4,#ffb703
Major,960,4,4,#ffb703
Major,970,4,4,#ffb703
Major,980,4,4,#ffb703
Major,990,4,4,#ffb703
Major,1000,4,4,#ffb703
Blair,10,1,0,#ee3224
Blair,20,1,1,#ee3224
Blair,30,1,1,#ee3224
Blair,40,1,1,#ee3224
Blair,50,1,1,#ee3224
Blair,60,1,1,#ee3224
Blair,70,1,1,#ee3224
Blair,80,1,1,#ee3224
Blair,90,1,1,#ee3224
Blair,100,1,1,#ee3224
Blair,110,1,1,#ee3224
Blair,120,1,1,#ee3224
Blair,130,1,1,#ee3224
Blair,140,1,1,#ee3224
Blair,150,1,1,#ee3224
Blair,160,1,1,#ee3224
Blair,170,1,1,#ee3224
Blair,180,1,1,#ee3224
Blair,190,1,1,#ee3224
Blair,200,1,1,#ee3224
Blair,210,1,1,#ee3224
Blair,220,1,1,#ee3224
Blair,230,2,1,#ee3224
Blair,240,2,2,#ee3224
Blair,250,2,2,#ee3224
Blair,260,2,2,#ee3224
Blair,270,2,2,#ee3224
Blair,280,2,2,#ee3224
Blair,290,2,2,#ee3224
Blair,300,2,2,#ee3224
Blair,310,2,2,#ee3224
Blair,320,2,2,#ee3224
Blair,330,2,2,#ee3224
Blair,340,2,2,#ee3224
Blair,350,2,2,#ee3224
Blair,360,2,2,#ee3224
Blair,370,2,2,#ee3224
Blair,380,2,2,#ee3224
Blair,390,2,2,#ee3224
Blair,400,2,2,#ee3224
Blair,410,2,2,#ee3224
Blair,420,2,2,#ee3224
Blair,430,2,2,#ee3224
Blair,440,2,2,#ee3224
Blair,450,2,2,#ee3224
Blair,460,2,2,#ee3224
Blair,470,2,2,#ee3224
Blair,480,2,2,#ee3224
Blair,490,2,2,#ee3224
Blair,500,2,2,#ee3224
Blair,510,2,2,#ee3224
Blair,520,2,2,#ee3224
Blair,530,2,2,#ee3224
Blair,540,3,2,#ee3224
Blair,550,3,3,#ee3224
Blair,560,3,3,#ee3224
Blair,570,3,3,#ee3224
Blair,580,3,3,#ee3224
Blair,590,3,3,#ee3224
Blair,600,5,3,#ee3224
Blair,610,5,5,#ee3224
Blair,620,5,5,#ee3224
Blair,630,5,5,#ee3224
Blair,640,5,5,#ee3224
Blair,650,5,5,#ee3224
Blair,660,5,5,#ee3224
Blair,670,5,5,#ee3224
Blair,680,5,5,#ee3224
Blair,690,5,5,#ee3224
Blair,700,5,5,#ee3224
Blair,710,6,5,#ee3224
Blair,720,6,6,#ee3224
Blair,730,6,6,#ee3224
Blair,740,6,6,#ee3224
Blair,750,7,6,#ee3224
Blair,760,7,7,#ee3224
Blair,770,7,7,#ee3224
Blair,780,7,7,#ee3224
Blair,790,7,7,#ee3224
Blair,800,7,7,#ee3224
Blair,810,7,7,#ee3224
Blair,820,8,7,#ee3224
Blair,830,8,8,#ee3224
Blair,840,8,8,#ee3224
Blair,850,8,8,#ee3224
Blair,860,8,8,#ee3224
Blair,870,8,8,#ee3224
Blair,880,8,8,#ee3224
Blair,890,8,8,#ee3224
Blair,900,8,8,#ee3224
Blair,910,8,8,#ee3224
Blair,920,8,8,#ee3224
Blair,930,8,8,#ee3224
Blair,940,8,8,#ee3224
Blair,950,9,8,#ee3224
Blair,960,9,9,#ee3224
Blair,970,9,9,#ee3224
Blair,980,10,9,#ee3224
Blair,990,10,10,#ee3224
Blair,1000,10,10,#ee3224
Brown,10,0,0,#ee3224
Brown,20,0,0,#ee3224
Brown,30,0,0,#ee3224
Brown,40,0,0,#ee3224
Brown,50,0,0,#ee3224
Brown,60,0,0,#ee3224
Brown,70,0,0,#ee3224
Brown,80,0,0,#ee3224
Brown,90,0,0,#ee3224
Brown,100,0,0,#ee3224
Brown,110,0,0,#ee3224
Brown,120,1,0,#ee3224
Brown,130,1,1,#ee3224
Brown,140,2,1,#ee3224
Brown,150,2,2,#ee3224
Brown,160,2,2,#ee3224
Brown,170,2,2,#ee3224
Brown,180,2,2,#ee3224
Brown,190,2,2,#ee3224
Brown,200,2,2,#ee3224
Brown,210,2,2,#ee3224
Brown,220,3,2,#ee3224
Brown,230,3,3,#ee3224
Brown,240,3,3,#ee3224
Brown,250,3,3,#ee3224
Brown,260,3,3,#ee3224
Brown,270,3,3,#ee3224
Brown,280,3,3,#ee3224
Brown,290,3,3,#ee3224
Brown,300,3,3,#ee3224
Brown,310,3,3,#ee3224
Brown,320,3,3,#ee3224
Brown,330,3,3,#ee3224
Brown,340,3,3,#ee3224
Brown,350,3,3,#ee3224
Brown,360,3,3,#ee3224
Brown,370,3,3,#ee3224
Brown,380,3,3,#ee3224
Brown,390,3,3,#ee3224
Brown,400,3,3,#ee3224
Brown,410,3,3,#ee3224
Brown,420,3,3,#ee3224
Brown,430,3,3,#ee3224
Brown,440,3,3,#ee3224
Brown,450,5,3,#ee3224
Brown,460,5,5,#ee3224
Brown,470,5,5,#ee3224
Brown,480,5,5,#ee3224
Brown,490,5,5,#ee3224
Brown,500,5,5,#ee3224
Brown,510,5,5,#ee3224
Brown,520,5,5,#ee3224
Brown,530,5,5,#ee3224
Brown,540,5,5,#ee3224
Brown,550,5,5,#ee3224
Brown,560,5,5,#ee3224
Brown,570,5,5,#ee3224
Brown,580,5,5,#ee3224
Brown,590,5,5,#ee3224
Brown,600,5,5,#ee3224
Brown,610,5,5,#ee3224
Brown,620,5,5,#ee3224
Brown,630,5,5,#ee3224
Brown,640,5,5,#ee3224
Brown,650,5,5,#ee3224
Brown,660,5,5,#ee3224
Brown,670,5,5,#ee3224
Brown,680,5,5,#ee3224
Brown,690,5,5,#ee3224
Brown,700,5,5,#ee3224
Brown,710,7,5,#ee3224
Brown,720,9,7,#ee3224
Brown,730,9,9,#ee3224
Brown,740,9,9,#ee3224
Brown,750,9,9,#ee3224
Brown,760,12,9,#ee3224
Brown,770,12,12,#ee3224
Brown,780,12,12,#ee3224
Brown,790,12,12,#ee3224
Brown,800,12,12,#ee3224
Brown,810,12,12,#ee3224
Brown,820,12,12,#ee3224
Brown,830,13,12,#ee3224
Brown,840,13,13,#ee3224
Brown,850,13,13,#ee3224
Brown,860,13,13,#ee3224
Brown,870,13,13,#ee3224
Brown,880,13,13,#ee3224
Brown,890,13,13,#ee3224
Brown,900,13,13,#ee3224
Brown,910,13,13,#ee3224
Brown,920,13,13,#ee3224
Brown,930,13,13,#ee3224
Brown,940,13,13,#ee3224
Brown,950,13,13,#ee3224
Brown,960,13,13,#ee3224
Brown,970,13,13,#ee3224
Brown,980,13,13,#ee3224
Brown,990,13,13,#ee3224
Brown,1000,13,13,#ee3224
Cameron,10,0,0,#ffb703
Cameron,20,1,0,#ffb703
Cameron,30,1,1,#ffb703
Cameron,40,1,1,#ffb703
Cameron,50,1,1,#ffb703
Cameron,60,1,1,#ffb703
Cameron,70,1,1,#ffb703
Cameron,80,1,1,#ffb703
Cameron,90,1,1,#ffb703
Cameron,100,1,1,#ffb703
Cameron,110,1,1,#ffb703
Cameron,120,1,1,#ffb703
Cameron,130,1,1,#ffb703
Cameron,140,1,1,#ffb703
Cameron,150,1,1,#ffb703
Cameron,160,1,1,#ffb703
Cameron,170,1,1,#ffb703
Cameron,180,1,1,#ffb703
Cameron,190,1,1,#ffb703
Cameron,200,1,1,#ffb703
Cameron,210,1,1,#ffb703
Cameron,220,1,1,#ffb703
Cameron,230,1,1,#ffb703
Cameron,240,1,1,#ffb703
Cameron,250,1,1,#ffb703
Cameron,260,1,1,#ffb703
Cameron,270,1,1,#ffb703
Cameron,280,1,1,#ffb703
Cameron,290,1,1,#ffb703
Cameron,300,1,1,#ffb703
Cameron,310,1,1,#ffb703
Cameron,320,1,1,#ffb703
Cameron,330,1,1,#ffb703
Cameron,340,1,1,#ffb703
Cameron,350,1,1,#ffb703
Cameron,360,1,1,#ffb703
Cameron,370,1,1,#ffb703
Cameron,380,1,1,#ffb703
Cameron,390,1,1,#ffb703
Cameron,400,1,1,#ffb703
Cameron,410,1,1,#ffb703
Cameron,420,1,1,#ffb703
Cameron,430,1,1,#ffb703
Cameron,440,1,1,#ffb703
Cameron,450,1,1,#ffb703
Cameron,460,1,1,#ffb703
Cameron,470,1,1,#ffb703
Cameron,480,1,1,#ffb703
Cameron,490,1,1,#ffb703
Cameron,500,1,1,#ffb703
Cameron,510,1,1,#ffb703
Cameron,520,1,1,#ffb703
Cameron,530,2,1,#ffb703
Cameron,540,2,2,#ffb703
Cameron,550,2,2,#ffb703
Cameron,560,2,2,#ffb703
Cameron,570,2,2,#ffb703
Cameron,580,2,2,#ffb703
Cameron,590,2,2,#ffb703
Cameron,600,2,2,#ffb703
Cameron,610,2,2,#ffb703
Cameron,620,2,2,#ffb703
Cameron,630,2,2,#ffb703
Cameron,640,3,2,#ffb703
Cameron,650,3,3,#ffb703
Cameron,660,3,3,#ffb703
Cameron,670,3,3,#ffb703
Cameron,680,3,3,#ffb703
Cameron,690,3,3,#ffb703
Cameron,700,3,3,#ffb703
Cameron,710,3,3,#ffb703
Cameron,720,3,3,#ffb703
Cameron,730,3,3,#ffb703
Cameron,740,3,3,#ffb703
Cameron,750,3,3,#ffb703
Cameron,760,3,3,#ffb703
Cameron,770,3,3,#ffb703
Cameron,780,3,3,#ffb703
Cameron,790,3,3,#ffb703
Cameron,800,3,3,#ffb703
Cameron,810,3,3,#ffb703
Cameron,820,3,3,#ffb703
Cameron,830,3,3,#ffb703
Cameron,840,3,3,#ffb703
Cameron,850,3,3,#ffb703
Cameron,860,3,3,#ffb703
Cameron,870,3,3,#ffb703
Cameron,880,3,3,#ffb703
Cameron,890,3,3,#ffb703
Cameron,900,4,3,#ffb703
Cameron,910,4,4,#ffb703
Cameron,920,4,4,#ffb703
Cameron,930,4,4,#ffb703
Cameron,940,4,4,#ffb703
Cameron,950,4,4,#ffb703
Cameron,960,4,4,#ffb703
Cameron,970,4,4,#ffb703
Cameron,980,5,4,#ffb703
Cameron,990,5,5,#ffb703
Cameron,1000,5,5,#ffb703
May,10,0,0,#ffb703
May,20,0,0,#ffb703
May,30,0,0,#ffb703
May,40,0,0,#ffb703
May,50,0,0,#ffb703
May,60,0,0,#ffb703
May,70,0,0,#ffb703
May,80,1,0,#ffb703
May,90,1,1,#ffb703
May,100,1,1,#ffb703
May,110,1,1,#ffb703
May,120,1,1,#ffb703
May,130,1,1,#ffb703
May,140,1,1,#ffb703
May,150,1,1,#ffb703
May,160,1,1,#ffb703
May,170,1,1,#ffb703
May,180,1,1,#ffb703
May,190,1,1,#ffb703
May,200,1,1,#ffb703
May,210,1,1,#ffb703
May,220,1,1,#ffb703
May,230,1,1,#ffb703
May,240,1,1,#ffb703
May,250,1,1,#ffb703
May,260,1,1,#ffb703
May,270,1,1,#ffb703
May,280,1,1,#ffb703
May,290,1,1,#ffb703
May,300,1,1,#ffb703
May,310,1,1,#ffb703
May,320,1,1,#ffb703
May,330,1,1,#ffb703
May,340,2,1,#ffb703
May,350,2,2,#ffb703
May,360,2,2,#ffb703
May,370,2,2,#ffb703
May,380,2,2,#ffb703
May,390,2,2,#ffb703
May,400,2,2,#ffb703
May,410,2,2,#ffb703
May,420,2,2,#ffb703
May,430,2,2,#ffb703
May,440,2,2,#ffb703
May,450,2,2,#ffb703
May,460,2,2,#ffb703
May,470,2,2,#ffb703
May,480,4,2,#ffb703
May,490,5,4,#ffb703
May,500,5,5,#ffb703
May,510,5,5,#ffb703
May,520,5,5,#ffb703
May,530,6,5,#ffb703
May,540,6,6,#ffb703
May,550,6,6,#ffb703
May,560,6,6,#ffb703
May,570,6,6,#ffb703
May,580,6,6,#ffb703
May,590,6,6,#ffb703
May,600,6,6,#ffb703
May,610,6,6,#ffb703
May,620,6,6,#ffb703
May,630,6,6,#ffb703
May,640,6,6,#ffb703
May,650,6,6,#ffb703
May,660,7,6,#ffb703
May,670,7,7,#ffb703
May,680,7,7,#ffb703
May,690,7,7,#ffb703
May,700,8,7,#ffb703
May,710,9,8,#ffb703
May,720,9,9,#ffb703
May,730,13,9,#ffb703
May,740,14,13,#ffb703
May,750,14,14,#ffb703
May,760,14,14,#ffb703
May,770,14,14,#ffb703
May,780,14,14,#ffb703
May,790,14,14,#ffb703
May,800,14,14,#ffb703
May,810,14,14,#ffb703
May,820,14,14,#ffb703
May,830,14,14,#ffb703
May,840,14,14,#ffb703
May,850,16,14,#ffb703
May,860,20,16,#ffb703
May,870,21,20,#ffb703
May,880,21,21,#ffb703
May,890,22,21,#ffb703
May,900,22,22,#ffb703
May,910,22,22,#ffb703
May,920,23,22,#ffb703
May,930,23,23,#ffb703
May,940,23,23,#ffb703
May,950,23,23,#ffb703
May,960,24,23,#ffb703
May,970,24,24,#ffb703
May,980,25,24,#ffb703
May,990,28,25,#ffb703
May,1000,30,28,#ffb703
