name,subGroup,year,value,lastValue,tcolour
Attlee,from July 1945,10,0,0,#ee3224
Attlee,from July 1945,20,0,0,#ee3224
Attlee,from July 1945,30,0,0,#ee3224
Attlee,from July 1945,40,0,0,#ee3224
Attlee,from July 1945,50,0,0,#ee3224
Attlee,from July 1945,60,0,0,#ee3224
Attlee,from July 1945,70,0,0,#ee3224
Attlee,from July 1945,80,0,0,#ee3224
Attlee,from July 1945,90,0,0,#ee3224
Attlee,from July 1945,100,0,0,#ee3224
Attlee,from July 1945,110,0,0,#ee3224
Attlee,from July 1945,120,0,0,#ee3224
Attlee,from July 1945,130,0,0,#ee3224
Attlee,from July 1945,140,0,0,#ee3224
Attlee,from July 1945,150,0,0,#ee3224
Attlee,from July 1945,160,0,0,#ee3224
Attlee,from July 1945,170,0,0,#ee3224
Attlee,from July 1945,180,0,0,#ee3224
Attlee,from July 1945,190,0,0,#ee3224
Attlee,from July 1945,200,0,0,#ee3224
Attlee,from July 1945,210,0,0,#ee3224
Attlee,from July 1945,220,0,0,#ee3224
Attlee,from July 1945,230,0,0,#ee3224
Attlee,from July 1945,240,0,0,#ee3224
Attlee,from July 1945,250,0,0,#ee3224
Attlee,from July 1945,260,0,0,#ee3224
Attlee,from July 1945,270,0,0,#ee3224
Attlee,from July 1945,280,0,0,#ee3224
Attlee,from July 1945,290,0,0,#ee3224
Attlee,from July 1945,300,0,0,#ee3224
Attlee,from July 1945,310,1,0,#ee3224
Attlee,from July 1945,320,1,1,#ee3224
Attlee,from July 1945,330,1,1,#ee3224
Attlee,from July 1945,340,1,1,#ee3224
Attlee,from July 1945,350,1,1,#ee3224
Attlee,from July 1945,360,1,1,#ee3224
Attlee,from July 1945,370,1,1,#ee3224
Attlee,from July 1945,380,1,1,#ee3224
Attlee,from July 1945,390,1,1,#ee3224
Attlee,from July 1945,400,1,1,#ee3224
Attlee,from July 1945,410,1,1,#ee3224
Attlee,from July 1945,420,1,1,#ee3224
Attlee,from July 1945,430,1,1,#ee3224
Attlee,from July 1945,440,1,1,#ee3224
Attlee,from July 1945,450,1,1,#ee3224
Attlee,from July 1945,460,1,1,#ee3224
Attlee,from July 1945,470,1,1,#ee3224
Attlee,from July 1945,480,1,1,#ee3224
Attlee,from July 1945,490,1,1,#ee3224
Attlee,from July 1945,500,1,1,#ee3224
Attlee,from July 1945,510,1,1,#ee3224
Attlee,from July 1945,520,1,1,#ee3224
Attlee,from July 1945,530,1,1,#ee3224
Attlee,from July 1945,540,1,1,#ee3224
Attlee,from July 1945,550,1,1,#ee3224
Attlee,from July 1945,560,1,1,#ee3224
Attlee,from July 1945,570,1,1,#ee3224
Attlee,from July 1945,580,1,1,#ee3224
Attlee,from July 1945,590,1,1,#ee3224
Attlee,from July 1945,600,1,1,#ee3224
Attlee,from July 1945,610,1,1,#ee3224
Attlee,from July 1945,620,1,1,#ee3224
Attlee,from July 1945,630,1,1,#ee3224
Attlee,from July 1945,640,1,1,#ee3224
Attlee,from July 1945,650,1,1,#ee3224
Attlee,from July 1945,660,1,1,#ee3224
Attlee,from July 1945,670,1,1,#ee3224
Attlee,from July 1945,680,1,1,#ee3224
Attlee,from July 1945,690,1,1,#ee3224
Attlee,from July 1945,700,1,1,#ee3224
Attlee,from July 1945,710,1,1,#ee3224
Attlee,from July 1945,720,1,1,#ee3224
Attlee,from July 1945,730,1,1,#ee3224
Attlee,from July 1945,740,1,1,#ee3224
Attlee,from July 1945,750,1,1,#ee3224
Attlee,from July 1945,760,1,1,#ee3224
Attlee,from July 1945,770,1,1,#ee3224
Attlee,from July 1945,780,1,1,#ee3224
Attlee,from July 1945,790,1,1,#ee3224
Attlee,from July 1945,800,1,1,#ee3224
Attlee,from July 1945,810,1,1,#ee3224
Attlee,from July 1945,820,1,1,#ee3224
Attlee,from July 1945,830,1,1,#ee3224
Attlee,from July 1945,840,2,1,#ee3224
Attlee,from July 1945,850,2,2,#ee3224
Attlee,from July 1945,860,2,2,#ee3224
Attlee,from July 1945,870,2,2,#ee3224
Attlee,from July 1945,880,2,2,#ee3224
Attlee,from July 1945,890,2,2,#ee3224
Attlee,from July 1945,900,2,2,#ee3224
Attlee,from July 1945,910,2,2,#ee3224
Attlee,from July 1945,920,2,2,#ee3224
Attlee,from July 1945,930,2,2,#ee3224
Attlee,from July 1945,940,2,2,#ee3224
Attlee,from July 1945,950,2,2,#ee3224
Attlee,from July 1945,960,2,2,#ee3224
Attlee,from July 1945,970,2,2,#ee3224
Attlee,from July 1945,980,2,2,#ee3224
Attlee,from July 1945,990,2,2,#ee3224
Attlee,from July 1945,1000,2,2,#ee3224
Baldwin,from July 1945,10,0,0,#00539f
Baldwin,from May 1923,20,0,0,#00539f
Baldwin,from May 1923,30,0,0,#00539f
Baldwin,from May 1923,40,0,0,#00539f
Baldwin,from May 1923,50,0,0,#00539f
Baldwin,from May 1923,60,0,0,#00539f
Baldwin,from May 1923,70,0,0,#00539f
Baldwin,from May 1923,80,0,0,#00539f
Baldwin,from May 1923,90,0,0,#00539f
Baldwin,from May 1923,100,0,0,#00539f
Baldwin,from May 1923,110,0,0,#00539f
Baldwin,from May 1923,120,0,0,#00539f
Baldwin,from May 1923,130,0,0,#00539f
Baldwin,from May 1923,140,0,0,#00539f
Baldwin,from May 1923,150,0,0,#00539f
Baldwin,from May 1923,160,0,0,#00539f
Baldwin,from May 1923,170,0,0,#00539f
Baldwin,from May 1923,180,1,0,#00539f
Baldwin,from May 1923,190,1,1,#00539f
Baldwin,from May 1923,200,1,1,#00539f
Baldwin,from May 1923,210,1,1,#00539f
Baldwin,from May 1923,220,1,1,#00539f
Baldwin,from May 1923,230,1,1,#00539f
Baldwin,from May 1923,240,1,1,#00539f
Baldwin,from May 1923,250,1,1,#00539f
Baldwin,from May 1923,260,1,1,#00539f
Baldwin,from May 1923,270,1,1,#00539f
Baldwin,from May 1923,280,1,1,#00539f
Baldwin,from May 1923,290,1,1,#00539f
Baldwin,from May 1923,300,1,1,#00539f
Baldwin,from May 1923,310,1,1,#00539f
Baldwin,from May 1923,320,1,1,#00539f
Baldwin,from May 1923,330,1,1,#00539f
Baldwin,from May 1923,340,1,1,#00539f
Baldwin,from May 1923,350,1,1,#00539f
Baldwin,from May 1923,360,1,1,#00539f
Baldwin,from May 1923,370,1,1,#00539f
Baldwin,from May 1923,380,1,1,#00539f
Baldwin,from May 1923,390,1,1,#00539f
Baldwin,from May 1923,400,1,1,#00539f
Baldwin,from May 1923,410,1,1,#00539f
Baldwin,from May 1923,420,1,1,#00539f
Baldwin,from May 1923,430,1,1,#00539f
Baldwin,from May 1923,440,1,1,#00539f
Baldwin,from May 1923,450,1,1,#00539f
Baldwin,from May 1923,460,1,1,#00539f
Baldwin,from May 1923,470,1,1,#00539f
Baldwin,from May 1923,480,1,1,#00539f
Baldwin,from May 1923,490,1,1,#00539f
Baldwin,from May 1923,500,1,1,#00539f
Baldwin,from May 1923,510,1,1,#00539f
Baldwin,from May 1923,520,1,1,#00539f
Baldwin,from May 1923,530,1,1,#00539f
Baldwin,from May 1923,540,1,1,#00539f
Baldwin,from May 1923,550,1,1,#00539f
Baldwin,from May 1923,560,1,1,#00539f
Baldwin,from May 1923,570,1,1,#00539f
Baldwin,from May 1923,580,1,1,#00539f
Baldwin,from May 1923,590,1,1,#00539f
Baldwin,from May 1923,600,1,1,#00539f
Baldwin,from May 1923,610,1,1,#00539f
Baldwin,from May 1923,620,1,1,#00539f
Baldwin,from May 1923,630,1,1,#00539f
Baldwin,from May 1923,640,1,1,#00539f
Baldwin,from May 1923,650,1,1,#00539f
Baldwin,from May 1923,660,1,1,#00539f
Baldwin,from May 1923,670,1,1,#00539f
Baldwin,from May 1923,680,1,1,#00539f
Baldwin,from May 1923,690,1,1,#00539f
Baldwin,from May 1923,700,1,1,#00539f
Baldwin,from May 1923,710,1,1,#00539f
Baldwin,from May 1923,720,1,1,#00539f
Baldwin,from May 1923,730,1,1,#00539f
Baldwin,from May 1923,740,1,1,#00539f
Baldwin,from May 1923,750,1,1,#00539f
Baldwin,from May 1923,760,1,1,#00539f
Baldwin,from May 1923,770,1,1,#00539f
Baldwin,from May 1923,780,1,1,#00539f
Baldwin,from May 1923,790,1,1,#00539f
Baldwin,from May 1923,800,1,1,#00539f
Baldwin,from May 1923,810,1,1,#00539f
Baldwin,from May 1923,820,1,1,#00539f
Baldwin,from May 1923,830,1,1,#00539f
Baldwin,from May 1923,840,1,1,#00539f
Baldwin,from May 1923,850,1,1,#00539f
Baldwin,from May 1923,860,1,1,#00539f
Baldwin,from May 1923,870,1,1,#00539f
Baldwin,from May 1923,880,1,1,#00539f
Baldwin,from May 1923,890,1,1,#00539f
Baldwin,from May 1923,900,1,1,#00539f
Baldwin,from May 1923,910,1,1,#00539f
Baldwin,from May 1923,920,1,1,#00539f
Baldwin,from May 1923,930,1,1,#00539f
Baldwin,from May 1923,940,1,1,#00539f
Baldwin,from May 1923,950,1,1,#00539f
Baldwin,from May 1923,960,1,1,#00539f
Baldwin,from May 1923,970,1,1,#00539f
Baldwin,from May 1923,980,1,1,#00539f
Baldwin,from May 1923,990,1,1,#00539f
Baldwin,from May 1923,1000,1,1,#00539f
Balfour,from July 1902,10,0,0,#00539f
Balfour,from July 1902,20,0,0,#00539f
Balfour,from July 1902,30,0,0,#00539f
Balfour,from July 1902,40,0,0,#00539f
Balfour,from July 1902,50,0,0,#00539f
Balfour,from July 1902,60,0,0,#00539f
Balfour,from July 1902,70,0,0,#00539f
Balfour,from July 1902,80,0,0,#00539f
Balfour,from July 1902,90,0,0,#00539f
Balfour,from July 1902,100,0,0,#00539f
Balfour,from July 1902,110,0,0,#00539f
Balfour,from July 1902,120,0,0,#00539f
Balfour,from July 1902,130,0,0,#00539f
Balfour,from July 1902,140,0,0,#00539f
Balfour,from July 1902,150,0,0,#00539f
Balfour,from July 1902,160,0,0,#00539f
Balfour,from July 1902,170,0,0,#00539f
Balfour,from July 1902,180,0,0,#00539f
Balfour,from July 1902,190,0,0,#00539f
Balfour,from July 1902,200,0,0,#00539f
Balfour,from July 1902,210,0,0,#00539f
Balfour,from July 1902,220,0,0,#00539f
Balfour,from July 1902,230,0,0,#00539f
Balfour,from July 1902,240,0,0,#00539f
Balfour,from July 1902,250,0,0,#00539f
Balfour,from July 1902,260,0,0,#00539f
Balfour,from July 1902,270,0,0,#00539f
Balfour,from July 1902,280,0,0,#00539f
Balfour,from July 1902,290,0,0,#00539f
Balfour,from July 1902,300,0,0,#00539f
Balfour,from July 1902,310,0,0,#00539f
Balfour,from July 1902,320,0,0,#00539f
Balfour,from July 1902,330,0,0,#00539f
Balfour,from July 1902,340,0,0,#00539f
Balfour,from July 1902,350,0,0,#00539f
Balfour,from July 1902,360,0,0,#00539f
Balfour,from July 1902,370,0,0,#00539f
Balfour,from July 1902,380,0,0,#00539f
Balfour,from July 1902,390,0,0,#00539f
Balfour,from July 1902,400,0,0,#00539f
Balfour,from July 1902,410,0,0,#00539f
Balfour,from July 1902,420,0,0,#00539f
Balfour,from July 1902,430,5,0,#00539f
Balfour,from July 1902,440,5,5,#00539f
Balfour,from July 1902,450,5,5,#00539f
Balfour,from July 1902,460,5,5,#00539f
Balfour,from July 1902,470,5,5,#00539f
Balfour,from July 1902,480,5,5,#00539f
Balfour,from July 1902,490,5,5,#00539f
Balfour,from July 1902,500,5,5,#00539f
Balfour,from July 1902,510,5,5,#00539f
Balfour,from July 1902,520,5,5,#00539f
Balfour,from July 1902,530,5,5,#00539f
Balfour,from July 1902,540,5,5,#00539f
Balfour,from July 1902,550,5,5,#00539f
Balfour,from July 1902,560,5,5,#00539f
Balfour,from July 1902,570,5,5,#00539f
Balfour,from July 1902,580,5,5,#00539f
Balfour,from July 1902,590,5,5,#00539f
Balfour,from July 1902,600,5,5,#00539f
Balfour,from July 1902,610,5,5,#00539f
Balfour,from July 1902,620,5,5,#00539f
Balfour,from July 1902,630,5,5,#00539f
Balfour,from July 1902,640,5,5,#00539f
Balfour,from July 1902,650,5,5,#00539f
Balfour,from July 1902,660,5,5,#00539f
Balfour,from July 1902,670,5,5,#00539f
Balfour,from July 1902,680,5,5,#00539f
Balfour,from July 1902,690,5,5,#00539f
Balfour,from July 1902,700,5,5,#00539f
Balfour,from July 1902,710,5,5,#00539f
Balfour,from July 1902,720,5,5,#00539f
Balfour,from July 1902,730,5,5,#00539f
Balfour,from July 1902,740,5,5,#00539f
Balfour,from July 1902,750,5,5,#00539f
Balfour,from July 1902,760,5,5,#00539f
Balfour,from July 1902,770,5,5,#00539f
Balfour,from July 1902,780,5,5,#00539f
Balfour,from July 1902,790,5,5,#00539f
Balfour,from July 1902,800,5,5,#00539f
Balfour,from July 1902,810,5,5,#00539f
Balfour,from July 1902,820,5,5,#00539f
Balfour,from July 1902,830,5,5,#00539f
Balfour,from July 1902,840,5,5,#00539f
Balfour,from July 1902,850,5,5,#00539f
Balfour,from July 1902,860,5,5,#00539f
Balfour,from July 1902,870,5,5,#00539f
Balfour,from July 1902,880,5,5,#00539f
Balfour,from July 1902,890,5,5,#00539f
Balfour,from July 1902,900,5,5,#00539f
Balfour,from July 1902,910,5,5,#00539f
Balfour,from July 1902,920,5,5,#00539f
Balfour,from July 1902,930,5,5,#00539f
Balfour,from July 1902,940,5,5,#00539f
Balfour,from July 1902,950,5,5,#00539f
Balfour,from July 1902,960,5,5,#00539f
Balfour,from July 1902,970,6,5,#00539f
Balfour,from July 1902,980,6,6,#00539f
Balfour,from July 1902,990,6,6,#00539f
Balfour,from July 1902,1000,6,6,#00539f
Blair,from May 1997,10,1,0,#ee3224
Blair,from May 1997,20,1,1,#ee3224
Blair,from May 1997,30,1,1,#ee3224
Blair,from May 1997,40,1,1,#ee3224
Blair,from May 1997,50,1,1,#ee3224
Blair,from May 1997,60,1,1,#ee3224
Blair,from May 1997,70,1,1,#ee3224
Blair,from May 1997,80,1,1,#ee3224
Blair,from May 1997,90,1,1,#ee3224
Blair,from May 1997,100,1,1,#ee3224
Blair,from May 1997,110,1,1,#ee3224
Blair,from May 1997,120,1,1,#ee3224
Blair,from May 1997,130,1,1,#ee3224
Blair,from May 1997,140,1,1,#ee3224
Blair,from May 1997,150,1,1,#ee3224
Blair,from May 1997,160,1,1,#ee3224
Blair,from May 1997,170,1,1,#ee3224
Blair,from May 1997,180,1,1,#ee3224
Blair,from May 1997,190,1,1,#ee3224
Blair,from May 1997,200,1,1,#ee3224
Blair,from May 1997,210,1,1,#ee3224
Blair,from May 1997,220,1,1,#ee3224
Blair,from May 1997,230,2,1,#ee3224
Blair,from May 1997,240,2,2,#ee3224
Blair,from May 1997,250,2,2,#ee3224
Blair,from May 1997,260,2,2,#ee3224
Blair,from May 1997,270,2,2,#ee3224
Blair,from May 1997,280,2,2,#ee3224
Blair,from May 1997,290,2,2,#ee3224
Blair,from May 1997,300,2,2,#ee3224
Blair,from May 1997,310,2,2,#ee3224
Blair,from May 1997,320,2,2,#ee3224
Blair,from May 1997,330,2,2,#ee3224
Blair,from May 1997,340,2,2,#ee3224
Blair,from May 1997,350,2,2,#ee3224
Blair,from May 1997,360,2,2,#ee3224
Blair,from May 1997,370,2,2,#ee3224
Blair,from May 1997,380,2,2,#ee3224
Blair,from May 1997,390,2,2,#ee3224
Blair,from May 1997,400,2,2,#ee3224
Blair,from May 1997,410,2,2,#ee3224
Blair,from May 1997,420,2,2,#ee3224
Blair,from May 1997,430,2,2,#ee3224
Blair,from May 1997,440,2,2,#ee3224
Blair,from May 1997,450,2,2,#ee3224
Blair,from May 1997,460,2,2,#ee3224
Blair,from May 1997,470,2,2,#ee3224
Blair,from May 1997,480,2,2,#ee3224
Blair,from May 1997,490,2,2,#ee3224
Blair,from May 1997,500,2,2,#ee3224
Blair,from May 1997,510,2,2,#ee3224
Blair,from May 1997,520,2,2,#ee3224
Blair,from May 1997,530,2,2,#ee3224
Blair,from May 1997,540,3,2,#ee3224
Blair,from May 1997,550,3,3,#ee3224
Blair,from May 1997,560,3,3,#ee3224
Blair,from May 1997,570,3,3,#ee3224
Blair,from May 1997,580,3,3,#ee3224
Blair,from May 1997,590,3,3,#ee3224
Blair,from May 1997,600,5,3,#ee3224
Blair,from May 1997,610,5,5,#ee3224
Blair,from May 1997,620,5,5,#ee3224
Blair,from May 1997,630,5,5,#ee3224
Blair,from May 1997,640,5,5,#ee3224
Blair,from May 1997,650,5,5,#ee3224
Blair,from May 1997,660,5,5,#ee3224
Blair,from May 1997,670,5,5,#ee3224
Blair,from May 1997,680,5,5,#ee3224
Blair,from May 1997,690,5,5,#ee3224
Blair,from May 1997,700,5,5,#ee3224
Blair,from May 1997,710,6,5,#ee3224
Blair,from May 1997,720,6,6,#ee3224
Blair,from May 1997,730,6,6,#ee3224
Blair,from May 1997,740,6,6,#ee3224
Blair,from May 1997,750,7,6,#ee3224
Blair,from May 1997,760,7,7,#ee3224
Blair,from May 1997,770,7,7,#ee3224
Blair,from May 1997,780,7,7,#ee3224
Blair,from May 1997,790,7,7,#ee3224
Blair,from May 1997,800,7,7,#ee3224
Blair,from May 1997,810,7,7,#ee3224
Blair,from May 1997,820,8,7,#ee3224
Blair,from May 1997,830,8,8,#ee3224
Blair,from May 1997,840,8,8,#ee3224
Blair,from May 1997,850,8,8,#ee3224
Blair,from May 1997,860,8,8,#ee3224
Blair,from May 1997,870,8,8,#ee3224
Blair,from May 1997,880,8,8,#ee3224
Blair,from May 1997,890,8,8,#ee3224
Blair,from May 1997,900,8,8,#ee3224
Blair,from May 1997,910,8,8,#ee3224
Blair,from May 1997,920,8,8,#ee3224
Blair,from May 1997,930,8,8,#ee3224
Blair,from May 1997,940,8,8,#ee3224
Blair,from May 1997,950,9,8,#ee3224
Blair,from May 1997,960,9,9,#ee3224
Blair,from May 1997,970,9,9,#ee3224
Blair,from May 1997,980,10,9,#ee3224
Blair,from May 1997,990,10,10,#ee3224
Blair,from May 1997,1000,10,10,#ee3224
Brown,from June 2007,10,0,0,#ee3224
Brown,from June 2007,20,0,0,#ee3224
Brown,from June 2007,30,0,0,#ee3224
Brown,from June 2007,40,0,0,#ee3224
Brown,from June 2007,50,0,0,#ee3224
Brown,from June 2007,60,0,0,#ee3224
Brown,from June 2007,70,0,0,#ee3224
Brown,from June 2007,80,0,0,#ee3224
Brown,from June 2007,90,0,0,#ee3224
Brown,from June 2007,100,0,0,#ee3224
Brown,from June 2007,110,0,0,#ee3224
Brown,from June 2007,120,1,0,#ee3224
Brown,from June 2007,130,1,1,#ee3224
Brown,from June 2007,140,2,1,#ee3224
Brown,from June 2007,150,2,2,#ee3224
Brown,from June 2007,160,2,2,#ee3224
Brown,from June 2007,170,2,2,#ee3224
Brown,from June 2007,180,2,2,#ee3224
Brown,from June 2007,190,2,2,#ee3224
Brown,from June 2007,200,2,2,#ee3224
Brown,from June 2007,210,2,2,#ee3224
Brown,from June 2007,220,3,2,#ee3224
Brown,from June 2007,230,3,3,#ee3224
Brown,from June 2007,240,3,3,#ee3224
Brown,from June 2007,250,3,3,#ee3224
Brown,from June 2007,260,3,3,#ee3224
Brown,from June 2007,270,3,3,#ee3224
Brown,from June 2007,280,3,3,#ee3224
Brown,from June 2007,290,3,3,#ee3224
Brown,from June 2007,300,3,3,#ee3224
Brown,from June 2007,310,3,3,#ee3224
Brown,from June 2007,320,3,3,#ee3224
Brown,from June 2007,330,3,3,#ee3224
Brown,from June 2007,340,3,3,#ee3224
Brown,from June 2007,350,3,3,#ee3224
Brown,from June 2007,360,3,3,#ee3224
Brown,from June 2007,370,3,3,#ee3224
Brown,from June 2007,380,3,3,#ee3224
Brown,from June 2007,390,3,3,#ee3224
Brown,from June 2007,400,3,3,#ee3224
Brown,from June 2007,410,3,3,#ee3224
Brown,from June 2007,420,3,3,#ee3224
Brown,from June 2007,430,3,3,#ee3224
Brown,from June 2007,440,3,3,#ee3224
Brown,from June 2007,450,5,3,#ee3224
Brown,from June 2007,460,5,5,#ee3224
Brown,from June 2007,470,5,5,#ee3224
Brown,from June 2007,480,5,5,#ee3224
Brown,from June 2007,490,5,5,#ee3224
Brown,from June 2007,500,5,5,#ee3224
Brown,from June 2007,510,5,5,#ee3224
Brown,from June 2007,520,5,5,#ee3224
Brown,from June 2007,530,5,5,#ee3224
Brown,from June 2007,540,5,5,#ee3224
Brown,from June 2007,550,5,5,#ee3224
Brown,from June 2007,560,5,5,#ee3224
Brown,from June 2007,570,5,5,#ee3224
Brown,from June 2007,580,5,5,#ee3224
Brown,from June 2007,590,5,5,#ee3224
Brown,from June 2007,600,5,5,#ee3224
Brown,from June 2007,610,5,5,#ee3224
Brown,from June 2007,620,5,5,#ee3224
Brown,from June 2007,630,5,5,#ee3224
Brown,from June 2007,640,5,5,#ee3224
Brown,from June 2007,650,5,5,#ee3224
Brown,from June 2007,660,5,5,#ee3224
Brown,from June 2007,670,5,5,#ee3224
Brown,from June 2007,680,5,5,#ee3224
Brown,from June 2007,690,5,5,#ee3224
Brown,from June 2007,700,5,5,#ee3224
Brown,from June 2007,710,7,5,#ee3224
Brown,from June 2007,720,9,7,#ee3224
Brown,from June 2007,730,9,9,#ee3224
Brown,from June 2007,740,9,9,#ee3224
Brown,from June 2007,750,9,9,#ee3224
Brown,from June 2007,760,12,9,#ee3224
Brown,from June 2007,770,12,12,#ee3224
Brown,from June 2007,780,12,12,#ee3224
Brown,from June 2007,790,12,12,#ee3224
Brown,from June 2007,800,12,12,#ee3224
Brown,from June 2007,810,12,12,#ee3224
Brown,from June 2007,820,12,12,#ee3224
Brown,from June 2007,830,13,12,#ee3224
Brown,from June 2007,840,13,13,#ee3224
Brown,from June 2007,850,13,13,#ee3224
Brown,from June 2007,860,13,13,#ee3224
Brown,from June 2007,870,13,13,#ee3224
Brown,from June 2007,880,13,13,#ee3224
Brown,from June 2007,890,13,13,#ee3224
Brown,from June 2007,900,13,13,#ee3224
Brown,from June 2007,910,13,13,#ee3224
Brown,from June 2007,920,13,13,#ee3224
Brown,from June 2007,930,13,13,#ee3224
Brown,from June 2007,940,13,13,#ee3224
Brown,from June 2007,950,13,13,#ee3224
Brown,from June 2007,960,13,13,#ee3224
Brown,from June 2007,970,13,13,#ee3224
Brown,from June 2007,980,13,13,#ee3224
Brown,from June 2007,990,13,13,#ee3224
Brown,from June 2007,1000,13,13,#ee3224
Callaghan,from April 1976,10,0,0,#ee3224
Callaghan,from April 1976,20,0,0,#ee3224
Callaghan,from April 1976,30,0,0,#ee3224
Callaghan,from April 1976,40,0,0,#ee3224
Callaghan,from April 1976,50,0,0,#ee3224
Callaghan,from April 1976,60,0,0,#ee3224
Callaghan,from April 1976,70,0,0,#ee3224
Callaghan,from April 1976,80,0,0,#ee3224
Callaghan,from April 1976,90,0,0,#ee3224
Callaghan,from April 1976,100,0,0,#ee3224
Callaghan,from April 1976,110,0,0,#ee3224
Callaghan,from April 1976,120,0,0,#ee3224
Callaghan,from April 1976,130,0,0,#ee3224
Callaghan,from April 1976,140,0,0,#ee3224
Callaghan,from April 1976,150,0,0,#ee3224
Callaghan,from April 1976,160,0,0,#ee3224
Callaghan,from April 1976,170,0,0,#ee3224
Callaghan,from April 1976,180,0,0,#ee3224
Callaghan,from April 1976,190,0,0,#ee3224
Callaghan,from April 1976,200,0,0,#ee3224
Callaghan,from April 1976,210,0,0,#ee3224
Callaghan,from April 1976,220,0,0,#ee3224
Callaghan,from April 1976,230,0,0,#ee3224
Callaghan,from April 1976,240,0,0,#ee3224
Callaghan,from April 1976,250,0,0,#ee3224
Callaghan,from April 1976,260,1,0,#ee3224
Callaghan,from April 1976,270,1,1,#ee3224
Callaghan,from April 1976,280,1,1,#ee3224
Callaghan,from April 1976,290,1,1,#ee3224
Callaghan,from April 1976,300,1,1,#ee3224
Callaghan,from April 1976,310,1,1,#ee3224
Callaghan,from April 1976,320,1,1,#ee3224
Callaghan,from April 1976,330,1,1,#ee3224
Callaghan,from April 1976,340,1,1,#ee3224
Callaghan,from April 1976,350,1,1,#ee3224
Callaghan,from April 1976,360,1,1,#ee3224
Callaghan,from April 1976,370,1,1,#ee3224
Callaghan,from April 1976,380,1,1,#ee3224
Callaghan,from April 1976,390,1,1,#ee3224
Callaghan,from April 1976,400,1,1,#ee3224
Callaghan,from April 1976,410,1,1,#ee3224
Callaghan,from April 1976,420,1,1,#ee3224
Callaghan,from April 1976,430,1,1,#ee3224
Callaghan,from April 1976,440,1,1,#ee3224
Callaghan,from April 1976,450,1,1,#ee3224
Callaghan,from April 1976,460,1,1,#ee3224
Callaghan,from April 1976,470,1,1,#ee3224
Callaghan,from April 1976,480,1,1,#ee3224
Callaghan,from April 1976,490,1,1,#ee3224
Callaghan,from April 1976,500,1,1,#ee3224
Callaghan,from April 1976,510,1,1,#ee3224
Callaghan,from April 1976,520,1,1,#ee3224
Callaghan,from April 1976,530,1,1,#ee3224
Callaghan,from April 1976,540,1,1,#ee3224
Callaghan,from April 1976,550,1,1,#ee3224
Callaghan,from April 1976,560,1,1,#ee3224
Callaghan,from April 1976,570,1,1,#ee3224
Callaghan,from April 1976,580,1,1,#ee3224
Callaghan,from April 1976,590,2,1,#ee3224
Callaghan,from April 1976,600,2,2,#ee3224
Callaghan,from April 1976,610,2,2,#ee3224
Callaghan,from April 1976,620,2,2,#ee3224
Callaghan,from April 1976,630,2,2,#ee3224
Callaghan,from April 1976,640,2,2,#ee3224
Callaghan,from April 1976,650,2,2,#ee3224
Callaghan,from April 1976,660,2,2,#ee3224
Callaghan,from April 1976,670,2,2,#ee3224
Callaghan,from April 1976,680,2,2,#ee3224
Callaghan,from April 1976,690,2,2,#ee3224
Callaghan,from April 1976,700,2,2,#ee3224
Callaghan,from April 1976,710,2,2,#ee3224
Callaghan,from April 1976,720,2,2,#ee3224
Callaghan,from April 1976,730,2,2,#ee3224
Callaghan,from April 1976,740,2,2,#ee3224
Callaghan,from April 1976,750,2,2,#ee3224
Callaghan,from April 1976,760,2,2,#ee3224
Callaghan,from April 1976,770,2,2,#ee3224
Callaghan,from April 1976,780,2,2,#ee3224
Callaghan,from April 1976,790,2,2,#ee3224
Callaghan,from April 1976,800,2,2,#ee3224
Callaghan,from April 1976,810,2,2,#ee3224
Callaghan,from April 1976,820,2,2,#ee3224
Callaghan,from April 1976,830,2,2,#ee3224
Callaghan,from April 1976,840,2,2,#ee3224
Callaghan,from April 1976,850,2,2,#ee3224
Callaghan,from April 1976,860,2,2,#ee3224
Callaghan,from April 1976,870,2,2,#ee3224
Callaghan,from April 1976,880,2,2,#ee3224
Callaghan,from April 1976,890,2,2,#ee3224
Callaghan,from April 1976,900,2,2,#ee3224
Callaghan,from April 1976,910,2,2,#ee3224
Callaghan,from April 1976,920,2,2,#ee3224
Callaghan,from April 1976,930,2,2,#ee3224
Callaghan,from April 1976,940,2,2,#ee3224
Callaghan,from April 1976,950,2,2,#ee3224
Callaghan,from April 1976,960,3,2,#ee3224
Callaghan,from April 1976,970,3,3,#ee3224
Callaghan,from April 1976,980,3,3,#ee3224
Callaghan,from April 1976,990,3,3,#ee3224
Callaghan,from April 1976,1000,3,3,#ee3224
Cameron,from May 2010,10,0,0,#00539f
Cameron,from May 2010,20,1,0,#00539f
Cameron,from May 2010,30,1,1,#00539f
Cameron,from May 2010,40,1,1,#00539f
Cameron,from May 2010,50,1,1,#00539f
Cameron,from May 2010,60,1,1,#00539f
Cameron,from May 2010,70,1,1,#00539f
Cameron,from May 2010,80,1,1,#00539f
Cameron,from May 2010,90,1,1,#00539f
Cameron,from May 2010,100,1,1,#00539f
Cameron,from May 2010,110,1,1,#00539f
Cameron,from May 2010,120,1,1,#00539f
Cameron,from May 2010,130,1,1,#00539f
Cameron,from May 2010,140,1,1,#00539f
Cameron,from May 2010,150,1,1,#00539f
Cameron,from May 2010,160,1,1,#00539f
Cameron,from May 2010,170,1,1,#00539f
Cameron,from May 2010,180,1,1,#00539f
Cameron,from May 2010,190,1,1,#00539f
Cameron,from May 2010,200,1,1,#00539f
Cameron,from May 2010,210,1,1,#00539f
Cameron,from May 2010,220,1,1,#00539f
Cameron,from May 2010,230,1,1,#00539f
Cameron,from May 2010,240,1,1,#00539f
Cameron,from May 2010,250,1,1,#00539f
Cameron,from May 2010,260,1,1,#00539f
Cameron,from May 2010,270,1,1,#00539f
Cameron,from May 2010,280,1,1,#00539f
Cameron,from May 2010,290,1,1,#00539f
Cameron,from May 2010,300,1,1,#00539f
Cameron,from May 2010,310,1,1,#00539f
Cameron,from May 2010,320,1,1,#00539f
Cameron,from May 2010,330,1,1,#00539f
Cameron,from May 2010,340,1,1,#00539f
Cameron,from May 2010,350,1,1,#00539f
Cameron,from May 2010,360,1,1,#00539f
Cameron,from May 2010,370,1,1,#00539f
Cameron,from May 2010,380,1,1,#00539f
Cameron,from May 2010,390,1,1,#00539f
Cameron,from May 2010,400,1,1,#00539f
Cameron,from May 2010,410,1,1,#00539f
Cameron,from May 2010,420,1,1,#00539f
Cameron,from May 2010,430,1,1,#00539f
Cameron,from May 2010,440,1,1,#00539f
Cameron,from May 2010,450,1,1,#00539f
Cameron,from May 2010,460,1,1,#00539f
Cameron,from May 2010,470,1,1,#00539f
Cameron,from May 2010,480,1,1,#00539f
Cameron,from May 2010,490,1,1,#00539f
Cameron,from May 2010,500,1,1,#00539f
Cameron,from May 2010,510,1,1,#00539f
Cameron,from May 2010,520,1,1,#00539f
Cameron,from May 2010,530,2,1,#00539f
Cameron,from May 2010,540,2,2,#00539f
Cameron,from May 2010,550,2,2,#00539f
Cameron,from May 2010,560,2,2,#00539f
Cameron,from May 2010,570,2,2,#00539f
Cameron,from May 2010,580,2,2,#00539f
Cameron,from May 2010,590,2,2,#00539f
Cameron,from May 2010,600,2,2,#00539f
Cameron,from May 2010,610,2,2,#00539f
Cameron,from May 2010,620,2,2,#00539f
Cameron,from May 2010,630,2,2,#00539f
Cameron,from May 2010,640,3,2,#00539f
Cameron,from May 2010,650,3,3,#00539f
Cameron,from May 2010,660,3,3,#00539f
Cameron,from May 2010,670,3,3,#00539f
Cameron,from May 2010,680,3,3,#00539f
Cameron,from May 2010,690,3,3,#00539f
Cameron,from May 2010,700,3,3,#00539f
Cameron,from May 2010,710,3,3,#00539f
Cameron,from May 2010,720,3,3,#00539f
Cameron,from May 2010,730,3,3,#00539f
Cameron,from May 2010,740,3,3,#00539f
Cameron,from May 2010,750,3,3,#00539f
Cameron,from May 2010,760,3,3,#00539f
Cameron,from May 2010,770,3,3,#00539f
Cameron,from May 2010,780,3,3,#00539f
Cameron,from May 2010,790,3,3,#00539f
Cameron,from May 2010,800,3,3,#00539f
Cameron,from May 2010,810,3,3,#00539f
Cameron,from May 2010,820,3,3,#00539f
Cameron,from May 2010,830,3,3,#00539f
Cameron,from May 2010,840,3,3,#00539f
Cameron,from May 2010,850,3,3,#00539f
Cameron,from May 2010,860,3,3,#00539f
Cameron,from May 2010,870,3,3,#00539f
Cameron,from May 2010,880,3,3,#00539f
Cameron,from May 2010,890,3,3,#00539f
Cameron,from May 2010,900,4,3,#00539f
Cameron,from May 2010,910,4,4,#00539f
Cameron,from May 2010,920,4,4,#00539f
Cameron,from May 2010,930,4,4,#00539f
Cameron,from May 2010,940,4,4,#00539f
Cameron,from May 2010,950,4,4,#00539f
Cameron,from May 2010,960,4,4,#00539f
Cameron,from May 2010,970,4,4,#00539f
Cameron,from May 2010,980,5,4,#00539f
Cameron,from May 2010,990,5,5,#00539f
Cameron,from May 2010,1000,5,5,#00539f
Chamberlain,from May 1937,10,0,0,#00539f
Chamberlain,from May 1937,20,0,0,#00539f
Chamberlain,from May 1937,30,0,0,#00539f
Chamberlain,from May 1937,40,0,0,#00539f
Chamberlain,from May 1937,50,0,0,#00539f
Chamberlain,from May 1937,60,0,0,#00539f
Chamberlain,from May 1937,70,0,0,#00539f
Chamberlain,from May 1937,80,0,0,#00539f
Chamberlain,from May 1937,90,0,0,#00539f
Chamberlain,from May 1937,100,0,0,#00539f
Chamberlain,from May 1937,110,0,0,#00539f
Chamberlain,from May 1937,120,0,0,#00539f
Chamberlain,from May 1937,130,0,0,#00539f
Chamberlain,from May 1937,140,0,0,#00539f
Chamberlain,from May 1937,150,0,0,#00539f
Chamberlain,from May 1937,160,0,0,#00539f
Chamberlain,from May 1937,170,0,0,#00539f
Chamberlain,from May 1937,180,0,0,#00539f
Chamberlain,from May 1937,190,0,0,#00539f
Chamberlain,from May 1937,200,0,0,#00539f
Chamberlain,from May 1937,210,0,0,#00539f
Chamberlain,from May 1937,220,0,0,#00539f
Chamberlain,from May 1937,230,0,0,#00539f
Chamberlain,from May 1937,240,0,0,#00539f
Chamberlain,from May 1937,250,0,0,#00539f
Chamberlain,from May 1937,260,0,0,#00539f
Chamberlain,from May 1937,270,2,0,#00539f
Chamberlain,from May 1937,280,2,2,#00539f
Chamberlain,from May 1937,290,2,2,#00539f
Chamberlain,from May 1937,300,2,2,#00539f
Chamberlain,from May 1937,310,2,2,#00539f
Chamberlain,from May 1937,320,2,2,#00539f
Chamberlain,from May 1937,330,2,2,#00539f
Chamberlain,from May 1937,340,2,2,#00539f
Chamberlain,from May 1937,350,3,2,#00539f
Chamberlain,from May 1937,360,4,3,#00539f
Chamberlain,from May 1937,370,4,4,#00539f
Chamberlain,from May 1937,380,4,4,#00539f
Chamberlain,from May 1937,390,4,4,#00539f
Chamberlain,from May 1937,400,4,4,#00539f
Chamberlain,from May 1937,410,4,4,#00539f
Chamberlain,from May 1937,420,4,4,#00539f
Chamberlain,from May 1937,430,4,4,#00539f
Chamberlain,from May 1937,440,4,4,#00539f
Chamberlain,from May 1937,450,4,4,#00539f
Chamberlain,from May 1937,460,4,4,#00539f
Chamberlain,from May 1937,470,4,4,#00539f
Chamberlain,from May 1937,480,4,4,#00539f
Chamberlain,from May 1937,490,4,4,#00539f
Chamberlain,from May 1937,500,5,4,#00539f
Chamberlain,from May 1937,510,5,5,#00539f
Chamberlain,from May 1937,520,5,5,#00539f
Chamberlain,from May 1937,530,5,5,#00539f
Chamberlain,from May 1937,540,5,5,#00539f
Chamberlain,from May 1937,550,5,5,#00539f
Chamberlain,from May 1937,560,5,5,#00539f
Chamberlain,from May 1937,570,5,5,#00539f
Chamberlain,from May 1937,580,5,5,#00539f
Chamberlain,from May 1937,590,5,5,#00539f
Chamberlain,from May 1937,600,5,5,#00539f
Chamberlain,from May 1937,610,5,5,#00539f
Chamberlain,from May 1937,620,5,5,#00539f
Chamberlain,from May 1937,630,5,5,#00539f
Chamberlain,from May 1937,640,5,5,#00539f
Chamberlain,from May 1937,650,5,5,#00539f
Chamberlain,from May 1937,660,5,5,#00539f
Chamberlain,from May 1937,670,5,5,#00539f
Chamberlain,from May 1937,680,5,5,#00539f
Chamberlain,from May 1937,690,5,5,#00539f
Chamberlain,from May 1937,700,5,5,#00539f
Chamberlain,from May 1937,710,5,5,#00539f
Chamberlain,from May 1937,720,5,5,#00539f
Chamberlain,from May 1937,730,5,5,#00539f
Chamberlain,from May 1937,740,5,5,#00539f
Chamberlain,from May 1937,750,5,5,#00539f
Chamberlain,from May 1937,760,5,5,#00539f
Chamberlain,from May 1937,770,5,5,#00539f
Chamberlain,from May 1937,780,5,5,#00539f
Chamberlain,from May 1937,790,5,5,#00539f
Chamberlain,from May 1937,800,5,5,#00539f
Chamberlain,from May 1937,810,5,5,#00539f
Chamberlain,from May 1937,820,5,5,#00539f
Chamberlain,from May 1937,830,5,5,#00539f
Chamberlain,from May 1937,840,5,5,#00539f
Chamberlain,from May 1937,850,5,5,#00539f
Chamberlain,from May 1937,860,5,5,#00539f
Chamberlain,from May 1937,870,5,5,#00539f
Chamberlain,from May 1937,880,5,5,#00539f
Chamberlain,from May 1937,890,5,5,#00539f
Chamberlain,from May 1937,900,5,5,#00539f
Chamberlain,from May 1937,910,5,5,#00539f
Chamberlain,from May 1937,920,5,5,#00539f
Chamberlain,from May 1937,930,5,5,#00539f
Chamberlain,from May 1937,940,5,5,#00539f
Chamberlain,from May 1937,950,5,5,#00539f
Chamberlain,from May 1937,960,5,5,#00539f
Chamberlain,from May 1937,970,5,5,#00539f
Chamberlain,from May 1937,980,5,5,#00539f
Chamberlain,from May 1937,990,5,5,#00539f
Chamberlain,from May 1937,1000,5,5,#00539f
Churchill,from May 1940,10,0,0,#00539f
Churchill,from May 1940,20,0,0,#00539f
Churchill,from May 1940,30,0,0,#00539f
Churchill,from May 1940,40,0,0,#00539f
Churchill,from May 1940,50,0,0,#00539f
Churchill,from May 1940,60,0,0,#00539f
Churchill,from May 1940,70,0,0,#00539f
Churchill,from May 1940,80,0,0,#00539f
Churchill,from May 1940,90,0,0,#00539f
Churchill,from May 1940,100,0,0,#00539f
Churchill,from May 1940,110,0,0,#00539f
Churchill,from May 1940,120,0,0,#00539f
Churchill,from May 1940,130,0,0,#00539f
Churchill,from May 1940,140,0,0,#00539f
Churchill,from May 1940,150,0,0,#00539f
Churchill,from May 1940,160,0,0,#00539f
Churchill,from May 1940,170,0,0,#00539f
Churchill,from May 1940,180,0,0,#00539f
Churchill,from May 1940,190,0,0,#00539f
Churchill,from May 1940,200,0,0,#00539f
Churchill,from May 1940,210,0,0,#00539f
Churchill,from May 1940,220,0,0,#00539f
Churchill,from May 1940,230,0,0,#00539f
Churchill,from May 1940,240,0,0,#00539f
Churchill,from May 1940,250,0,0,#00539f
Churchill,from May 1940,260,1,0,#00539f
Churchill,from May 1940,270,1,1,#00539f
Churchill,from May 1940,280,1,1,#00539f
Churchill,from May 1940,290,1,1,#00539f
Churchill,from May 1940,300,1,1,#00539f
Churchill,from May 1940,310,1,1,#00539f
Churchill,from May 1940,320,1,1,#00539f
Churchill,from May 1940,330,1,1,#00539f
Churchill,from May 1940,340,1,1,#00539f
Churchill,from May 1940,350,1,1,#00539f
Churchill,from May 1940,360,1,1,#00539f
Churchill,from May 1940,370,1,1,#00539f
Churchill,from May 1940,380,1,1,#00539f
Churchill,from May 1940,390,1,1,#00539f
Churchill,from May 1940,400,1,1,#00539f
Churchill,from May 1940,410,1,1,#00539f
Churchill,from May 1940,420,1,1,#00539f
Churchill,from May 1940,430,1,1,#00539f
Churchill,from May 1940,440,1,1,#00539f
Churchill,from May 1940,450,1,1,#00539f
Churchill,from May 1940,460,1,1,#00539f
Churchill,from May 1940,470,1,1,#00539f
Churchill,from May 1940,480,1,1,#00539f
Churchill,from May 1940,490,1,1,#00539f
Churchill,from May 1940,500,1,1,#00539f
Churchill,from May 1940,510,1,1,#00539f
Churchill,from May 1940,520,1,1,#00539f
Churchill,from May 1940,530,1,1,#00539f
Churchill,from May 1940,540,1,1,#00539f
Churchill,from May 1940,550,1,1,#00539f
Churchill,from May 1940,560,1,1,#00539f
Churchill,from May 1940,570,1,1,#00539f
Churchill,from May 1940,580,1,1,#00539f
Churchill,from May 1940,590,1,1,#00539f
Churchill,from May 1940,600,1,1,#00539f
Churchill,from May 1940,610,1,1,#00539f
Churchill,from May 1940,620,1,1,#00539f
Churchill,from May 1940,630,1,1,#00539f
Churchill,from May 1940,640,1,1,#00539f
Churchill,from May 1940,650,1,1,#00539f
Churchill,from May 1940,660,1,1,#00539f
Churchill,from May 1940,670,1,1,#00539f
Churchill,from May 1940,680,1,1,#00539f
Churchill,from May 1940,690,1,1,#00539f
Churchill,from May 1940,700,1,1,#00539f
Churchill,from May 1940,710,1,1,#00539f
Churchill,from May 1940,720,1,1,#00539f
Churchill,from May 1940,730,1,1,#00539f
Churchill,from May 1940,740,1,1,#00539f
Churchill,from May 1940,750,1,1,#00539f
Churchill,from May 1940,760,1,1,#00539f
Churchill,from May 1940,770,1,1,#00539f
Churchill,from May 1940,780,1,1,#00539f
Churchill,from May 1940,790,1,1,#00539f
Churchill,from May 1940,800,1,1,#00539f
Churchill,from May 1940,810,1,1,#00539f
Churchill,from May 1940,820,1,1,#00539f
Churchill,from May 1940,830,1,1,#00539f
Churchill,from May 1940,840,1,1,#00539f
Churchill,from May 1940,850,1,1,#00539f
Churchill,from May 1940,860,1,1,#00539f
Churchill,from May 1940,870,1,1,#00539f
Churchill,from May 1940,880,1,1,#00539f
Churchill,from May 1940,890,1,1,#00539f
Churchill,from May 1940,900,1,1,#00539f
Churchill,from May 1940,910,1,1,#00539f
Churchill,from May 1940,920,1,1,#00539f
Churchill,from May 1940,930,1,1,#00539f
Churchill,from May 1940,940,1,1,#00539f
Churchill,from May 1940,950,1,1,#00539f
Churchill,from May 1940,960,1,1,#00539f
Churchill,from May 1940,970,1,1,#00539f
Churchill,from May 1940,980,1,1,#00539f
Churchill,from May 1940,990,1,1,#00539f
Churchill,from May 1940,1000,1,1,#00539f
Eden,from April 1955,10,0,0,#00539f
Eden,from April 1955,20,0,0,#00539f
Eden,from April 1955,30,0,0,#00539f
Eden,from April 1955,40,0,0,#00539f
Eden,from April 1955,50,0,0,#00539f
Eden,from April 1955,60,0,0,#00539f
Eden,from April 1955,70,0,0,#00539f
Eden,from April 1955,80,0,0,#00539f
Eden,from April 1955,90,0,0,#00539f
Eden,from April 1955,100,0,0,#00539f
Eden,from April 1955,110,0,0,#00539f
Eden,from April 1955,120,0,0,#00539f
Eden,from April 1955,130,0,0,#00539f
Eden,from April 1955,140,0,0,#00539f
Eden,from April 1955,150,0,0,#00539f
Eden,from April 1955,160,0,0,#00539f
Eden,from April 1955,170,0,0,#00539f
Eden,from April 1955,180,0,0,#00539f
Eden,from April 1955,190,0,0,#00539f
Eden,from April 1955,200,0,0,#00539f
Eden,from April 1955,210,0,0,#00539f
Eden,from April 1955,220,0,0,#00539f
Eden,from April 1955,230,0,0,#00539f
Eden,from April 1955,240,0,0,#00539f
Eden,from April 1955,250,0,0,#00539f
Eden,from April 1955,260,0,0,#00539f
Eden,from April 1955,270,0,0,#00539f
Eden,from April 1955,280,0,0,#00539f
Eden,from April 1955,290,0,0,#00539f
Eden,from April 1955,300,0,0,#00539f
Eden,from April 1955,310,0,0,#00539f
Eden,from April 1955,320,0,0,#00539f
Eden,from April 1955,330,0,0,#00539f
Eden,from April 1955,340,0,0,#00539f
Eden,from April 1955,350,0,0,#00539f
Eden,from April 1955,360,0,0,#00539f
Eden,from April 1955,370,0,0,#00539f
Eden,from April 1955,380,0,0,#00539f
Eden,from April 1955,390,0,0,#00539f
Eden,from April 1955,400,0,0,#00539f
Eden,from April 1955,410,0,0,#00539f
Eden,from April 1955,420,0,0,#00539f
Eden,from April 1955,430,0,0,#00539f
Eden,from April 1955,440,0,0,#00539f
Eden,from April 1955,450,0,0,#00539f
Eden,from April 1955,460,0,0,#00539f
Eden,from April 1955,470,0,0,#00539f
Eden,from April 1955,480,0,0,#00539f
Eden,from April 1955,490,0,0,#00539f
Eden,from April 1955,500,0,0,#00539f
Eden,from April 1955,510,0,0,#00539f
Eden,from April 1955,520,0,0,#00539f
Eden,from April 1955,530,0,0,#00539f
Eden,from April 1955,540,0,0,#00539f
Eden,from April 1955,550,0,0,#00539f
Eden,from April 1955,560,0,0,#00539f
Eden,from April 1955,570,0,0,#00539f
Eden,from April 1955,580,2,0,#00539f
Eden,from April 1955,590,2,2,#00539f
Eden,from April 1955,600,2,2,#00539f
Eden,from April 1955,610,2,2,#00539f
Eden,from April 1955,620,2,2,#00539f
Eden,from April 1955,630,2,2,#00539f
Eden,from April 1955,640,2,2,#00539f
Eden,from April 1955,650,2,2,#00539f
Eden,from April 1955,660,2,2,#00539f
Eden,from April 1955,670,2,2,#00539f
Eden,from April 1955,680,2,2,#00539f
Eden,from April 1955,690,2,2,#00539f
Eden,from April 1955,700,2,2,#00539f
Eden,from April 1955,710,2,2,#00539f
Eden,from April 1955,720,2,2,#00539f
Eden,from April 1955,730,2,2,#00539f
Eden,from April 1955,740,2,2,#00539f
Eden,from April 1955,750,2,2,#00539f
Eden,from April 1955,760,2,2,#00539f
Eden,from April 1955,770,2,2,#00539f
Eden,from April 1955,780,2,2,#00539f
Eden,from April 1955,790,2,2,#00539f
Eden,from April 1955,800,2,2,#00539f
Eden,from April 1955,810,2,2,#00539f
Eden,from April 1955,820,2,2,#00539f
Eden,from April 1955,830,2,2,#00539f
Eden,from April 1955,840,2,2,#00539f
Eden,from April 1955,850,2,2,#00539f
Eden,from April 1955,860,2,2,#00539f
Eden,from April 1955,870,2,2,#00539f
Eden,from April 1955,880,2,2,#00539f
Eden,from April 1955,890,2,2,#00539f
Eden,from April 1955,900,2,2,#00539f
Eden,from April 1955,910,2,2,#00539f
Eden,from April 1955,920,2,2,#00539f
Eden,from April 1955,930,2,2,#00539f
Eden,from April 1955,940,2,2,#00539f
Eden,from April 1955,950,2,2,#00539f
Eden,from April 1955,960,2,2,#00539f
Eden,from April 1955,970,2,2,#00539f
Eden,from April 1955,980,2,2,#00539f
Eden,from April 1955,990,2,2,#00539f
Eden,from April 1955,1000,2,2,#00539f
Heath,from June 1970,10,0,0,#00539f
Heath,from June 1970,20,0,0,#00539f
Heath,from June 1970,30,0,0,#00539f
Heath,from June 1970,40,0,0,#00539f
Heath,from June 1970,50,0,0,#00539f
Heath,from June 1970,60,0,0,#00539f
Heath,from June 1970,70,0,0,#00539f
Heath,from June 1970,80,0,0,#00539f
Heath,from June 1970,90,0,0,#00539f
Heath,from June 1970,100,0,0,#00539f
Heath,from June 1970,110,0,0,#00539f
Heath,from June 1970,120,0,0,#00539f
Heath,from June 1970,130,0,0,#00539f
Heath,from June 1970,140,0,0,#00539f
Heath,from June 1970,150,0,0,#00539f
Heath,from June 1970,160,0,0,#00539f
Heath,from June 1970,170,0,0,#00539f
Heath,from June 1970,180,0,0,#00539f
Heath,from June 1970,190,0,0,#00539f
Heath,from June 1970,200,0,0,#00539f
Heath,from June 1970,210,0,0,#00539f
Heath,from June 1970,220,0,0,#00539f
Heath,from June 1970,230,0,0,#00539f
Heath,from June 1970,240,0,0,#00539f
Heath,from June 1970,250,0,0,#00539f
Heath,from June 1970,260,0,0,#00539f
Heath,from June 1970,270,0,0,#00539f
Heath,from June 1970,280,0,0,#00539f
Heath,from June 1970,290,0,0,#00539f
Heath,from June 1970,300,0,0,#00539f
Heath,from June 1970,310,0,0,#00539f
Heath,from June 1970,320,0,0,#00539f
Heath,from June 1970,330,0,0,#00539f
Heath,from June 1970,340,0,0,#00539f
Heath,from June 1970,350,0,0,#00539f
Heath,from June 1970,360,0,0,#00539f
Heath,from June 1970,370,0,0,#00539f
Heath,from June 1970,380,0,0,#00539f
Heath,from June 1970,390,0,0,#00539f
Heath,from June 1970,400,0,0,#00539f
Heath,from June 1970,410,1,0,#00539f
Heath,from June 1970,420,1,1,#00539f
Heath,from June 1970,430,1,1,#00539f
Heath,from June 1970,440,1,1,#00539f
Heath,from June 1970,450,1,1,#00539f
Heath,from June 1970,460,1,1,#00539f
Heath,from June 1970,470,1,1,#00539f
Heath,from June 1970,480,1,1,#00539f
Heath,from June 1970,490,2,1,#00539f
Heath,from June 1970,500,2,2,#00539f
Heath,from June 1970,510,2,2,#00539f
Heath,from June 1970,520,2,2,#00539f
Heath,from June 1970,530,2,2,#00539f
Heath,from June 1970,540,2,2,#00539f
Heath,from June 1970,550,2,2,#00539f
Heath,from June 1970,560,2,2,#00539f
Heath,from June 1970,570,2,2,#00539f
Heath,from June 1970,580,2,2,#00539f
Heath,from June 1970,590,2,2,#00539f
Heath,from June 1970,600,2,2,#00539f
Heath,from June 1970,610,2,2,#00539f
Heath,from June 1970,620,2,2,#00539f
Heath,from June 1970,630,2,2,#00539f
Heath,from June 1970,640,2,2,#00539f
Heath,from June 1970,650,2,2,#00539f
Heath,from June 1970,660,2,2,#00539f
Heath,from June 1970,670,2,2,#00539f
Heath,from June 1970,680,2,2,#00539f
Heath,from June 1970,690,2,2,#00539f
Heath,from June 1970,700,2,2,#00539f
Heath,from June 1970,710,2,2,#00539f
Heath,from June 1970,720,2,2,#00539f
Heath,from June 1970,730,2,2,#00539f
Heath,from June 1970,740,2,2,#00539f
Heath,from June 1970,750,2,2,#00539f
Heath,from June 1970,760,2,2,#00539f
Heath,from June 1970,770,3,2,#00539f
Heath,from June 1970,780,3,3,#00539f
Heath,from June 1970,790,3,3,#00539f
Heath,from June 1970,800,3,3,#00539f
Heath,from June 1970,810,3,3,#00539f
Heath,from June 1970,820,3,3,#00539f
Heath,from June 1970,830,3,3,#00539f
Heath,from June 1970,840,3,3,#00539f
Heath,from June 1970,850,3,3,#00539f
Heath,from June 1970,860,3,3,#00539f
Heath,from June 1970,870,3,3,#00539f
Heath,from June 1970,880,3,3,#00539f
Heath,from June 1970,890,3,3,#00539f
Heath,from June 1970,900,3,3,#00539f
Heath,from June 1970,910,3,3,#00539f
Heath,from June 1970,920,3,3,#00539f
Heath,from June 1970,930,3,3,#00539f
Heath,from June 1970,940,3,3,#00539f
Heath,from June 1970,950,3,3,#00539f
Heath,from June 1970,960,3,3,#00539f
Heath,from June 1970,970,3,3,#00539f
Heath,from June 1970,980,3,3,#00539f
Heath,from June 1970,990,3,3,#00539f
Heath,from June 1970,1000,3,3,#00539f
Lloyd George,from December 1916,10,0,0,#ffb703
Lloyd George,from December 1916,20,0,0,#ffb703
Lloyd George,from December 1916,30,0,0,#ffb703
Lloyd George,from December 1916,40,0,0,#ffb703
Lloyd George,from December 1916,50,0,0,#ffb703
Lloyd George,from December 1916,60,0,0,#ffb703
Lloyd George,from December 1916,70,0,0,#ffb703
Lloyd George,from December 1916,80,0,0,#ffb703
Lloyd George,from December 1916,90,0,0,#ffb703
Lloyd George,from December 1916,100,0,0,#ffb703
Lloyd George,from December 1916,110,0,0,#ffb703
Lloyd George,from December 1916,120,0,0,#ffb703
Lloyd George,from December 1916,130,0,0,#ffb703
Lloyd George,from December 1916,140,0,0,#ffb703
Lloyd George,from December 1916,150,0,0,#ffb703
Lloyd George,from December 1916,160,0,0,#ffb703
Lloyd George,from December 1916,170,0,0,#ffb703
Lloyd George,from December 1916,180,0,0,#ffb703
Lloyd George,from December 1916,190,0,0,#ffb703
Lloyd George,from December 1916,200,0,0,#ffb703
Lloyd George,from December 1916,210,0,0,#ffb703
Lloyd George,from December 1916,220,1,0,#ffb703
Lloyd George,from December 1916,230,1,1,#ffb703
Lloyd George,from December 1916,240,1,1,#ffb703
Lloyd George,from December 1916,250,2,1,#ffb703
Lloyd George,from December 1916,260,2,2,#ffb703
Lloyd George,from December 1916,270,2,2,#ffb703
Lloyd George,from December 1916,280,2,2,#ffb703
Lloyd George,from December 1916,290,2,2,#ffb703
Lloyd George,from December 1916,300,2,2,#ffb703
Lloyd George,from December 1916,310,2,2,#ffb703
Lloyd George,from December 1916,320,2,2,#ffb703
Lloyd George,from December 1916,330,2,2,#ffb703
Lloyd George,from December 1916,340,2,2,#ffb703
Lloyd George,from December 1916,350,3,2,#ffb703
Lloyd George,from December 1916,360,3,3,#ffb703
Lloyd George,from December 1916,370,3,3,#ffb703
Lloyd George,from December 1916,380,3,3,#ffb703
Lloyd George,from December 1916,390,3,3,#ffb703
Lloyd George,from December 1916,400,3,3,#ffb703
Lloyd George,from December 1916,410,3,3,#ffb703
Lloyd George,from December 1916,420,4,3,#ffb703
Lloyd George,from December 1916,430,4,4,#ffb703
Lloyd George,from December 1916,440,4,4,#ffb703
Lloyd George,from December 1916,450,4,4,#ffb703
Lloyd George,from December 1916,460,4,4,#ffb703
Lloyd George,from December 1916,470,4,4,#ffb703
Lloyd George,from December 1916,480,4,4,#ffb703
Lloyd George,from December 1916,490,4,4,#ffb703
Lloyd George,from December 1916,500,4,4,#ffb703
Lloyd George,from December 1916,510,5,4,#ffb703
Lloyd George,from December 1916,520,5,5,#ffb703
Lloyd George,from December 1916,530,5,5,#ffb703
Lloyd George,from December 1916,540,5,5,#ffb703
Lloyd George,from December 1916,550,5,5,#ffb703
Lloyd George,from December 1916,560,5,5,#ffb703
Lloyd George,from December 1916,570,5,5,#ffb703
Lloyd George,from December 1916,580,5,5,#ffb703
Lloyd George,from December 1916,590,5,5,#ffb703
Lloyd George,from December 1916,600,5,5,#ffb703
Lloyd George,from December 1916,610,5,5,#ffb703
Lloyd George,from December 1916,620,5,5,#ffb703
Lloyd George,from December 1916,630,5,5,#ffb703
Lloyd George,from December 1916,640,5,5,#ffb703
Lloyd George,from December 1916,650,5,5,#ffb703
Lloyd George,from December 1916,660,5,5,#ffb703
Lloyd George,from December 1916,670,5,5,#ffb703
Lloyd George,from December 1916,680,5,5,#ffb703
Lloyd George,from December 1916,690,5,5,#ffb703
Lloyd George,from December 1916,700,5,5,#ffb703
Lloyd George,from December 1916,710,5,5,#ffb703
Lloyd George,from December 1916,720,6,5,#ffb703
Lloyd George,from December 1916,730,6,6,#ffb703
Lloyd George,from December 1916,740,6,6,#ffb703
Lloyd George,from December 1916,750,6,6,#ffb703
Lloyd George,from December 1916,760,6,6,#ffb703
Lloyd George,from December 1916,770,6,6,#ffb703
Lloyd George,from December 1916,780,6,6,#ffb703
Lloyd George,from December 1916,790,6,6,#ffb703
Lloyd George,from December 1916,800,6,6,#ffb703
Lloyd George,from December 1916,810,6,6,#ffb703
Lloyd George,from December 1916,820,6,6,#ffb703
Lloyd George,from December 1916,830,6,6,#ffb703
Lloyd George,from December 1916,840,6,6,#ffb703
Lloyd George,from December 1916,850,6,6,#ffb703
Lloyd George,from December 1916,860,6,6,#ffb703
Lloyd George,from December 1916,870,6,6,#ffb703
Lloyd George,from December 1916,880,6,6,#ffb703
Lloyd George,from December 1916,890,6,6,#ffb703
Lloyd George,from December 1916,900,6,6,#ffb703
Lloyd George,from December 1916,910,6,6,#ffb703
Lloyd George,from December 1916,920,6,6,#ffb703
Lloyd George,from December 1916,930,6,6,#ffb703
Lloyd George,from December 1916,940,6,6,#ffb703
Lloyd George,from December 1916,950,6,6,#ffb703
Lloyd George,from December 1916,960,6,6,#ffb703
Lloyd George,from December 1916,970,6,6,#ffb703
Lloyd George,from December 1916,980,6,6,#ffb703
Lloyd George,from December 1916,990,6,6,#ffb703
Lloyd George,from December 1916,1000,6,6,#ffb703
MacDonald,from January 1924,10,0,0,#ee3224
MacDonald,from January 1924,20,0,0,#ee3224
MacDonald,from January 1924,30,0,0,#ee3224
MacDonald,from January 1924,40,0,0,#ee3224
MacDonald,from January 1924,50,0,0,#ee3224
MacDonald,from January 1924,60,0,0,#ee3224
MacDonald,from January 1924,70,0,0,#ee3224
MacDonald,from January 1924,80,0,0,#ee3224
MacDonald,from January 1924,90,0,0,#ee3224
MacDonald,from January 1924,100,0,0,#ee3224
MacDonald,from January 1924,110,0,0,#ee3224
MacDonald,from January 1924,120,0,0,#ee3224
MacDonald,from January 1924,130,0,0,#ee3224
MacDonald,from January 1924,140,0,0,#ee3224
MacDonald,from January 1924,150,0,0,#ee3224
MacDonald,from January 1924,160,0,0,#ee3224
MacDonald,from January 1924,170,0,0,#ee3224
MacDonald,from January 1924,180,0,0,#ee3224
MacDonald,from January 1924,190,0,0,#ee3224
MacDonald,from January 1924,200,0,0,#ee3224
MacDonald,from January 1924,210,0,0,#ee3224
MacDonald,from January 1924,220,0,0,#ee3224
MacDonald,from January 1924,230,0,0,#ee3224
MacDonald,from January 1924,240,0,0,#ee3224
MacDonald,from January 1924,250,0,0,#ee3224
MacDonald,from January 1924,260,0,0,#ee3224
MacDonald,from January 1924,270,0,0,#ee3224
MacDonald,from January 1924,280,0,0,#ee3224
MacDonald,from January 1924,290,0,0,#ee3224
MacDonald,from January 1924,300,0,0,#ee3224
MacDonald,from January 1924,310,0,0,#ee3224
MacDonald,from January 1924,320,0,0,#ee3224
MacDonald,from January 1924,330,0,0,#ee3224
MacDonald,from January 1924,340,0,0,#ee3224
MacDonald,from January 1924,350,0,0,#ee3224
MacDonald,from January 1924,360,0,0,#ee3224
MacDonald,from January 1924,370,0,0,#ee3224
MacDonald,from January 1924,380,0,0,#ee3224
MacDonald,from January 1924,390,0,0,#ee3224
MacDonald,from January 1924,400,0,0,#ee3224
MacDonald,from January 1924,410,0,0,#ee3224
MacDonald,from January 1924,420,0,0,#ee3224
MacDonald,from January 1924,430,0,0,#ee3224
MacDonald,from January 1924,440,0,0,#ee3224
MacDonald,from January 1924,450,0,0,#ee3224
MacDonald,from January 1924,460,0,0,#ee3224
MacDonald,from January 1924,470,0,0,#ee3224
MacDonald,from January 1924,480,0,0,#ee3224
MacDonald,from January 1924,490,0,0,#ee3224
MacDonald,from January 1924,500,0,0,#ee3224
MacDonald,from January 1924,510,0,0,#ee3224
MacDonald,from January 1924,520,0,0,#ee3224
MacDonald,from January 1924,530,0,0,#ee3224
MacDonald,from January 1924,540,0,0,#ee3224
MacDonald,from January 1924,550,0,0,#ee3224
MacDonald,from January 1924,560,0,0,#ee3224
MacDonald,from January 1924,570,0,0,#ee3224
MacDonald,from January 1924,580,0,0,#ee3224
MacDonald,from January 1924,590,0,0,#ee3224
MacDonald,from January 1924,600,0,0,#ee3224
MacDonald,from January 1924,610,0,0,#ee3224
MacDonald,from January 1924,620,0,0,#ee3224
MacDonald,from January 1924,630,0,0,#ee3224
MacDonald,from January 1924,640,1,0,#ee3224
MacDonald,from January 1924,650,1,1,#ee3224
MacDonald,from January 1924,660,1,1,#ee3224
MacDonald,from January 1924,670,1,1,#ee3224
MacDonald,from January 1924,680,1,1,#ee3224
MacDonald,from January 1924,690,1,1,#ee3224
MacDonald,from January 1924,700,1,1,#ee3224
MacDonald,from January 1924,710,1,1,#ee3224
MacDonald,from January 1924,720,1,1,#ee3224
MacDonald,from January 1924,730,1,1,#ee3224
MacDonald,from January 1924,740,1,1,#ee3224
MacDonald,from January 1924,750,1,1,#ee3224
MacDonald,from January 1924,760,1,1,#ee3224
MacDonald,from January 1924,770,1,1,#ee3224
MacDonald,from January 1924,780,1,1,#ee3224
MacDonald,from January 1924,790,1,1,#ee3224
MacDonald,from January 1924,800,1,1,#ee3224
MacDonald,from January 1924,810,1,1,#ee3224
MacDonald,from January 1924,820,1,1,#ee3224
MacDonald,from January 1924,830,1,1,#ee3224
MacDonald,from January 1924,840,1,1,#ee3224
MacDonald,from January 1924,850,1,1,#ee3224
MacDonald,from January 1924,860,1,1,#ee3224
MacDonald,from January 1924,870,1,1,#ee3224
MacDonald,from January 1924,880,1,1,#ee3224
MacDonald,from January 1924,890,1,1,#ee3224
MacDonald,from January 1924,900,1,1,#ee3224
MacDonald,from January 1924,910,1,1,#ee3224
MacDonald,from January 1924,920,1,1,#ee3224
MacDonald,from January 1924,930,3,1,#ee3224
MacDonald,from January 1924,940,3,3,#ee3224
MacDonald,from January 1924,950,3,3,#ee3224
MacDonald,from January 1924,960,3,3,#ee3224
MacDonald,from January 1924,970,3,3,#ee3224
MacDonald,from January 1924,980,3,3,#ee3224
MacDonald,from January 1924,990,3,3,#ee3224
MacDonald,from January 1924,1000,3,3,#ee3224
Macmillan,from January 1957,10,0,0,#00539f
Macmillan,from January 1957,20,0,0,#00539f
Macmillan,from January 1957,30,0,0,#00539f
Macmillan,from January 1957,40,0,0,#00539f
Macmillan,from January 1957,50,0,0,#00539f
Macmillan,from January 1957,60,0,0,#00539f
Macmillan,from January 1957,70,0,0,#00539f
Macmillan,from January 1957,80,1,0,#00539f
Macmillan,from January 1957,90,1,1,#00539f
Macmillan,from January 1957,100,1,1,#00539f
Macmillan,from January 1957,110,1,1,#00539f
Macmillan,from January 1957,120,1,1,#00539f
Macmillan,from January 1957,130,1,1,#00539f
Macmillan,from January 1957,140,1,1,#00539f
Macmillan,from January 1957,150,1,1,#00539f
Macmillan,from January 1957,160,1,1,#00539f
Macmillan,from January 1957,170,1,1,#00539f
Macmillan,from January 1957,180,1,1,#00539f
Macmillan,from January 1957,190,1,1,#00539f
Macmillan,from January 1957,200,1,1,#00539f
Macmillan,from January 1957,210,1,1,#00539f
Macmillan,from January 1957,220,1,1,#00539f
Macmillan,from January 1957,230,1,1,#00539f
Macmillan,from January 1957,240,1,1,#00539f
Macmillan,from January 1957,250,1,1,#00539f
Macmillan,from January 1957,260,1,1,#00539f
Macmillan,from January 1957,270,1,1,#00539f
Macmillan,from January 1957,280,1,1,#00539f
Macmillan,from January 1957,290,1,1,#00539f
Macmillan,from January 1957,300,1,1,#00539f
Macmillan,from January 1957,310,1,1,#00539f
Macmillan,from January 1957,320,1,1,#00539f
Macmillan,from January 1957,330,1,1,#00539f
Macmillan,from January 1957,340,1,1,#00539f
Macmillan,from January 1957,350,1,1,#00539f
Macmillan,from January 1957,360,1,1,#00539f
Macmillan,from January 1957,370,4,1,#00539f
Macmillan,from January 1957,380,4,4,#00539f
Macmillan,from January 1957,390,4,4,#00539f
Macmillan,from January 1957,400,4,4,#00539f
Macmillan,from January 1957,410,4,4,#00539f
Macmillan,from January 1957,420,4,4,#00539f
Macmillan,from January 1957,430,4,4,#00539f
Macmillan,from January 1957,440,4,4,#00539f
Macmillan,from January 1957,450,4,4,#00539f
Macmillan,from January 1957,460,4,4,#00539f
Macmillan,from January 1957,470,4,4,#00539f
Macmillan,from January 1957,480,4,4,#00539f
Macmillan,from January 1957,490,4,4,#00539f
Macmillan,from January 1957,500,4,4,#00539f
Macmillan,from January 1957,510,4,4,#00539f
Macmillan,from January 1957,520,4,4,#00539f
Macmillan,from January 1957,530,4,4,#00539f
Macmillan,from January 1957,540,4,4,#00539f
Macmillan,from January 1957,550,4,4,#00539f
Macmillan,from January 1957,560,4,4,#00539f
Macmillan,from January 1957,570,4,4,#00539f
Macmillan,from January 1957,580,4,4,#00539f
Macmillan,from January 1957,590,4,4,#00539f
Macmillan,from January 1957,600,4,4,#00539f
Macmillan,from January 1957,610,4,4,#00539f
Macmillan,from January 1957,620,4,4,#00539f
Macmillan,from January 1957,630,4,4,#00539f
Macmillan,from January 1957,640,4,4,#00539f
Macmillan,from January 1957,650,4,4,#00539f
Macmillan,from January 1957,660,4,4,#00539f
Macmillan,from January 1957,670,4,4,#00539f
Macmillan,from January 1957,680,5,4,#00539f
Macmillan,from January 1957,690,5,5,#00539f
Macmillan,from January 1957,700,5,5,#00539f
Macmillan,from January 1957,710,5,5,#00539f
Macmillan,from January 1957,720,5,5,#00539f
Macmillan,from January 1957,730,5,5,#00539f
Macmillan,from January 1957,740,5,5,#00539f
Macmillan,from January 1957,750,5,5,#00539f
Macmillan,from January 1957,760,5,5,#00539f
Macmillan,from January 1957,770,5,5,#00539f
Macmillan,from January 1957,780,5,5,#00539f
Macmillan,from January 1957,790,5,5,#00539f
Macmillan,from January 1957,800,5,5,#00539f
Macmillan,from January 1957,810,5,5,#00539f
Macmillan,from January 1957,820,5,5,#00539f
Macmillan,from January 1957,830,5,5,#00539f
Macmillan,from January 1957,840,5,5,#00539f
Macmillan,from January 1957,850,5,5,#00539f
Macmillan,from January 1957,860,5,5,#00539f
Macmillan,from January 1957,870,5,5,#00539f
Macmillan,from January 1957,880,5,5,#00539f
Macmillan,from January 1957,890,5,5,#00539f
Macmillan,from January 1957,900,5,5,#00539f
Macmillan,from January 1957,910,5,5,#00539f
Macmillan,from January 1957,920,5,5,#00539f
Macmillan,from January 1957,930,5,5,#00539f
Macmillan,from January 1957,940,5,5,#00539f
Macmillan,from January 1957,950,5,5,#00539f
Macmillan,from January 1957,960,5,5,#00539f
Macmillan,from January 1957,970,5,5,#00539f
Macmillan,from January 1957,980,5,5,#00539f
Macmillan,from January 1957,990,5,5,#00539f
Macmillan,from January 1957,1000,5,5,#00539f
Major,from November 1990,10,0,0,#00539f
Major,from November 1990,20,0,0,#00539f
Major,from November 1990,30,0,0,#00539f
Major,from November 1990,40,0,0,#00539f
Major,from November 1990,50,0,0,#00539f
Major,from November 1990,60,0,0,#00539f
Major,from November 1990,70,0,0,#00539f
Major,from November 1990,80,0,0,#00539f
Major,from November 1990,90,0,0,#00539f
Major,from November 1990,100,0,0,#00539f
Major,from November 1990,110,0,0,#00539f
Major,from November 1990,120,0,0,#00539f
Major,from November 1990,130,0,0,#00539f
Major,from November 1990,140,0,0,#00539f
Major,from November 1990,150,0,0,#00539f
Major,from November 1990,160,0,0,#00539f
Major,from November 1990,170,0,0,#00539f
Major,from November 1990,180,1,0,#00539f
Major,from November 1990,190,1,1,#00539f
Major,from November 1990,200,1,1,#00539f
Major,from November 1990,210,1,1,#00539f
Major,from November 1990,220,1,1,#00539f
Major,from November 1990,230,1,1,#00539f
Major,from November 1990,240,1,1,#00539f
Major,from November 1990,250,1,1,#00539f
Major,from November 1990,260,1,1,#00539f
Major,from November 1990,270,1,1,#00539f
Major,from November 1990,280,1,1,#00539f
Major,from November 1990,290,1,1,#00539f
Major,from November 1990,300,1,1,#00539f
Major,from November 1990,310,1,1,#00539f
Major,from November 1990,320,1,1,#00539f
Major,from November 1990,330,1,1,#00539f
Major,from November 1990,340,1,1,#00539f
Major,from November 1990,350,1,1,#00539f
Major,from November 1990,360,1,1,#00539f
Major,from November 1990,370,1,1,#00539f
Major,from November 1990,380,1,1,#00539f
Major,from November 1990,390,1,1,#00539f
Major,from November 1990,400,1,1,#00539f
Major,from November 1990,410,1,1,#00539f
Major,from November 1990,420,1,1,#00539f
Major,from November 1990,430,1,1,#00539f
Major,from November 1990,440,1,1,#00539f
Major,from November 1990,450,1,1,#00539f
Major,from November 1990,460,1,1,#00539f
Major,from November 1990,470,1,1,#00539f
Major,from November 1990,480,1,1,#00539f
Major,from November 1990,490,1,1,#00539f
Major,from November 1990,500,1,1,#00539f
Major,from November 1990,510,1,1,#00539f
Major,from November 1990,520,1,1,#00539f
Major,from November 1990,530,1,1,#00539f
Major,from November 1990,540,1,1,#00539f
Major,from November 1990,550,1,1,#00539f
Major,from November 1990,560,1,1,#00539f
Major,from November 1990,570,1,1,#00539f
Major,from November 1990,580,1,1,#00539f
Major,from November 1990,590,1,1,#00539f
Major,from November 1990,600,1,1,#00539f
Major,from November 1990,610,1,1,#00539f
Major,from November 1990,620,1,1,#00539f
Major,from November 1990,630,1,1,#00539f
Major,from November 1990,640,1,1,#00539f
Major,from November 1990,650,1,1,#00539f
Major,from November 1990,660,1,1,#00539f
Major,from November 1990,670,2,1,#00539f
Major,from November 1990,680,2,2,#00539f
Major,from November 1990,690,2,2,#00539f
Major,from November 1990,700,2,2,#00539f
Major,from November 1990,710,2,2,#00539f
Major,from November 1990,720,2,2,#00539f
Major,from November 1990,730,2,2,#00539f
Major,from November 1990,740,2,2,#00539f
Major,from November 1990,750,3,2,#00539f
Major,from November 1990,760,3,3,#00539f
Major,from November 1990,770,3,3,#00539f
Major,from November 1990,780,3,3,#00539f
Major,from November 1990,790,3,3,#00539f
Major,from November 1990,800,3,3,#00539f
Major,from November 1990,810,3,3,#00539f
Major,from November 1990,820,3,3,#00539f
Major,from November 1990,830,3,3,#00539f
Major,from November 1990,840,3,3,#00539f
Major,from November 1990,850,3,3,#00539f
Major,from November 1990,860,3,3,#00539f
Major,from November 1990,870,3,3,#00539f
Major,from November 1990,880,3,3,#00539f
Major,from November 1990,890,3,3,#00539f
Major,from November 1990,900,3,3,#00539f
Major,from November 1990,910,3,3,#00539f
Major,from November 1990,920,3,3,#00539f
Major,from November 1990,930,3,3,#00539f
Major,from November 1990,940,4,3,#00539f
Major,from November 1990,950,4,4,#00539f
Major,from November 1990,960,4,4,#00539f
Major,from November 1990,970,4,4,#00539f
Major,from November 1990,980,4,4,#00539f
Major,from November 1990,990,4,4,#00539f
Major,from November 1990,1000,4,4,#00539f
May,from July 2016,10,0,0,#00539f
May,from July 2016,20,0,0,#00539f
May,from July 2016,30,0,0,#00539f
May,from July 2016,40,0,0,#00539f
May,from July 2016,50,0,0,#00539f
May,from July 2016,60,0,0,#00539f
May,from July 2016,70,0,0,#00539f
May,from July 2016,80,1,0,#00539f
May,from July 2016,90,1,1,#00539f
May,from July 2016,100,1,1,#00539f
May,from July 2016,110,1,1,#00539f
May,from July 2016,120,1,1,#00539f
May,from July 2016,130,1,1,#00539f
May,from July 2016,140,1,1,#00539f
May,from July 2016,150,1,1,#00539f
May,from July 2016,160,1,1,#00539f
May,from July 2016,170,1,1,#00539f
May,from July 2016,180,1,1,#00539f
May,from July 2016,190,1,1,#00539f
May,from July 2016,200,1,1,#00539f
May,from July 2016,210,1,1,#00539f
May,from July 2016,220,1,1,#00539f
May,from July 2016,230,1,1,#00539f
May,from July 2016,240,1,1,#00539f
May,from July 2016,250,1,1,#00539f
May,from July 2016,260,1,1,#00539f
May,from July 2016,270,1,1,#00539f
May,from July 2016,280,1,1,#00539f
May,from July 2016,290,1,1,#00539f
May,from July 2016,300,1,1,#00539f
May,from July 2016,310,1,1,#00539f
May,from July 2016,320,1,1,#00539f
May,from July 2016,330,1,1,#00539f
May,from July 2016,340,2,1,#00539f
May,from July 2016,350,2,2,#00539f
May,from July 2016,360,2,2,#00539f
May,from July 2016,370,2,2,#00539f
May,from July 2016,380,2,2,#00539f
May,from July 2016,390,2,2,#00539f
May,from July 2016,400,2,2,#00539f
May,from July 2016,410,2,2,#00539f
May,from July 2016,420,2,2,#00539f
May,from July 2016,430,2,2,#00539f
May,from July 2016,440,2,2,#00539f
May,from July 2016,450,2,2,#00539f
May,from July 2016,460,2,2,#00539f
May,from July 2016,470,2,2,#00539f
May,from July 2016,480,4,2,#00539f
May,from July 2016,490,5,4,#00539f
May,from July 2016,500,5,5,#00539f
May,from July 2016,510,5,5,#00539f
May,from July 2016,520,5,5,#00539f
May,from July 2016,530,6,5,#00539f
May,from July 2016,540,6,6,#00539f
May,from July 2016,550,6,6,#00539f
May,from July 2016,560,6,6,#00539f
May,from July 2016,570,6,6,#00539f
May,from July 2016,580,6,6,#00539f
May,from July 2016,590,6,6,#00539f
May,from July 2016,600,6,6,#00539f
May,from July 2016,610,6,6,#00539f
May,from July 2016,620,6,6,#00539f
May,from July 2016,630,6,6,#00539f
May,from July 2016,640,6,6,#00539f
May,from July 2016,650,6,6,#00539f
May,from July 2016,660,7,6,#00539f
May,from July 2016,670,7,7,#00539f
May,from July 2016,680,7,7,#00539f
May,from July 2016,690,7,7,#00539f
May,from July 2016,700,8,7,#00539f
May,from July 2016,710,9,8,#00539f
May,from July 2016,720,9,9,#00539f
May,from July 2016,730,13,9,#00539f
May,from July 2016,740,14,13,#00539f
May,from July 2016,750,14,14,#00539f
May,from July 2016,760,14,14,#00539f
May,from July 2016,770,14,14,#00539f
May,from July 2016,780,14,14,#00539f
May,from July 2016,790,14,14,#00539f
May,from July 2016,800,14,14,#00539f
May,from July 2016,810,14,14,#00539f
May,from July 2016,820,14,14,#00539f
May,from July 2016,830,14,14,#00539f
May,from July 2016,840,14,14,#00539f
May,from July 2016,850,16,14,#00539f
May,from July 2016,860,20,16,#00539f
May,from July 2016,870,21,20,#00539f
May,from July 2016,880,21,21,#00539f
May,from July 2016,890,22,21,#00539f
May,from July 2016,900,22,22,#00539f
May,from July 2016,910,22,22,#00539f
May,from July 2016,920,23,22,#00539f
May,from July 2016,930,23,23,#00539f
May,from July 2016,940,23,23,#00539f
May,from July 2016,950,23,23,#00539f
May,from July 2016,960,24,23,#00539f
May,from July 2016,970,24,24,#00539f
May,from July 2016,980,25,24,#00539f
May,from July 2016,990,28,25,#00539f
May,from July 2016,1000,30,28,#00539f
Thatcher,from May 1979,10,0,0,#00539f
Thatcher,from May 1979,20,0,0,#00539f
Thatcher,from May 1979,30,0,0,#00539f
Thatcher,from May 1979,40,0,0,#00539f
Thatcher,from May 1979,50,0,0,#00539f
Thatcher,from May 1979,60,0,0,#00539f
Thatcher,from May 1979,70,0,0,#00539f
Thatcher,from May 1979,80,0,0,#00539f
Thatcher,from May 1979,90,0,0,#00539f
Thatcher,from May 1979,100,0,0,#00539f
Thatcher,from May 1979,110,0,0,#00539f
Thatcher,from May 1979,120,0,0,#00539f
Thatcher,from May 1979,130,0,0,#00539f
Thatcher,from May 1979,140,0,0,#00539f
Thatcher,from May 1979,150,0,0,#00539f
Thatcher,from May 1979,160,0,0,#00539f
Thatcher,from May 1979,170,0,0,#00539f
Thatcher,from May 1979,180,0,0,#00539f
Thatcher,from May 1979,190,0,0,#00539f
Thatcher,from May 1979,200,0,0,#00539f
Thatcher,from May 1979,210,0,0,#00539f
Thatcher,from May 1979,220,0,0,#00539f
Thatcher,from May 1979,230,0,0,#00539f
Thatcher,from May 1979,240,0,0,#00539f
Thatcher,from May 1979,250,0,0,#00539f
Thatcher,from May 1979,260,0,0,#00539f
Thatcher,from May 1979,270,0,0,#00539f
Thatcher,from May 1979,280,0,0,#00539f
Thatcher,from May 1979,290,0,0,#00539f
Thatcher,from May 1979,300,0,0,#00539f
Thatcher,from May 1979,310,0,0,#00539f
Thatcher,from May 1979,320,0,0,#00539f
Thatcher,from May 1979,330,0,0,#00539f
Thatcher,from May 1979,340,0,0,#00539f
Thatcher,from May 1979,350,0,0,#00539f
Thatcher,from May 1979,360,0,0,#00539f
Thatcher,from May 1979,370,0,0,#00539f
Thatcher,from May 1979,380,0,0,#00539f
Thatcher,from May 1979,390,0,0,#00539f
Thatcher,from May 1979,400,0,0,#00539f
Thatcher,from May 1979,410,0,0,#00539f
Thatcher,from May 1979,420,0,0,#00539f
Thatcher,from May 1979,430,0,0,#00539f
Thatcher,from May 1979,440,0,0,#00539f
Thatcher,from May 1979,450,0,0,#00539f
Thatcher,from May 1979,460,0,0,#00539f
Thatcher,from May 1979,470,0,0,#00539f
Thatcher,from May 1979,480,0,0,#00539f
Thatcher,from May 1979,490,0,0,#00539f
Thatcher,from May 1979,500,0,0,#00539f
Thatcher,from May 1979,510,0,0,#00539f
Thatcher,from May 1979,520,0,0,#00539f
Thatcher,from May 1979,530,0,0,#00539f
Thatcher,from May 1979,540,0,0,#00539f
Thatcher,from May 1979,550,0,0,#00539f
Thatcher,from May 1979,560,0,0,#00539f
Thatcher,from May 1979,570,0,0,#00539f
Thatcher,from May 1979,580,0,0,#00539f
Thatcher,from May 1979,590,0,0,#00539f
Thatcher,from May 1979,600,0,0,#00539f
Thatcher,from May 1979,610,0,0,#00539f
Thatcher,from May 1979,620,0,0,#00539f
Thatcher,from May 1979,630,0,0,#00539f
Thatcher,from May 1979,640,0,0,#00539f
Thatcher,from May 1979,650,0,0,#00539f
Thatcher,from May 1979,660,0,0,#00539f
Thatcher,from May 1979,670,0,0,#00539f
Thatcher,from May 1979,680,0,0,#00539f
Thatcher,from May 1979,690,0,0,#00539f
Thatcher,from May 1979,700,0,0,#00539f
Thatcher,from May 1979,710,0,0,#00539f
Thatcher,from May 1979,720,0,0,#00539f
Thatcher,from May 1979,730,0,0,#00539f
Thatcher,from May 1979,740,0,0,#00539f
Thatcher,from May 1979,750,0,0,#00539f
Thatcher,from May 1979,760,0,0,#00539f
Thatcher,from May 1979,770,0,0,#00539f
Thatcher,from May 1979,780,0,0,#00539f
Thatcher,from May 1979,790,0,0,#00539f
Thatcher,from May 1979,800,0,0,#00539f
Thatcher,from May 1979,810,0,0,#00539f
Thatcher,from May 1979,820,0,0,#00539f
Thatcher,from May 1979,830,0,0,#00539f
Thatcher,from May 1979,840,0,0,#00539f
Thatcher,from May 1979,850,0,0,#00539f
Thatcher,from May 1979,860,0,0,#00539f
Thatcher,from May 1979,870,0,0,#00539f
Thatcher,from May 1979,880,0,0,#00539f
Thatcher,from May 1979,890,0,0,#00539f
Thatcher,from May 1979,900,0,0,#00539f
Thatcher,from May 1979,910,0,0,#00539f
Thatcher,from May 1979,920,0,0,#00539f
Thatcher,from May 1979,930,0,0,#00539f
Thatcher,from May 1979,940,0,0,#00539f
Thatcher,from May 1979,950,0,0,#00539f
Thatcher,from May 1979,960,0,0,#00539f
Thatcher,from May 1979,970,0,0,#00539f
Thatcher,from May 1979,980,0,0,#00539f
Thatcher,from May 1979,990,0,0,#00539f
Thatcher,from May 1979,1000,1,0,#00539f
Wilson,from March 1974,10,0,0,#ee3224
Wilson,from March 1974,20,0,0,#ee3224
Wilson,from March 1974,30,0,0,#ee3224
Wilson,from March 1974,40,0,0,#ee3224
Wilson,from March 1974,50,0,0,#ee3224
Wilson,from March 1974,60,0,0,#ee3224
Wilson,from March 1974,70,0,0,#ee3224
Wilson,from March 1974,80,0,0,#ee3224
Wilson,from March 1974,90,0,0,#ee3224
Wilson,from March 1974,100,0,0,#ee3224
Wilson,from March 1974,110,0,0,#ee3224
Wilson,from March 1974,120,0,0,#ee3224
Wilson,from March 1974,130,0,0,#ee3224
Wilson,from March 1974,140,0,0,#ee3224
Wilson,from March 1974,150,0,0,#ee3224
Wilson,from March 1974,160,0,0,#ee3224
Wilson,from March 1974,170,0,0,#ee3224
Wilson,from March 1974,180,0,0,#ee3224
Wilson,from March 1974,190,0,0,#ee3224
Wilson,from March 1974,200,0,0,#ee3224
Wilson,from March 1974,210,0,0,#ee3224
Wilson,from March 1974,220,0,0,#ee3224
Wilson,from March 1974,230,0,0,#ee3224
Wilson,from March 1974,240,0,0,#ee3224
Wilson,from March 1974,250,0,0,#ee3224
Wilson,from March 1974,260,0,0,#ee3224
Wilson,from March 1974,270,0,0,#ee3224
Wilson,from March 1974,280,0,0,#ee3224
Wilson,from March 1974,290,0,0,#ee3224
Wilson,from March 1974,300,0,0,#ee3224
Wilson,from March 1974,310,0,0,#ee3224
Wilson,from March 1974,320,0,0,#ee3224
Wilson,from March 1974,330,0,0,#ee3224
Wilson,from March 1974,340,0,0,#ee3224
Wilson,from March 1974,350,0,0,#ee3224
Wilson,from March 1974,360,0,0,#ee3224
Wilson,from March 1974,370,0,0,#ee3224
Wilson,from March 1974,380,0,0,#ee3224
Wilson,from March 1974,390,0,0,#ee3224
Wilson,from March 1974,400,0,0,#ee3224
Wilson,from March 1974,410,0,0,#ee3224
Wilson,from March 1974,420,0,0,#ee3224
Wilson,from March 1974,430,0,0,#ee3224
Wilson,from March 1974,440,0,0,#ee3224
Wilson,from March 1974,450,0,0,#ee3224
Wilson,from March 1974,460,0,0,#ee3224
Wilson,from March 1974,470,0,0,#ee3224
Wilson,from March 1974,480,0,0,#ee3224
Wilson,from March 1974,490,0,0,#ee3224
Wilson,from March 1974,500,1,0,#ee3224
Wilson,from March 1974,510,1,1,#ee3224
Wilson,from March 1974,520,1,1,#ee3224
Wilson,from March 1974,530,1,1,#ee3224
Wilson,from March 1974,540,1,1,#ee3224
Wilson,from March 1974,550,1,1,#ee3224
Wilson,from March 1974,560,1,1,#ee3224
Wilson,from March 1974,570,1,1,#ee3224
Wilson,from March 1974,580,1,1,#ee3224
Wilson,from March 1974,590,1,1,#ee3224
Wilson,from March 1974,600,1,1,#ee3224
Wilson,from March 1974,610,1,1,#ee3224
Wilson,from March 1974,620,1,1,#ee3224
Wilson,from March 1974,630,2,1,#ee3224
Wilson,from March 1974,640,2,2,#ee3224
Wilson,from March 1974,650,2,2,#ee3224
Wilson,from March 1974,660,2,2,#ee3224
Wilson,from March 1974,670,2,2,#ee3224
Wilson,from March 1974,680,2,2,#ee3224
Wilson,from March 1974,690,2,2,#ee3224
Wilson,from March 1974,700,2,2,#ee3224
Wilson,from March 1974,710,2,2,#ee3224
Wilson,from March 1974,720,2,2,#ee3224
Wilson,from March 1974,730,2,2,#ee3224
Wilson,from March 1974,740,2,2,#ee3224
Wilson,from March 1974,750,2,2,#ee3224
Wilson,from March 1974,760,2,2,#ee3224
Wilson,from March 1974,770,2,2,#ee3224
Wilson,from March 1974,780,2,2,#ee3224
Wilson,from March 1974,790,2,2,#ee3224
Wilson,from March 1974,800,2,2,#ee3224
Wilson,from March 1974,810,2,2,#ee3224
Wilson,from March 1974,820,2,2,#ee3224
Wilson,from March 1974,830,2,2,#ee3224
Wilson,from March 1974,840,2,2,#ee3224
Wilson,from March 1974,850,2,2,#ee3224
Wilson,from March 1974,860,2,2,#ee3224
Wilson,from March 1974,870,2,2,#ee3224
Wilson,from March 1974,880,2,2,#ee3224
Wilson,from March 1974,890,2,2,#ee3224
Wilson,from March 1974,900,2,2,#ee3224
Wilson,from March 1974,910,2,2,#ee3224
Wilson,from March 1974,920,2,2,#ee3224
Wilson,from March 1974,930,2,2,#ee3224
Wilson,from March 1974,940,2,2,#ee3224
Wilson,from March 1974,950,2,2,#ee3224
Wilson,from March 1974,960,2,2,#ee3224
Wilson,from March 1974,970,2,2,#ee3224
Wilson,from March 1974,980,2,2,#ee3224
Wilson,from March 1974,990,2,2,#ee3224
Wilson,from March 1974,1000,2,2,#ee3224
