Name,Value,Year,LastValue
Balfour,0,1900,0
Balfour,0,1901,0
Balfour,0,1902,0
Balfour,5,1903,0
Balfour,5,1904,5
Balfour,6,1905,5
Balfour,6,1906,6
Balfour,6,1907,6
Balfour,6,1908,6
Balfour,6,1909,6
Balfour,6,1910,6
Balfour,6,1911,6
Balfour,6,1912,6
Balfour,6,1913,6
Balfour,6,1914,6
Balfour,6,1915,6
Balfour,6,1916,6
Balfour,6,1917,6
Balfour,6,1918,6
Balfour,6,1919,6
Balfour,6,1920,6
Balfour,6,1921,6
Balfour,6,1922,6
Balfour,6,1923,6
Balfour,6,1924,6
Balfour,6,1925,6
Balfour,6,1926,6
Balfour,6,1927,6
Balfour,6,1928,6
Balfour,6,1929,6
Balfour,6,1930,6
Balfour,6,1931,6
Balfour,6,1932,6
Balfour,6,1933,6
Balfour,6,1934,6
Balfour,6,1935,6
Balfour,6,1936,6
Balfour,6,1937,6
Balfour,6,1938,6
Balfour,6,1939,6
Balfour,6,1940,6
Balfour,6,1941,6
Balfour,6,1942,6
Balfour,6,1943,6
Balfour,6,1944,6
Balfour,6,1945,6
Balfour,6,1946,6
Balfour,6,1947,6
Balfour,6,1948,6
Balfour,6,1949,6
Balfour,6,1950,6
Balfour,6,1951,6
Balfour,6,1952,6
Balfour,6,1953,6
Balfour,6,1954,6
Balfour,6,1955,6
Balfour,6,1956,6
Balfour,6,1957,6
Balfour,6,1958,6
Balfour,6,1959,6
Balfour,6,1960,6
Balfour,6,1961,6
Balfour,6,1962,6
Balfour,6,1963,6
Balfour,6,1964,6
Balfour,6,1965,6
Balfour,6,1966,6
Balfour,6,1967,6
Balfour,6,1968,6
Balfour,6,1969,6
Balfour,6,1970,6
Balfour,6,1971,6
Balfour,6,1972,6
Balfour,6,1973,6
Balfour,6,1974,6
Balfour,6,1975,6
Balfour,6,1976,6
Balfour,6,1977,6
Balfour,6,1978,6
Balfour,6,1979,6
Balfour,6,1980,6
Balfour,6,1981,6
Balfour,6,1982,6
Balfour,6,1983,6
Balfour,6,1984,6
Balfour,6,1985,6
Balfour,6,1986,6
Balfour,6,1987,6
Balfour,6,1988,6
Balfour,6,1989,6
Balfour,6,1990,6
Balfour,6,1991,6
Balfour,6,1992,6
Balfour,6,1993,6
Balfour,6,1994,6
Balfour,6,1995,6
Balfour,6,1996,6
Balfour,6,1997,6
Balfour,6,1998,6
Balfour,6,1999,6
Balfour,6,2000,6
Balfour,6,2001,6
Balfour,6,2002,6
Balfour,6,2003,6
Balfour,6,2004,6
Balfour,6,2005,6
Balfour,6,2006,6
Balfour,6,2007,6
Balfour,6,2008,6
Balfour,6,2009,6
Balfour,6,2010,6
Balfour,6,2011,6
Balfour,6,2012,6
Balfour,6,2013,6
Balfour,6,2014,6
Balfour,6,2015,6
Balfour,6,2016,6
Balfour,6,2017,6
Balfour,6,2018,6
Balfour,6,2019,6
Asquith,0,1900,0
Asquith,0,1901,0
Asquith,0,1902,0
Asquith,0,1903,0
Asquith,0,1904,0
Asquith,0,1905,0
Asquith,0,1906,0
Asquith,0,1907,0
Asquith,0,1908,0
Asquith,0,1909,0
Asquith,0,1910,0
Asquith,0,1911,0
Asquith,0,1912,0
Asquith,0,1913,0
Asquith,4,1914,0
Asquith,6,1915,4
Asquith,8,1916,6
Asquith,8,1917,8
Asquith,8,1918,8
Asquith,8,1919,8
Asquith,8,1920,8
Asquith,8,1921,8
Asquith,8,1922,8
Asquith,8,1923,8
Asquith,8,1924,8
Asquith,8,1925,8
Asquith,8,1926,8
Asquith,8,1927,8
Asquith,8,1928,8
Asquith,8,1929,8
Asquith,8,1930,8
Asquith,8,1931,8
Asquith,8,1932,8
Asquith,8,1933,8
Asquith,8,1934,8
Asquith,8,1935,8
Asquith,8,1936,8
Asquith,8,1937,8
Asquith,8,1938,8
Asquith,8,1939,8
Asquith,8,1940,8
Asquith,8,1941,8
Asquith,8,1942,8
Asquith,8,1943,8
Asquith,8,1944,8
Asquith,8,1945,8
Asquith,8,1946,8
Asquith,8,1947,8
Asquith,8,1948,8
Asquith,8,1949,8
Asquith,8,1950,8
Asquith,8,1951,8
Asquith,8,1952,8
Asquith,8,1953,8
Asquith,8,1954,8
Asquith,8,1955,8
Asquith,8,1956,8
Asquith,8,1957,8
Asquith,8,1958,8
Asquith,8,1959,8
Asquith,8,1960,8
Asquith,8,1961,8
Asquith,8,1962,8
Asquith,8,1963,8
Asquith,8,1964,8
Asquith,8,1965,8
Asquith,8,1966,8
Asquith,8,1967,8
Asquith,8,1968,8
Asquith,8,1969,8
Asquith,8,1970,8
Asquith,8,1971,8
Asquith,8,1972,8
Asquith,8,1973,8
Asquith,8,1974,8
Asquith,8,1975,8
Asquith,8,1976,8
Asquith,8,1977,8
Asquith,8,1978,8
Asquith,8,1979,8
Asquith,8,1980,8
Asquith,8,1981,8
Asquith,8,1982,8
Asquith,8,1983,8
Asquith,8,1984,8
Asquith,8,1985,8
Asquith,8,1986,8
Asquith,8,1987,8
Asquith,8,1988,8
Asquith,8,1989,8
Asquith,8,1990,8
Asquith,8,1991,8
Asquith,8,1992,8
Asquith,8,1993,8
Asquith,8,1994,8
Asquith,8,1995,8
Asquith,8,1996,8
Asquith,8,1997,8
Asquith,8,1998,8
Asquith,8,1999,8
Asquith,8,2000,8
Asquith,8,2001,8
Asquith,8,2002,8
Asquith,8,2003,8
Asquith,8,2004,8
Asquith,8,2005,8
Asquith,8,2006,8
Asquith,8,2007,8
Asquith,8,2008,8
Asquith,8,2009,8
Asquith,8,2010,8
Asquith,8,2011,8
Asquith,8,2012,8
Asquith,8,2013,8
Asquith,8,2014,8
Asquith,8,2015,8
Asquith,8,2016,8
Asquith,8,2017,8
Asquith,8,2018,8
Asquith,8,2019,8
Lloyd George,0,1900,0
Lloyd George,0,1901,0
Lloyd George,0,1902,0
Lloyd George,0,1903,0
Lloyd George,0,1904,0
Lloyd George,0,1905,0
Lloyd George,0,1906,0
Lloyd George,0,1907,0
Lloyd George,0,1908,0
Lloyd George,0,1909,0
Lloyd George,0,1910,0
Lloyd George,0,1911,0
Lloyd George,0,1912,0
Lloyd George,0,1913,0
Lloyd George,0,1914,0
Lloyd George,0,1915,0
Lloyd George,0,1916,0
Lloyd George,3,1917,0
Lloyd George,6,1918,3
Lloyd George,7,1919,6
Lloyd George,7,1920,7
Lloyd George,8,1921,7
Lloyd George,9,1922,8
Lloyd George,9,1923,9
Lloyd George,9,1924,9
Lloyd George,9,1925,9
Lloyd George,9,1926,9
Lloyd George,9,1927,9
Lloyd George,9,1928,9
Lloyd George,9,1929,9
Lloyd George,9,1930,9
Lloyd George,9,1931,9
Lloyd George,9,1932,9
Lloyd George,9,1933,9
Lloyd George,9,1934,9
Lloyd George,9,1935,9
Lloyd George,9,1936,9
Lloyd George,9,1937,9
Lloyd George,9,1938,9
Lloyd George,9,1939,9
Lloyd George,9,1940,9
Lloyd George,9,1941,9
Lloyd George,9,1942,9
Lloyd George,9,1943,9
Lloyd George,9,1944,9
Lloyd George,9,1945,9
Lloyd George,9,1946,9
Lloyd George,9,1947,9
Lloyd George,9,1948,9
Lloyd George,9,1949,9
Lloyd George,9,1950,9
Lloyd George,9,1951,9
Lloyd George,9,1952,9
Lloyd George,9,1953,9
Lloyd George,9,1954,9
Lloyd George,9,1955,9
Lloyd George,9,1956,9
Lloyd George,9,1957,9
Lloyd George,9,1958,9
Lloyd George,9,1959,9
Lloyd George,9,1960,9
Lloyd George,9,1961,9
Lloyd George,9,1962,9
Lloyd George,9,1963,9
Lloyd George,9,1964,9
Lloyd George,9,1965,9
Lloyd George,9,1966,9
Lloyd George,9,1967,9
Lloyd George,9,1968,9
Lloyd George,9,1969,9
Lloyd George,9,1970,9
Lloyd George,9,1971,9
Lloyd George,9,1972,9
Lloyd George,9,1973,9
Lloyd George,9,1974,9
Lloyd George,9,1975,9
Lloyd George,9,1976,9
Lloyd George,9,1977,9
Lloyd George,9,1978,9
Lloyd George,9,1979,9
Lloyd George,9,1980,9
Lloyd George,9,1981,9
Lloyd George,9,1982,9
Lloyd George,9,1983,9
Lloyd George,9,1984,9
Lloyd George,9,1985,9
Lloyd George,9,1986,9
Lloyd George,9,1987,9
Lloyd George,9,1988,9
Lloyd George,9,1989,9
Lloyd George,9,1990,9
Lloyd George,9,1991,9
Lloyd George,9,1992,9
Lloyd George,9,1993,9
Lloyd George,9,1994,9
Lloyd George,9,1995,9
Lloyd George,9,1996,9
Lloyd George,9,1997,9
Lloyd George,9,1998,9
Lloyd George,9,1999,9
Lloyd George,9,2000,9
Lloyd George,9,2001,9
Lloyd George,9,2002,9
Lloyd George,9,2003,9
Lloyd George,9,2004,9
Lloyd George,9,2005,9
Lloyd George,9,2006,9
Lloyd George,9,2007,9
Lloyd George,9,2008,9
Lloyd George,9,2009,9
Lloyd George,9,2010,9
Lloyd George,9,2011,9
Lloyd George,9,2012,9
Lloyd George,9,2013,9
Lloyd George,9,2014,9
Lloyd George,9,2015,9
Lloyd George,9,2016,9
Lloyd George,9,2017,9
Lloyd George,9,2018,9
Lloyd George,9,2019,9
Baldwin,0,1900,0
Baldwin,0,1901,0
Baldwin,0,1902,0
Baldwin,0,1903,0
Baldwin,0,1904,0
Baldwin,0,1905,0
Baldwin,0,1906,0
Baldwin,0,1907,0
Baldwin,0,1908,0
Baldwin,0,1909,0
Baldwin,0,1910,0
Baldwin,0,1911,0
Baldwin,0,1912,0
Baldwin,0,1913,0
Baldwin,0,1914,0
Baldwin,0,1915,0
Baldwin,0,1916,0
Baldwin,0,1917,0
Baldwin,0,1918,0
Baldwin,0,1919,0
Baldwin,0,1920,0
Baldwin,0,1921,0
Baldwin,0,1922,0
Baldwin,1,1923,0
Baldwin,1,1924,1
Baldwin,1,1925,1
Baldwin,1,1926,1
Baldwin,2,1927,1
Baldwin,2,1928,2
Baldwin,2,1929,2
Baldwin,2,1930,2
Baldwin,2,1931,2
Baldwin,2,1932,2
Baldwin,2,1933,2
Baldwin,2,1934,2
Baldwin,3,1935,2
Baldwin,4,1936,3
Baldwin,4,1937,4
Baldwin,4,1938,4
Baldwin,4,1939,4
Baldwin,4,1940,4
Baldwin,4,1941,4
Baldwin,4,1942,4
Baldwin,4,1943,4
Baldwin,4,1944,4
Baldwin,4,1945,4
Baldwin,4,1946,4
Baldwin,4,1947,4
Baldwin,4,1948,4
Baldwin,4,1949,4
Baldwin,4,1950,4
Baldwin,4,1951,4
Baldwin,4,1952,4
Baldwin,4,1953,4
Baldwin,4,1954,4
Baldwin,4,1955,4
Baldwin,4,1956,4
Baldwin,4,1957,4
Baldwin,4,1958,4
Baldwin,4,1959,4
Baldwin,4,1960,4
Baldwin,4,1961,4
Baldwin,4,1962,4
Baldwin,4,1963,4
Baldwin,4,1964,4
Baldwin,4,1965,4
Baldwin,4,1966,4
Baldwin,4,1967,4
Baldwin,4,1968,4
Baldwin,4,1969,4
Baldwin,4,1970,4
Baldwin,4,1971,4
Baldwin,4,1972,4
Baldwin,4,1973,4
Baldwin,4,1974,4
Baldwin,4,1975,4
Baldwin,4,1976,4
Baldwin,4,1977,4
Baldwin,4,1978,4
Baldwin,4,1979,4
Baldwin,4,1980,4
Baldwin,4,1981,4
Baldwin,4,1982,4
Baldwin,4,1983,4
Baldwin,4,1984,4
Baldwin,4,1985,4
Baldwin,4,1986,4
Baldwin,4,1987,4
Baldwin,4,1988,4
Baldwin,4,1989,4
Baldwin,4,1990,4
Baldwin,4,1991,4
Baldwin,4,1992,4
Baldwin,4,1993,4
Baldwin,4,1994,4
Baldwin,4,1995,4
Baldwin,4,1996,4
Baldwin,4,1997,4
Baldwin,4,1998,4
Baldwin,4,1999,4
Baldwin,4,2000,4
Baldwin,4,2001,4
Baldwin,4,2002,4
Baldwin,4,2003,4
Baldwin,4,2004,4
Baldwin,4,2005,4
Baldwin,4,2006,4
Baldwin,4,2007,4
Baldwin,4,2008,4
Baldwin,4,2009,4
Baldwin,4,2010,4
Baldwin,4,2011,4
Baldwin,4,2012,4
Baldwin,4,2013,4
Baldwin,4,2014,4
Baldwin,4,2015,4
Baldwin,4,2016,4
Baldwin,4,2017,4
Baldwin,4,2018,4
Baldwin,4,2019,4
MacDonald,0,1900,0
MacDonald,0,1901,0
MacDonald,0,1902,0
MacDonald,0,1903,0
MacDonald,0,1904,0
MacDonald,0,1905,0
MacDonald,0,1906,0
MacDonald,0,1907,0
MacDonald,0,1908,0
MacDonald,0,1909,0
MacDonald,0,1910,0
MacDonald,0,1911,0
MacDonald,0,1912,0
MacDonald,0,1913,0
MacDonald,0,1914,0
MacDonald,0,1915,0
MacDonald,0,1916,0
MacDonald,0,1917,0
MacDonald,0,1918,0
MacDonald,0,1919,0
MacDonald,0,1920,0
MacDonald,0,1921,0
MacDonald,0,1922,0
MacDonald,0,1923,0
MacDonald,0,1924,0
MacDonald,0,1925,0
MacDonald,0,1926,0
MacDonald,0,1927,0
MacDonald,0,1928,0
MacDonald,0,1929,0
MacDonald,1,1930,0
MacDonald,5,1931,1
MacDonald,16,1932,5
MacDonald,16,1933,16
MacDonald,16,1934,16
MacDonald,16,1935,16
MacDonald,16,1936,16
MacDonald,16,1937,16
MacDonald,16,1938,16
MacDonald,16,1939,16
MacDonald,16,1940,16
MacDonald,16,1941,16
MacDonald,16,1942,16
MacDonald,16,1943,16
MacDonald,16,1944,16
MacDonald,16,1945,16
MacDonald,16,1946,16
MacDonald,16,1947,16
MacDonald,16,1948,16
MacDonald,16,1949,16
MacDonald,16,1950,16
MacDonald,16,1951,16
MacDonald,16,1952,16
MacDonald,16,1953,16
MacDonald,16,1954,16
MacDonald,16,1955,16
MacDonald,16,1956,16
MacDonald,16,1957,16
MacDonald,16,1958,16
MacDonald,16,1959,16
MacDonald,16,1960,16
MacDonald,16,1961,16
MacDonald,16,1962,16
MacDonald,16,1963,16
MacDonald,16,1964,16
MacDonald,16,1965,16
MacDonald,16,1966,16
MacDonald,16,1967,16
MacDonald,16,1968,16
MacDonald,16,1969,16
MacDonald,16,1970,16
MacDonald,16,1971,16
MacDonald,16,1972,16
MacDonald,16,1973,16
MacDonald,16,1974,16
MacDonald,16,1975,16
MacDonald,16,1976,16
MacDonald,16,1977,16
MacDonald,16,1978,16
MacDonald,16,1979,16
MacDonald,16,1980,16
MacDonald,16,1981,16
MacDonald,16,1982,16
MacDonald,16,1983,16
MacDonald,16,1984,16
MacDonald,16,1985,16
MacDonald,16,1986,16
MacDonald,16,1987,16
MacDonald,16,1988,16
MacDonald,16,1989,16
MacDonald,16,1990,16
MacDonald,16,1991,16
MacDonald,16,1992,16
MacDonald,16,1993,16
MacDonald,16,1994,16
MacDonald,16,1995,16
MacDonald,16,1996,16
MacDonald,16,1997,16
MacDonald,16,1998,16
MacDonald,16,1999,16
MacDonald,16,2000,16
MacDonald,16,2001,16
MacDonald,16,2002,16
MacDonald,16,2003,16
MacDonald,16,2004,16
MacDonald,16,2005,16
MacDonald,16,2006,16
MacDonald,16,2007,16
MacDonald,16,2008,16
MacDonald,16,2009,16
MacDonald,16,2010,16
MacDonald,16,2011,16
MacDonald,16,2012,16
MacDonald,16,2013,16
MacDonald,16,2014,16
MacDonald,16,2015,16
MacDonald,16,2016,16
MacDonald,16,2017,16
MacDonald,16,2018,16
MacDonald,16,2019,16
Chamberlain,0,1900,0
Chamberlain,0,1901,0
Chamberlain,0,1902,0
Chamberlain,0,1903,0
Chamberlain,0,1904,0
Chamberlain,0,1905,0
Chamberlain,0,1906,0
Chamberlain,0,1907,0
Chamberlain,0,1908,0
Chamberlain,0,1909,0
Chamberlain,0,1910,0
Chamberlain,0,1911,0
Chamberlain,0,1912,0
Chamberlain,0,1913,0
Chamberlain,0,1914,0
Chamberlain,0,1915,0
Chamberlain,0,1916,0
Chamberlain,0,1917,0
Chamberlain,0,1918,0
Chamberlain,0,1919,0
Chamberlain,0,1920,0
Chamberlain,0,1921,0
Chamberlain,0,1922,0
Chamberlain,0,1923,0
Chamberlain,0,1924,0
Chamberlain,0,1925,0
Chamberlain,0,1926,0
Chamberlain,0,1927,0
Chamberlain,0,1928,0
Chamberlain,0,1929,0
Chamberlain,0,1930,0
Chamberlain,0,1931,0
Chamberlain,0,1932,0
Chamberlain,0,1933,0
Chamberlain,0,1934,0
Chamberlain,0,1935,0
Chamberlain,0,1936,0
Chamberlain,0,1937,0
Chamberlain,5,1938,0
Chamberlain,5,1939,5
Chamberlain,5,1940,5
Chamberlain,5,1941,5
Chamberlain,5,1942,5
Chamberlain,5,1943,5
Chamberlain,5,1944,5
Chamberlain,5,1945,5
Chamberlain,5,1946,5
Chamberlain,5,1947,5
Chamberlain,5,1948,5
Chamberlain,5,1949,5
Chamberlain,5,1950,5
Chamberlain,5,1951,5
Chamberlain,5,1952,5
Chamberlain,5,1953,5
Chamberlain,5,1954,5
Chamberlain,5,1955,5
Chamberlain,5,1956,5
Chamberlain,5,1957,5
Chamberlain,5,1958,5
Chamberlain,5,1959,5
Chamberlain,5,1960,5
Chamberlain,5,1961,5
Chamberlain,5,1962,5
Chamberlain,5,1963,5
Chamberlain,5,1964,5
Chamberlain,5,1965,5
Chamberlain,5,1966,5
Chamberlain,5,1967,5
Chamberlain,5,1968,5
Chamberlain,5,1969,5
Chamberlain,5,1970,5
Chamberlain,5,1971,5
Chamberlain,5,1972,5
Chamberlain,5,1973,5
Chamberlain,5,1974,5
Chamberlain,5,1975,5
Chamberlain,5,1976,5
Chamberlain,5,1977,5
Chamberlain,5,1978,5
Chamberlain,5,1979,5
Chamberlain,5,1980,5
Chamberlain,5,1981,5
Chamberlain,5,1982,5
Chamberlain,5,1983,5
Chamberlain,5,1984,5
Chamberlain,5,1985,5
Chamberlain,5,1986,5
Chamberlain,5,1987,5
Chamberlain,5,1988,5
Chamberlain,5,1989,5
Chamberlain,5,1990,5
Chamberlain,5,1991,5
Chamberlain,5,1992,5
Chamberlain,5,1993,5
Chamberlain,5,1994,5
Chamberlain,5,1995,5
Chamberlain,5,1996,5
Chamberlain,5,1997,5
Chamberlain,5,1998,5
Chamberlain,5,1999,5
Chamberlain,5,2000,5
Chamberlain,5,2001,5
Chamberlain,5,2002,5
Chamberlain,5,2003,5
Chamberlain,5,2004,5
Chamberlain,5,2005,5
Chamberlain,5,2006,5
Chamberlain,5,2007,5
Chamberlain,5,2008,5
Chamberlain,5,2009,5
Chamberlain,5,2010,5
Chamberlain,5,2011,5
Chamberlain,5,2012,5
Chamberlain,5,2013,5
Chamberlain,5,2014,5
Chamberlain,5,2015,5
Chamberlain,5,2016,5
Chamberlain,5,2017,5
Chamberlain,5,2018,5
Chamberlain,5,2019,5
Churchill,0,1900,0
Churchill,0,1901,0
Churchill,0,1902,0
Churchill,0,1903,0
Churchill,0,1904,0
Churchill,0,1905,0
Churchill,0,1906,0
Churchill,0,1907,0
Churchill,0,1908,0
Churchill,0,1909,0
Churchill,0,1910,0
Churchill,0,1911,0
Churchill,0,1912,0
Churchill,0,1913,0
Churchill,0,1914,0
Churchill,0,1915,0
Churchill,0,1916,0
Churchill,0,1917,0
Churchill,0,1918,0
Churchill,0,1919,0
Churchill,0,1920,0
Churchill,0,1921,0
Churchill,0,1922,0
Churchill,0,1923,0
Churchill,0,1924,0
Churchill,0,1925,0
Churchill,0,1926,0
Churchill,0,1927,0
Churchill,0,1928,0
Churchill,0,1929,0
Churchill,0,1930,0
Churchill,0,1931,0
Churchill,0,1932,0
Churchill,0,1933,0
Churchill,0,1934,0
Churchill,0,1935,0
Churchill,0,1936,0
Churchill,0,1937,0
Churchill,0,1938,0
Churchill,0,1939,0
Churchill,0,1940,0
Churchill,1,1941,0
Churchill,1,1942,1
Churchill,1,1943,1
Churchill,1,1944,1
Churchill,3,1945,1
Churchill,3,1946,3
Churchill,3,1947,3
Churchill,3,1948,3
Churchill,3,1949,3
Churchill,3,1950,3
Churchill,3,1951,3
Churchill,3,1952,3
Churchill,3,1953,3
Churchill,4,1954,3
Churchill,4,1955,4
Churchill,4,1956,4
Churchill,4,1957,4
Churchill,4,1958,4
Churchill,4,1959,4
Churchill,4,1960,4
Churchill,4,1961,4
Churchill,4,1962,4
Churchill,4,1963,4
Churchill,4,1964,4
Churchill,4,1965,4
Churchill,4,1966,4
Churchill,4,1967,4
Churchill,4,1968,4
Churchill,4,1969,4
Churchill,4,1970,4
Churchill,4,1971,4
Churchill,4,1972,4
Churchill,4,1973,4
Churchill,4,1974,4
Churchill,4,1975,4
Churchill,4,1976,4
Churchill,4,1977,4
Churchill,4,1978,4
Churchill,4,1979,4
Churchill,4,1980,4
Churchill,4,1981,4
Churchill,4,1982,4
Churchill,4,1983,4
Churchill,4,1984,4
Churchill,4,1985,4
Churchill,4,1986,4
Churchill,4,1987,4
Churchill,4,1988,4
Churchill,4,1989,4
Churchill,4,1990,4
Churchill,4,1991,4
Churchill,4,1992,4
Churchill,4,1993,4
Churchill,4,1994,4
Churchill,4,1995,4
Churchill,4,1996,4
Churchill,4,1997,4
Churchill,4,1998,4
Churchill,4,1999,4
Churchill,4,2000,4
Churchill,4,2001,4
Churchill,4,2002,4
Churchill,4,2003,4
Churchill,4,2004,4
Churchill,4,2005,4
Churchill,4,2006,4
Churchill,4,2007,4
Churchill,4,2008,4
Churchill,4,2009,4
Churchill,4,2010,4
Churchill,4,2011,4
Churchill,4,2012,4
Churchill,4,2013,4
Churchill,4,2014,4
Churchill,4,2015,4
Churchill,4,2016,4
Churchill,4,2017,4
Churchill,4,2018,4
Churchill,4,2019,4
Attlee,0,1900,0
Attlee,0,1901,0
Attlee,0,1902,0
Attlee,0,1903,0
Attlee,0,1904,0
Attlee,0,1905,0
Attlee,0,1906,0
Attlee,0,1907,0
Attlee,0,1908,0
Attlee,0,1909,0
Attlee,0,1910,0
Attlee,0,1911,0
Attlee,0,1912,0
Attlee,0,1913,0
Attlee,0,1914,0
Attlee,0,1915,0
Attlee,0,1916,0
Attlee,0,1917,0
Attlee,0,1918,0
Attlee,0,1919,0
Attlee,0,1920,0
Attlee,0,1921,0
Attlee,0,1922,0
Attlee,0,1923,0
Attlee,0,1924,0
Attlee,0,1925,0
Attlee,0,1926,0
Attlee,0,1927,0
Attlee,0,1928,0
Attlee,0,1929,0
Attlee,0,1930,0
Attlee,0,1931,0
Attlee,0,1932,0
Attlee,0,1933,0
Attlee,0,1934,0
Attlee,0,1935,0
Attlee,0,1936,0
Attlee,0,1937,0
Attlee,0,1938,0
Attlee,0,1939,0
Attlee,0,1940,0
Attlee,0,1941,0
Attlee,0,1942,0
Attlee,0,1943,0
Attlee,0,1944,0
Attlee,0,1945,0
Attlee,1,1946,0
Attlee,2,1947,1
Attlee,3,1948,2
Attlee,3,1949,3
Attlee,4,1950,3
Attlee,7,1951,4
Attlee,7,1952,7
Attlee,7,1953,7
Attlee,7,1954,7
Attlee,7,1955,7
Attlee,7,1956,7
Attlee,7,1957,7
Attlee,7,1958,7
Attlee,7,1959,7
Attlee,7,1960,7
Attlee,7,1961,7
Attlee,7,1962,7
Attlee,7,1963,7
Attlee,7,1964,7
Attlee,7,1965,7
Attlee,7,1966,7
Attlee,7,1967,7
Attlee,7,1968,7
Attlee,7,1969,7
Attlee,7,1970,7
Attlee,7,1971,7
Attlee,7,1972,7
Attlee,7,1973,7
Attlee,7,1974,7
Attlee,7,1975,7
Attlee,7,1976,7
Attlee,7,1977,7
Attlee,7,1978,7
Attlee,7,1979,7
Attlee,7,1980,7
Attlee,7,1981,7
Attlee,7,1982,7
Attlee,7,1983,7
Attlee,7,1984,7
Attlee,7,1985,7
Attlee,7,1986,7
Attlee,7,1987,7
Attlee,7,1988,7
Attlee,7,1989,7
Attlee,7,1990,7
Attlee,7,1991,7
Attlee,7,1992,7
Attlee,7,1993,7
Attlee,7,1994,7
Attlee,7,1995,7
Attlee,7,1996,7
Attlee,7,1997,7
Attlee,7,1998,7
Attlee,7,1999,7
Attlee,7,2000,7
Attlee,7,2001,7
Attlee,7,2002,7
Attlee,7,2003,7
Attlee,7,2004,7
Attlee,7,2005,7
Attlee,7,2006,7
Attlee,7,2007,7
Attlee,7,2008,7
Attlee,7,2009,7
Attlee,7,2010,7
Attlee,7,2011,7
Attlee,7,2012,7
Attlee,7,2013,7
Attlee,7,2014,7
Attlee,7,2015,7
Attlee,7,2016,7
Attlee,7,2017,7
Attlee,7,2018,7
Attlee,7,2019,7
Eden,0,1900,0
Eden,0,1901,0
Eden,0,1902,0
Eden,0,1903,0
Eden,0,1904,0
Eden,0,1905,0
Eden,0,1906,0
Eden,0,1907,0
Eden,0,1908,0
Eden,0,1909,0
Eden,0,1910,0
Eden,0,1911,0
Eden,0,1912,0
Eden,0,1913,0
Eden,0,1914,0
Eden,0,1915,0
Eden,0,1916,0
Eden,0,1917,0
Eden,0,1918,0
Eden,0,1919,0
Eden,0,1920,0
Eden,0,1921,0
Eden,0,1922,0
Eden,0,1923,0
Eden,0,1924,0
Eden,0,1925,0
Eden,0,1926,0
Eden,0,1927,0
Eden,0,1928,0
Eden,0,1929,0
Eden,0,1930,0
Eden,0,1931,0
Eden,0,1932,0
Eden,0,1933,0
Eden,0,1934,0
Eden,0,1935,0
Eden,0,1936,0
Eden,0,1937,0
Eden,0,1938,0
Eden,0,1939,0
Eden,0,1940,0
Eden,0,1941,0
Eden,0,1942,0
Eden,0,1943,0
Eden,0,1944,0
Eden,0,1945,0
Eden,0,1946,0
Eden,0,1947,0
Eden,0,1948,0
Eden,0,1949,0
Eden,0,1950,0
Eden,0,1951,0
Eden,0,1952,0
Eden,0,1953,0
Eden,0,1954,0
Eden,0,1955,0
Eden,2,1956,0
Eden,2,1957,2
Eden,2,1958,2
Eden,2,1959,2
Eden,2,1960,2
Eden,2,1961,2
Eden,2,1962,2
Eden,2,1963,2
Eden,2,1964,2
Eden,2,1965,2
Eden,2,1966,2
Eden,2,1967,2
Eden,2,1968,2
Eden,2,1969,2
Eden,2,1970,2
Eden,2,1971,2
Eden,2,1972,2
Eden,2,1973,2
Eden,2,1974,2
Eden,2,1975,2
Eden,2,1976,2
Eden,2,1977,2
Eden,2,1978,2
Eden,2,1979,2
Eden,2,1980,2
Eden,2,1981,2
Eden,2,1982,2
Eden,2,1983,2
Eden,2,1984,2
Eden,2,1985,2
Eden,2,1986,2
Eden,2,1987,2
Eden,2,1988,2
Eden,2,1989,2
Eden,2,1990,2
Eden,2,1991,2
Eden,2,1992,2
Eden,2,1993,2
Eden,2,1994,2
Eden,2,1995,2
Eden,2,1996,2
Eden,2,1997,2
Eden,2,1998,2
Eden,2,1999,2
Eden,2,2000,2
Eden,2,2001,2
Eden,2,2002,2
Eden,2,2003,2
Eden,2,2004,2
Eden,2,2005,2
Eden,2,2006,2
Eden,2,2007,2
Eden,2,2008,2
Eden,2,2009,2
Eden,2,2010,2
Eden,2,2011,2
Eden,2,2012,2
Eden,2,2013,2
Eden,2,2014,2
Eden,2,2015,2
Eden,2,2016,2
Eden,2,2017,2
Eden,2,2018,2
Eden,2,2019,2
Macmillan,0,1900,0
Macmillan,0,1901,0
Macmillan,0,1902,0
Macmillan,0,1903,0
Macmillan,0,1904,0
Macmillan,0,1905,0
Macmillan,0,1906,0
Macmillan,0,1907,0
Macmillan,0,1908,0
Macmillan,0,1909,0
Macmillan,0,1910,0
Macmillan,0,1911,0
Macmillan,0,1912,0
Macmillan,0,1913,0
Macmillan,0,1914,0
Macmillan,0,1915,0
Macmillan,0,1916,0
Macmillan,0,1917,0
Macmillan,0,1918,0
Macmillan,0,1919,0
Macmillan,0,1920,0
Macmillan,0,1921,0
Macmillan,0,1922,0
Macmillan,0,1923,0
Macmillan,0,1924,0
Macmillan,0,1925,0
Macmillan,0,1926,0
Macmillan,0,1927,0
Macmillan,0,1928,0
Macmillan,0,1929,0
Macmillan,0,1930,0
Macmillan,0,1931,0
Macmillan,0,1932,0
Macmillan,0,1933,0
Macmillan,0,1934,0
Macmillan,0,1935,0
Macmillan,0,1936,0
Macmillan,0,1937,0
Macmillan,0,1938,0
Macmillan,0,1939,0
Macmillan,0,1940,0
Macmillan,0,1941,0
Macmillan,0,1942,0
Macmillan,0,1943,0
Macmillan,0,1944,0
Macmillan,0,1945,0
Macmillan,0,1946,0
Macmillan,0,1947,0
Macmillan,0,1948,0
Macmillan,0,1949,0
Macmillan,0,1950,0
Macmillan,0,1951,0
Macmillan,0,1952,0
Macmillan,0,1953,0
Macmillan,0,1954,0
Macmillan,0,1955,0
Macmillan,0,1956,0
Macmillan,1,1957,0
Macmillan,5,1958,1
Macmillan,5,1959,5
Macmillan,5,1960,5
Macmillan,5,1961,5
Macmillan,6,1962,5
Macmillan,7,1963,6
Macmillan,7,1964,7
Macmillan,7,1965,7
Macmillan,7,1966,7
Macmillan,7,1967,7
Macmillan,7,1968,7
Macmillan,7,1969,7
Macmillan,7,1970,7
Macmillan,7,1971,7
Macmillan,7,1972,7
Macmillan,7,1973,7
Macmillan,7,1974,7
Macmillan,7,1975,7
Macmillan,7,1976,7
Macmillan,7,1977,7
Macmillan,7,1978,7
Macmillan,7,1979,7
Macmillan,7,1980,7
Macmillan,7,1981,7
Macmillan,7,1982,7
Macmillan,7,1983,7
Macmillan,7,1984,7
Macmillan,7,1985,7
Macmillan,7,1986,7
Macmillan,7,1987,7
Macmillan,7,1988,7
Macmillan,7,1989,7
Macmillan,7,1990,7
Macmillan,7,1991,7
Macmillan,7,1992,7
Macmillan,7,1993,7
Macmillan,7,1994,7
Macmillan,7,1995,7
Macmillan,7,1996,7
Macmillan,7,1997,7
Macmillan,7,1998,7
Macmillan,7,1999,7
Macmillan,7,2000,7
Macmillan,7,2001,7
Macmillan,7,2002,7
Macmillan,7,2003,7
Macmillan,7,2004,7
Macmillan,7,2005,7
Macmillan,7,2006,7
Macmillan,7,2007,7
Macmillan,7,2008,7
Macmillan,7,2009,7
Macmillan,7,2010,7
Macmillan,7,2011,7
Macmillan,7,2012,7
Macmillan,7,2013,7
Macmillan,7,2014,7
Macmillan,7,2015,7
Macmillan,7,2016,7
Macmillan,7,2017,7
Macmillan,7,2018,7
Macmillan,7,2019,7
Wilson,0,1900,0
Wilson,0,1901,0
Wilson,0,1902,0
Wilson,0,1903,0
Wilson,0,1904,0
Wilson,0,1905,0
Wilson,0,1906,0
Wilson,0,1907,0
Wilson,0,1908,0
Wilson,0,1909,0
Wilson,0,1910,0
Wilson,0,1911,0
Wilson,0,1912,0
Wilson,0,1913,0
Wilson,0,1914,0
Wilson,0,1915,0
Wilson,0,1916,0
Wilson,0,1917,0
Wilson,0,1918,0
Wilson,0,1919,0
Wilson,0,1920,0
Wilson,0,1921,0
Wilson,0,1922,0
Wilson,0,1923,0
Wilson,0,1924,0
Wilson,0,1925,0
Wilson,0,1926,0
Wilson,0,1927,0
Wilson,0,1928,0
Wilson,0,1929,0
Wilson,0,1930,0
Wilson,0,1931,0
Wilson,0,1932,0
Wilson,0,1933,0
Wilson,0,1934,0
Wilson,0,1935,0
Wilson,0,1936,0
Wilson,0,1937,0
Wilson,0,1938,0
Wilson,0,1939,0
Wilson,0,1940,0
Wilson,0,1941,0
Wilson,0,1942,0
Wilson,0,1943,0
Wilson,0,1944,0
Wilson,0,1945,0
Wilson,0,1946,0
Wilson,0,1947,0
Wilson,0,1948,0
Wilson,0,1949,0
Wilson,0,1950,0
Wilson,0,1951,0
Wilson,0,1952,0
Wilson,0,1953,0
Wilson,0,1954,0
Wilson,0,1955,0
Wilson,0,1956,0
Wilson,0,1957,0
Wilson,0,1958,0
Wilson,0,1959,0
Wilson,0,1960,0
Wilson,0,1961,0
Wilson,0,1962,0
Wilson,0,1963,0
Wilson,0,1964,0
Wilson,0,1965,0
Wilson,2,1966,0
Wilson,3,1967,2
Wilson,7,1968,3
Wilson,8,1969,7
Wilson,8,1970,8
Wilson,8,1971,8
Wilson,8,1972,8
Wilson,8,1973,8
Wilson,10,1974,8
Wilson,11,1975,10
Wilson,12,1976,11
Wilson,12,1977,12
Wilson,12,1978,12
Wilson,12,1979,12
Wilson,12,1980,12
Wilson,12,1981,12
Wilson,12,1982,12
Wilson,12,1983,12
Wilson,12,1984,12
Wilson,12,1985,12
Wilson,12,1986,12
Wilson,12,1987,12
Wilson,12,1988,12
Wilson,12,1989,12
Wilson,12,1990,12
Wilson,12,1991,12
Wilson,12,1992,12
Wilson,12,1993,12
Wilson,12,1994,12
Wilson,12,1995,12
Wilson,12,1996,12
Wilson,12,1997,12
Wilson,12,1998,12
Wilson,12,1999,12
Wilson,12,2000,12
Wilson,12,2001,12
Wilson,12,2002,12
Wilson,12,2003,12
Wilson,12,2004,12
Wilson,12,2005,12
Wilson,12,2006,12
Wilson,12,2007,12
Wilson,12,2008,12
Wilson,12,2009,12
Wilson,12,2010,12
Wilson,12,2011,12
Wilson,12,2012,12
Wilson,12,2013,12
Wilson,12,2014,12
Wilson,12,2015,12
Wilson,12,2016,12
Wilson,12,2017,12
Wilson,12,2018,12
Wilson,12,2019,12
Heath,0,1900,0
Heath,0,1901,0
Heath,0,1902,0
Heath,0,1903,0
Heath,0,1904,0
Heath,0,1905,0
Heath,0,1906,0
Heath,0,1907,0
Heath,0,1908,0
Heath,0,1909,0
Heath,0,1910,0
Heath,0,1911,0
Heath,0,1912,0
Heath,0,1913,0
Heath,0,1914,0
Heath,0,1915,0
Heath,0,1916,0
Heath,0,1917,0
Heath,0,1918,0
Heath,0,1919,0
Heath,0,1920,0
Heath,0,1921,0
Heath,0,1922,0
Heath,0,1923,0
Heath,0,1924,0
Heath,0,1925,0
Heath,0,1926,0
Heath,0,1927,0
Heath,0,1928,0
Heath,0,1929,0
Heath,0,1930,0
Heath,0,1931,0
Heath,0,1932,0
Heath,0,1933,0
Heath,0,1934,0
Heath,0,1935,0
Heath,0,1936,0
Heath,0,1937,0
Heath,0,1938,0
Heath,0,1939,0
Heath,0,1940,0
Heath,0,1941,0
Heath,0,1942,0
Heath,0,1943,0
Heath,0,1944,0
Heath,0,1945,0
Heath,0,1946,0
Heath,0,1947,0
Heath,0,1948,0
Heath,0,1949,0
Heath,0,1950,0
Heath,0,1951,0
Heath,0,1952,0
Heath,0,1953,0
Heath,0,1954,0
Heath,0,1955,0
Heath,0,1956,0
Heath,0,1957,0
Heath,0,1958,0
Heath,0,1959,0
Heath,0,1960,0
Heath,0,1961,0
Heath,0,1962,0
Heath,0,1963,0
Heath,0,1964,0
Heath,0,1965,0
Heath,0,1966,0
Heath,0,1967,0
Heath,0,1968,0
Heath,0,1969,0
Heath,0,1970,0
Heath,2,1971,0
Heath,3,1972,2
Heath,5,1973,3
Heath,5,1974,5
Heath,5,1975,5
Heath,5,1976,5
Heath,5,1977,5
Heath,5,1978,5
Heath,5,1979,5
Heath,5,1980,5
Heath,5,1981,5
Heath,5,1982,5
Heath,5,1983,5
Heath,5,1984,5
Heath,5,1985,5
Heath,5,1986,5
Heath,5,1987,5
Heath,5,1988,5
Heath,5,1989,5
Heath,5,1990,5
Heath,5,1991,5
Heath,5,1992,5
Heath,5,1993,5
Heath,5,1994,5
Heath,5,1995,5
Heath,5,1996,5
Heath,5,1997,5
Heath,5,1998,5
Heath,5,1999,5
Heath,5,2000,5
Heath,5,2001,5
Heath,5,2002,5
Heath,5,2003,5
Heath,5,2004,5
Heath,5,2005,5
Heath,5,2006,5
Heath,5,2007,5
Heath,5,2008,5
Heath,5,2009,5
Heath,5,2010,5
Heath,5,2011,5
Heath,5,2012,5
Heath,5,2013,5
Heath,5,2014,5
Heath,5,2015,5
Heath,5,2016,5
Heath,5,2017,5
Heath,5,2018,5
Heath,5,2019,5
Callaghan,0,1900,0
Callaghan,0,1901,0
Callaghan,0,1902,0
Callaghan,0,1903,0
Callaghan,0,1904,0
Callaghan,0,1905,0
Callaghan,0,1906,0
Callaghan,0,1907,0
Callaghan,0,1908,0
Callaghan,0,1909,0
Callaghan,0,1910,0
Callaghan,0,1911,0
Callaghan,0,1912,0
Callaghan,0,1913,0
Callaghan,0,1914,0
Callaghan,0,1915,0
Callaghan,0,1916,0
Callaghan,0,1917,0
Callaghan,0,1918,0
Callaghan,0,1919,0
Callaghan,0,1920,0
Callaghan,0,1921,0
Callaghan,0,1922,0
Callaghan,0,1923,0
Callaghan,0,1924,0
Callaghan,0,1925,0
Callaghan,0,1926,0
Callaghan,0,1927,0
Callaghan,0,1928,0
Callaghan,0,1929,0
Callaghan,0,1930,0
Callaghan,0,1931,0
Callaghan,0,1932,0
Callaghan,0,1933,0
Callaghan,0,1934,0
Callaghan,0,1935,0
Callaghan,0,1936,0
Callaghan,0,1937,0
Callaghan,0,1938,0
Callaghan,0,1939,0
Callaghan,0,1940,0
Callaghan,0,1941,0
Callaghan,0,1942,0
Callaghan,0,1943,0
Callaghan,0,1944,0
Callaghan,0,1945,0
Callaghan,0,1946,0
Callaghan,0,1947,0
Callaghan,0,1948,0
Callaghan,0,1949,0
Callaghan,0,1950,0
Callaghan,0,1951,0
Callaghan,0,1952,0
Callaghan,0,1953,0
Callaghan,0,1954,0
Callaghan,0,1955,0
Callaghan,0,1956,0
Callaghan,0,1957,0
Callaghan,0,1958,0
Callaghan,0,1959,0
Callaghan,0,1960,0
Callaghan,0,1961,0
Callaghan,0,1962,0
Callaghan,0,1963,0
Callaghan,0,1964,0
Callaghan,0,1965,0
Callaghan,0,1966,0
Callaghan,0,1967,0
Callaghan,0,1968,0
Callaghan,0,1969,0
Callaghan,0,1970,0
Callaghan,0,1971,0
Callaghan,0,1972,0
Callaghan,0,1973,0
Callaghan,0,1974,0
Callaghan,0,1975,0
Callaghan,1,1976,0
Callaghan,2,1977,1
Callaghan,3,1978,2
Callaghan,4,1979,3
Callaghan,4,1980,4
Callaghan,4,1981,4
Callaghan,4,1982,4
Callaghan,4,1983,4
Callaghan,4,1984,4
Callaghan,4,1985,4
Callaghan,4,1986,4
Callaghan,4,1987,4
Callaghan,4,1988,4
Callaghan,4,1989,4
Callaghan,4,1990,4
Callaghan,4,1991,4
Callaghan,4,1992,4
Callaghan,4,1993,4
Callaghan,4,1994,4
Callaghan,4,1995,4
Callaghan,4,1996,4
Callaghan,4,1997,4
Callaghan,4,1998,4
Callaghan,4,1999,4
Callaghan,4,2000,4
Callaghan,4,2001,4
Callaghan,4,2002,4
Callaghan,4,2003,4
Callaghan,4,2004,4
Callaghan,4,2005,4
Callaghan,4,2006,4
Callaghan,4,2007,4
Callaghan,4,2008,4
Callaghan,4,2009,4
Callaghan,4,2010,4
Callaghan,4,2011,4
Callaghan,4,2012,4
Callaghan,4,2013,4
Callaghan,4,2014,4
Callaghan,4,2015,4
Callaghan,4,2016,4
Callaghan,4,2017,4
Callaghan,4,2018,4
Callaghan,4,2019,4
Thatcher,0,1900,0
Thatcher,0,1901,0
Thatcher,0,1902,0
Thatcher,0,1903,0
Thatcher,0,1904,0
Thatcher,0,1905,0
Thatcher,0,1906,0
Thatcher,0,1907,0
Thatcher,0,1908,0
Thatcher,0,1909,0
Thatcher,0,1910,0
Thatcher,0,1911,0
Thatcher,0,1912,0
Thatcher,0,1913,0
Thatcher,0,1914,0
Thatcher,0,1915,0
Thatcher,0,1916,0
Thatcher,0,1917,0
Thatcher,0,1918,0
Thatcher,0,1919,0
Thatcher,0,1920,0
Thatcher,0,1921,0
Thatcher,0,1922,0
Thatcher,0,1923,0
Thatcher,0,1924,0
Thatcher,0,1925,0
Thatcher,0,1926,0
Thatcher,0,1927,0
Thatcher,0,1928,0
Thatcher,0,1929,0
Thatcher,0,1930,0
Thatcher,0,1931,0
Thatcher,0,1932,0
Thatcher,0,1933,0
Thatcher,0,1934,0
Thatcher,0,1935,0
Thatcher,0,1936,0
Thatcher,0,1937,0
Thatcher,0,1938,0
Thatcher,0,1939,0
Thatcher,0,1940,0
Thatcher,0,1941,0
Thatcher,0,1942,0
Thatcher,0,1943,0
Thatcher,0,1944,0
Thatcher,0,1945,0
Thatcher,0,1946,0
Thatcher,0,1947,0
Thatcher,0,1948,0
Thatcher,0,1949,0
Thatcher,0,1950,0
Thatcher,0,1951,0
Thatcher,0,1952,0
Thatcher,0,1953,0
Thatcher,0,1954,0
Thatcher,0,1955,0
Thatcher,0,1956,0
Thatcher,0,1957,0
Thatcher,0,1958,0
Thatcher,0,1959,0
Thatcher,0,1960,0
Thatcher,0,1961,0
Thatcher,0,1962,0
Thatcher,0,1963,0
Thatcher,0,1964,0
Thatcher,0,1965,0
Thatcher,0,1966,0
Thatcher,0,1967,0
Thatcher,0,1968,0
Thatcher,0,1969,0
Thatcher,0,1970,0
Thatcher,0,1971,0
Thatcher,0,1972,0
Thatcher,0,1973,0
Thatcher,0,1974,0
Thatcher,0,1975,0
Thatcher,0,1976,0
Thatcher,0,1977,0
Thatcher,0,1978,0
Thatcher,0,1979,0
Thatcher,0,1980,0
Thatcher,0,1981,0
Thatcher,6,1982,0
Thatcher,8,1983,6
Thatcher,11,1984,8
Thatcher,13,1985,11
Thatcher,16,1986,13
Thatcher,17,1987,16
Thatcher,19,1988,17
Thatcher,20,1989,19
Thatcher,25,1990,20
Thatcher,25,1991,25
Thatcher,25,1992,25
Thatcher,25,1993,25
Thatcher,25,1994,25
Thatcher,25,1995,25
Thatcher,25,1996,25
Thatcher,25,1997,25
Thatcher,25,1998,25
Thatcher,25,1999,25
Thatcher,25,2000,25
Thatcher,25,2001,25
Thatcher,25,2002,25
Thatcher,25,2003,25
Thatcher,25,2004,25
Thatcher,25,2005,25
Thatcher,25,2006,25
Thatcher,25,2007,25
Thatcher,25,2008,25
Thatcher,25,2009,25
Thatcher,25,2010,25
Thatcher,25,2011,25
Thatcher,25,2012,25
Thatcher,25,2013,25
Thatcher,25,2014,25
Thatcher,25,2015,25
Thatcher,25,2016,25
Thatcher,25,2017,25
Thatcher,25,2018,25
Thatcher,25,2019,25
Major,0,1900,0
Major,0,1901,0
Major,0,1902,0
Major,0,1903,0
Major,0,1904,0
Major,0,1905,0
Major,0,1906,0
Major,0,1907,0
Major,0,1908,0
Major,0,1909,0
Major,0,1910,0
Major,0,1911,0
Major,0,1912,0
Major,0,1913,0
Major,0,1914,0
Major,0,1915,0
Major,0,1916,0
Major,0,1917,0
Major,0,1918,0
Major,0,1919,0
Major,0,1920,0
Major,0,1921,0
Major,0,1922,0
Major,0,1923,0
Major,0,1924,0
Major,0,1925,0
Major,0,1926,0
Major,0,1927,0
Major,0,1928,0
Major,0,1929,0
Major,0,1930,0
Major,0,1931,0
Major,0,1932,0
Major,0,1933,0
Major,0,1934,0
Major,0,1935,0
Major,0,1936,0
Major,0,1937,0
Major,0,1938,0
Major,0,1939,0
Major,0,1940,0
Major,0,1941,0
Major,0,1942,0
Major,0,1943,0
Major,0,1944,0
Major,0,1945,0
Major,0,1946,0
Major,0,1947,0
Major,0,1948,0
Major,0,1949,0
Major,0,1950,0
Major,0,1951,0
Major,0,1952,0
Major,0,1953,0
Major,0,1954,0
Major,0,1955,0
Major,0,1956,0
Major,0,1957,0
Major,0,1958,0
Major,0,1959,0
Major,0,1960,0
Major,0,1961,0
Major,0,1962,0
Major,0,1963,0
Major,0,1964,0
Major,0,1965,0
Major,0,1966,0
Major,0,1967,0
Major,0,1968,0
Major,0,1969,0
Major,0,1970,0
Major,0,1971,0
Major,0,1972,0
Major,0,1973,0
Major,0,1974,0
Major,0,1975,0
Major,0,1976,0
Major,0,1977,0
Major,0,1978,0
Major,0,1979,0
Major,0,1980,0
Major,0,1981,0
Major,0,1982,0
Major,0,1983,0
Major,0,1984,0
Major,0,1985,0
Major,0,1986,0
Major,0,1987,0
Major,0,1988,0
Major,0,1989,0
Major,0,1990,0
Major,1,1991,0
Major,3,1992,1
Major,5,1993,3
Major,10,1994,5
Major,17,1995,10
Major,22,1996,17
Major,22,1997,22
Major,22,1998,22
Major,22,1999,22
Major,22,2000,22
Major,22,2001,22
Major,22,2002,22
Major,22,2003,22
Major,22,2004,22
Major,22,2005,22
Major,22,2006,22
Major,22,2007,22
Major,22,2008,22
Major,22,2009,22
Major,22,2010,22
Major,22,2011,22
Major,22,2012,22
Major,22,2013,22
Major,22,2014,22
Major,22,2015,22
Major,22,2016,22
Major,22,2017,22
Major,22,2018,22
Major,22,2019,22
Blair,0,1900,0
Blair,0,1901,0
Blair,0,1902,0
Blair,0,1903,0
Blair,0,1904,0
Blair,0,1905,0
Blair,0,1906,0
Blair,0,1907,0
Blair,0,1908,0
Blair,0,1909,0
Blair,0,1910,0
Blair,0,1911,0
Blair,0,1912,0
Blair,0,1913,0
Blair,0,1914,0
Blair,0,1915,0
Blair,0,1916,0
Blair,0,1917,0
Blair,0,1918,0
Blair,0,1919,0
Blair,0,1920,0
Blair,0,1921,0
Blair,0,1922,0
Blair,0,1923,0
Blair,0,1924,0
Blair,0,1925,0
Blair,0,1926,0
Blair,0,1927,0
Blair,0,1928,0
Blair,0,1929,0
Blair,0,1930,0
Blair,0,1931,0
Blair,0,1932,0
Blair,0,1933,0
Blair,0,1934,0
Blair,0,1935,0
Blair,0,1936,0
Blair,0,1937,0
Blair,0,1938,0
Blair,0,1939,0
Blair,0,1940,0
Blair,0,1941,0
Blair,0,1942,0
Blair,0,1943,0
Blair,0,1944,0
Blair,0,1945,0
Blair,0,1946,0
Blair,0,1947,0
Blair,0,1948,0
Blair,0,1949,0
Blair,0,1950,0
Blair,0,1951,0
Blair,0,1952,0
Blair,0,1953,0
Blair,0,1954,0
Blair,0,1955,0
Blair,0,1956,0
Blair,0,1957,0
Blair,0,1958,0
Blair,0,1959,0
Blair,0,1960,0
Blair,0,1961,0
Blair,0,1962,0
Blair,0,1963,0
Blair,0,1964,0
Blair,0,1965,0
Blair,0,1966,0
Blair,0,1967,0
Blair,0,1968,0
Blair,0,1969,0
Blair,0,1970,0
Blair,0,1971,0
Blair,0,1972,0
Blair,0,1973,0
Blair,0,1974,0
Blair,0,1975,0
Blair,0,1976,0
Blair,0,1977,0
Blair,0,1978,0
Blair,0,1979,0
Blair,0,1980,0
Blair,0,1981,0
Blair,0,1982,0
Blair,0,1983,0
Blair,0,1984,0
Blair,0,1985,0
Blair,0,1986,0
Blair,0,1987,0
Blair,0,1988,0
Blair,0,1989,0
Blair,0,1990,0
Blair,0,1991,0
Blair,0,1992,0
Blair,0,1993,0
Blair,0,1994,0
Blair,0,1995,0
Blair,0,1996,0
Blair,2,1997,0
Blair,5,1998,2
Blair,10,1999,5
Blair,11,2000,10
Blair,13,2001,11
Blair,15,2002,13
Blair,20,2003,15
Blair,23,2004,20
Blair,24,2005,23
Blair,27,2006,24
Blair,29,2007,27
Blair,29,2008,29
Blair,29,2009,29
Blair,29,2010,29
Blair,29,2011,29
Blair,29,2012,29
Blair,29,2013,29
Blair,29,2014,29
Blair,29,2015,29
Blair,29,2016,29
Blair,29,2017,29
Blair,29,2018,29
Blair,29,2019,29
Brown,0,1900,0
Brown,0,1901,0
Brown,0,1902,0
Brown,0,1903,0
Brown,0,1904,0
Brown,0,1905,0
Brown,0,1906,0
Brown,0,1907,0
Brown,0,1908,0
Brown,0,1909,0
Brown,0,1910,0
Brown,0,1911,0
Brown,0,1912,0
Brown,0,1913,0
Brown,0,1914,0
Brown,0,1915,0
Brown,0,1916,0
Brown,0,1917,0
Brown,0,1918,0
Brown,0,1919,0
Brown,0,1920,0
Brown,0,1921,0
Brown,0,1922,0
Brown,0,1923,0
Brown,0,1924,0
Brown,0,1925,0
Brown,0,1926,0
Brown,0,1927,0
Brown,0,1928,0
Brown,0,1929,0
Brown,0,1930,0
Brown,0,1931,0
Brown,0,1932,0
Brown,0,1933,0
Brown,0,1934,0
Brown,0,1935,0
Brown,0,1936,0
Brown,0,1937,0
Brown,0,1938,0
Brown,0,1939,0
Brown,0,1940,0
Brown,0,1941,0
Brown,0,1942,0
Brown,0,1943,0
Brown,0,1944,0
Brown,0,1945,0
Brown,0,1946,0
Brown,0,1947,0
Brown,0,1948,0
Brown,0,1949,0
Brown,0,1950,0
Brown,0,1951,0
Brown,0,1952,0
Brown,0,1953,0
Brown,0,1954,0
Brown,0,1955,0
Brown,0,1956,0
Brown,0,1957,0
Brown,0,1958,0
Brown,0,1959,0
Brown,0,1960,0
Brown,0,1961,0
Brown,0,1962,0
Brown,0,1963,0
Brown,0,1964,0
Brown,0,1965,0
Brown,0,1966,0
Brown,0,1967,0
Brown,0,1968,0
Brown,0,1969,0
Brown,0,1970,0
Brown,0,1971,0
Brown,0,1972,0
Brown,0,1973,0
Brown,0,1974,0
Brown,0,1975,0
Brown,0,1976,0
Brown,0,1977,0
Brown,0,1978,0
Brown,0,1979,0
Brown,0,1980,0
Brown,0,1981,0
Brown,0,1982,0
Brown,0,1983,0
Brown,0,1984,0
Brown,0,1985,0
Brown,0,1986,0
Brown,0,1987,0
Brown,0,1988,0
Brown,0,1989,0
Brown,0,1990,0
Brown,0,1991,0
Brown,0,1992,0
Brown,0,1993,0
Brown,0,1994,0
Brown,0,1995,0
Brown,0,1996,0
Brown,0,1997,0
Brown,0,1998,0
Brown,0,1999,0
Brown,0,2000,0
Brown,0,2001,0
Brown,0,2002,0
Brown,0,2003,0
Brown,0,2004,0
Brown,0,2005,0
Brown,0,2006,0
Brown,2,2007,0
Brown,5,2008,2
Brown,13,2009,5
Brown,13,2010,13
Brown,13,2011,13
Brown,13,2012,13
Brown,13,2013,13
Brown,13,2014,13
Brown,13,2015,13
Brown,13,2016,13
Brown,13,2017,13
Brown,13,2018,13
Brown,13,2019,13
Cameron,0,1900,0
Cameron,0,1901,0
Cameron,0,1902,0
Cameron,0,1903,0
Cameron,0,1904,0
Cameron,0,1905,0
Cameron,0,1906,0
Cameron,0,1907,0
Cameron,0,1908,0
Cameron,0,1909,0
Cameron,0,1910,0
Cameron,0,1911,0
Cameron,0,1912,0
Cameron,0,1913,0
Cameron,0,1914,0
Cameron,0,1915,0
Cameron,0,1916,0
Cameron,0,1917,0
Cameron,0,1918,0
Cameron,0,1919,0
Cameron,0,1920,0
Cameron,0,1921,0
Cameron,0,1922,0
Cameron,0,1923,0
Cameron,0,1924,0
Cameron,0,1925,0
Cameron,0,1926,0
Cameron,0,1927,0
Cameron,0,1928,0
Cameron,0,1929,0
Cameron,0,1930,0
Cameron,0,1931,0
Cameron,0,1932,0
Cameron,0,1933,0
Cameron,0,1934,0
Cameron,0,1935,0
Cameron,0,1936,0
Cameron,0,1937,0
Cameron,0,1938,0
Cameron,0,1939,0
Cameron,0,1940,0
Cameron,0,1941,0
Cameron,0,1942,0
Cameron,0,1943,0
Cameron,0,1944,0
Cameron,0,1945,0
Cameron,0,1946,0
Cameron,0,1947,0
Cameron,0,1948,0
Cameron,0,1949,0
Cameron,0,1950,0
Cameron,0,1951,0
Cameron,0,1952,0
Cameron,0,1953,0
Cameron,0,1954,0
Cameron,0,1955,0
Cameron,0,1956,0
Cameron,0,1957,0
Cameron,0,1958,0
Cameron,0,1959,0
Cameron,0,1960,0
Cameron,0,1961,0
Cameron,0,1962,0
Cameron,0,1963,0
Cameron,0,1964,0
Cameron,0,1965,0
Cameron,0,1966,0
Cameron,0,1967,0
Cameron,0,1968,0
Cameron,0,1969,0
Cameron,0,1970,0
Cameron,0,1971,0
Cameron,0,1972,0
Cameron,0,1973,0
Cameron,0,1974,0
Cameron,0,1975,0
Cameron,0,1976,0
Cameron,0,1977,0
Cameron,0,1978,0
Cameron,0,1979,0
Cameron,0,1980,0
Cameron,0,1981,0
Cameron,0,1982,0
Cameron,0,1983,0
Cameron,0,1984,0
Cameron,0,1985,0
Cameron,0,1986,0
Cameron,0,1987,0
Cameron,0,1988,0
Cameron,0,1989,0
Cameron,0,1990,0
Cameron,0,1991,0
Cameron,0,1992,0
Cameron,0,1993,0
Cameron,0,1994,0
Cameron,0,1995,0
Cameron,0,1996,0
Cameron,0,1997,0
Cameron,0,1998,0
Cameron,0,1999,0
Cameron,0,2000,0
Cameron,0,2001,0
Cameron,0,2002,0
Cameron,0,2003,0
Cameron,0,2004,0
Cameron,0,2005,0
Cameron,0,2006,0
Cameron,0,2007,0
Cameron,0,2008,0
Cameron,0,2009,0
Cameron,1,2010,0
Cameron,2,2011,1
Cameron,4,2012,2
Cameron,5,2013,4
Cameron,12,2014,5
Cameron,13,2015,12
Cameron,14,2016,13
Cameron,0,2017,0
Cameron,0,2018,0
Cameron,0,2019,0
May,0,1900,0
May,0,1901,0
May,0,1902,0
May,0,1903,0
May,0,1904,0
May,0,1905,0
May,0,1906,0
May,0,1907,0
May,0,1908,0
May,0,1909,0
May,0,1910,0
May,0,1911,0
May,0,1912,0
May,0,1913,0
May,0,1914,0
May,0,1915,0
May,0,1916,0
May,0,1917,0
May,0,1918,0
May,0,1919,0
May,0,1920,0
May,0,1921,0
May,0,1922,0
May,0,1923,0
May,0,1924,0
May,0,1925,0
May,0,1926,0
May,0,1927,0
May,0,1928,0
May,0,1929,0
May,0,1930,0
May,0,1931,0
May,0,1932,0
May,0,1933,0
May,0,1934,0
May,0,1935,0
May,0,1936,0
May,0,1937,0
May,0,1938,0
May,0,1939,0
May,0,1940,0
May,0,1941,0
May,0,1942,0
May,0,1943,0
May,0,1944,0
May,0,1945,0
May,0,1946,0
May,0,1947,0
May,0,1948,0
May,0,1949,0
May,0,1950,0
May,0,1951,0
May,0,1952,0
May,0,1953,0
May,0,1954,0
May,0,1955,0
May,0,1956,0
May,0,1957,0
May,0,1958,0
May,0,1959,0
May,0,1960,0
May,0,1961,0
May,0,1962,0
May,0,1963,0
May,0,1964,0
May,0,1965,0
May,0,1966,0
May,0,1967,0
May,0,1968,0
May,0,1969,0
May,0,1970,0
May,0,1971,0
May,0,1972,0
May,0,1973,0
May,0,1974,0
May,0,1975,0
May,0,1976,0
May,0,1977,0
May,0,1978,0
May,0,1979,0
May,0,1980,0
May,0,1981,0
May,0,1982,0
May,0,1983,0
May,0,1984,0
May,0,1985,0
May,0,1986,0
May,0,1987,0
May,0,1988,0
May,0,1989,0
May,0,1990,0
May,0,1991,0
May,0,1992,0
May,0,1993,0
May,0,1994,0
May,0,1995,0
May,0,1996,0
May,0,1997,0
May,0,1998,0
May,0,1999,0
May,0,2000,0
May,0,2001,0
May,0,2002,0
May,0,2003,0
May,0,2004,0
May,0,2005,0
May,0,2006,0
May,0,2007,0
May,0,2008,0
May,0,2009,0
May,0,2010,0
May,0,2011,0
May,0,2012,0
May,0,2013,0
May,0,2014,0
May,0,2015,0
May,1,2016,0
May,6,2017,1
May,22,2018,6
May,30,2019,22