name,value,year,lastValue,tcolour
Wilson,0,1,0,#ee3224
Wilson,0,2,0,#ee3224
Wilson,0,3,0,#ee3224
Wilson,0,4,0,#ee3224
Wilson,0,5,0,#ee3224
Wilson,0,6,0,#ee3224
Wilson,0,7,0,#ee3224
Wilson,0,8,0,#ee3224
Wilson,0,9,0,#ee3224
Wilson,0,10,0,#ee3224
Wilson,0,11,0,#ee3224
Wilson,0,12,0,#ee3224
Wilson,0,13,0,#ee3224
Wilson,0,14,0,#ee3224
Wilson,0,15,0,#ee3224
Wilson,0,16,0,#ee3224
Wilson,1,17,0,#ee3224
Wilson,1,18,1,#ee3224
Wilson,1,19,1,#ee3224
Wilson,1,20,1,#ee3224
Wilson,2,21,1,#ee3224
Wilson,2,22,2,#ee3224
Wilson,2,23,2,#ee3224
Wilson,2,24,2,#ee3224
Wilson,2,25,2,#ee3224
Wilson,2,26,2,#ee3224
Wilson,2,27,2,#ee3224
Wilson,2,28,2,#ee3224
Wilson,2,29,2,#ee3224
Wilson,2,30,2,#ee3224
Wilson,2,31,2,#ee3224
Wilson,2,32,2,#ee3224
Wilson,2,33,2,#ee3224
Wilson,3,34,2,#ee3224
Wilson,3,35,3,#ee3224
Wilson,3,36,3,#ee3224
Wilson,3,37,3,#ee3224
Wilson,3,38,3,#ee3224
Wilson,4,39,3,#ee3224
Wilson,5,40,4,#ee3224
Wilson,6,41,5,#ee3224
Wilson,7,42,6,#ee3224
Wilson,7,43,7,#ee3224
Wilson,7,44,7,#ee3224
Wilson,7,45,7,#ee3224
Wilson,7,46,7,#ee3224
Wilson,7,47,7,#ee3224
Wilson,7,48,7,#ee3224
Wilson,7,49,7,#ee3224
Wilson,7,50,7,#ee3224
Wilson,7,51,7,#ee3224
Wilson,7,52,7,#ee3224
Wilson,7,53,7,#ee3224
Wilson,7,54,7,#ee3224
Wilson,7,55,7,#ee3224
Wilson,7,56,7,#ee3224
Wilson,7,57,7,#ee3224
Wilson,7,58,7,#ee3224
Wilson,7,59,7,#ee3224
Wilson,8,60,7,#ee3224
Wilson,8,61,8,#ee3224
Wilson,8,62,8,#ee3224
Wilson,8,63,8,#ee3224
Wilson,8,64,8,#ee3224
Wilson,8,65,8,#ee3224
Wilson,8,66,8,#ee3224
Wilson,8,67,8,#ee3224
Wilson,8,68,8,#ee3224
Wilson,8,69,8,#ee3224
Wilson,8,70,8,#ee3224
Wilson,8,71,8,#ee3224
Wilson,8,72,8,#ee3224
Wilson,8,73,8,#ee3224
Wilson,8,74,8,#ee3224
Wilson,9,75,8,#ee3224
Wilson,10,76,9,#ee3224
Wilson,10,77,10,#ee3224
Wilson,10,78,10,#ee3224
Wilson,10,79,10,#ee3224
Wilson,10,80,10,#ee3224
Wilson,10,81,10,#ee3224
Wilson,10,82,10,#ee3224
Wilson,10,83,10,#ee3224
Wilson,10,84,10,#ee3224
Wilson,10,85,10,#ee3224
Wilson,10,86,10,#ee3224
Wilson,10,87,10,#ee3224
Wilson,10,88,10,#ee3224
Wilson,10,89,10,#ee3224
Wilson,10,90,10,#ee3224
Wilson,10,91,10,#ee3224
Wilson,11,92,10,#ee3224
Wilson,11,93,11,#ee3224
Wilson,11,94,11,#ee3224
Wilson,11,95,11,#ee3224
Wilson,11,96,11,#ee3224
Wilson,11,97,11,#ee3224
Wilson,11,98,11,#ee3224
Wilson,11,99,11,#ee3224
Wilson,11,100,11,#ee3224
Wilson,11,101,11,#ee3224
Wilson,11,102,11,#ee3224
Wilson,11,103,11,#ee3224
Wilson,11,104,11,#ee3224
Wilson,11,105,11,#ee3224
Wilson,11,106,11,#ee3224
Wilson,11,107,11,#ee3224
Wilson,11,108,11,#ee3224
Wilson,11,109,11,#ee3224
Wilson,11,110,11,#ee3224
Wilson,11,111,11,#ee3224
Wilson,11,112,11,#ee3224
Wilson,11,113,11,#ee3224
Wilson,11,114,11,#ee3224
Wilson,11,115,11,#ee3224
Wilson,11,116,11,#ee3224
Wilson,11,117,11,#ee3224
Wilson,11,118,11,#ee3224
Wilson,11,119,11,#ee3224
Wilson,11,120,11,#ee3224
Wilson,11,121,11,#ee3224
Wilson,11,122,11,#ee3224
Wilson,11,123,11,#ee3224
Wilson,11,124,11,#ee3224
Wilson,11,125,11,#ee3224
Wilson,11,126,11,#ee3224
Wilson,11,127,11,#ee3224
Wilson,11,128,11,#ee3224
Wilson,11,129,11,#ee3224
Wilson,11,130,11,#ee3224
Wilson,11,131,11,#ee3224
Wilson,11,132,11,#ee3224
Wilson,11,133,11,#ee3224
Wilson,11,134,11,#ee3224
Wilson,11,135,11,#ee3224
Wilson,11,136,11,#ee3224
Wilson,11,137,11,#ee3224
Wilson,11,138,11,#ee3224
Wilson,11,139,11,#ee3224
Wilson,11,140,11,#ee3224
Thatcher,0,1,0,#00539f
Thatcher,0,2,0,#00539f
Thatcher,0,3,0,#00539f
Thatcher,0,4,0,#00539f
Thatcher,0,5,0,#00539f
Thatcher,0,6,0,#00539f
Thatcher,0,7,0,#00539f
Thatcher,0,8,0,#00539f
Thatcher,0,9,0,#00539f
Thatcher,0,10,0,#00539f
Thatcher,0,11,0,#00539f
Thatcher,0,12,0,#00539f
Thatcher,0,13,0,#00539f
Thatcher,0,14,0,#00539f
Thatcher,0,15,0,#00539f
Thatcher,0,16,0,#00539f
Thatcher,0,17,0,#00539f
Thatcher,0,18,0,#00539f
Thatcher,0,19,0,#00539f
Thatcher,0,20,0,#00539f
Thatcher,0,21,0,#00539f
Thatcher,0,22,0,#00539f
Thatcher,0,23,0,#00539f
Thatcher,0,24,0,#00539f
Thatcher,0,25,0,#00539f
Thatcher,0,26,0,#00539f
Thatcher,0,27,0,#00539f
Thatcher,0,28,0,#00539f
Thatcher,0,29,0,#00539f
Thatcher,0,30,0,#00539f
Thatcher,0,31,0,#00539f
Thatcher,0,32,0,#00539f
Thatcher,1,33,0,#00539f
Thatcher,1,34,1,#00539f
Thatcher,2,35,1,#00539f
Thatcher,5,36,2,#00539f
Thatcher,6,37,5,#00539f
Thatcher,6,38,6,#00539f
Thatcher,6,39,6,#00539f
Thatcher,6,40,6,#00539f
Thatcher,6,41,6,#00539f
Thatcher,6,42,6,#00539f
Thatcher,6,43,6,#00539f
Thatcher,6,44,6,#00539f
Thatcher,7,45,6,#00539f
Thatcher,7,46,7,#00539f
Thatcher,7,47,7,#00539f
Thatcher,7,48,7,#00539f
Thatcher,7,49,7,#00539f
Thatcher,7,50,7,#00539f
Thatcher,7,51,7,#00539f
Thatcher,7,52,7,#00539f
Thatcher,7,53,7,#00539f
Thatcher,8,54,7,#00539f
Thatcher,8,55,8,#00539f
Thatcher,8,56,8,#00539f
Thatcher,8,57,8,#00539f
Thatcher,8,58,8,#00539f
Thatcher,8,59,8,#00539f
Thatcher,9,60,8,#00539f
Thatcher,9,61,9,#00539f
Thatcher,9,62,9,#00539f
Thatcher,9,63,9,#00539f
Thatcher,9,64,9,#00539f
Thatcher,11,65,9,#00539f
Thatcher,11,66,11,#00539f
Thatcher,11,67,11,#00539f
Thatcher,11,68,11,#00539f
Thatcher,11,69,11,#00539f
Thatcher,11,70,11,#00539f
Thatcher,12,71,11,#00539f
Thatcher,12,72,12,#00539f
Thatcher,12,73,12,#00539f
Thatcher,12,74,12,#00539f
Thatcher,12,75,12,#00539f
Thatcher,12,76,12,#00539f
Thatcher,12,77,12,#00539f
Thatcher,12,78,12,#00539f
Thatcher,13,79,12,#00539f
Thatcher,13,80,13,#00539f
Thatcher,15,81,13,#00539f
Thatcher,15,82,15,#00539f
Thatcher,15,83,15,#00539f
Thatcher,15,84,15,#00539f
Thatcher,16,85,15,#00539f
Thatcher,16,86,16,#00539f
Thatcher,16,87,16,#00539f
Thatcher,16,88,16,#00539f
Thatcher,16,89,16,#00539f
Thatcher,16,90,16,#00539f
Thatcher,16,91,16,#00539f
Thatcher,16,92,16,#00539f
Thatcher,16,93,16,#00539f
Thatcher,16,94,16,#00539f
Thatcher,16,95,16,#00539f
Thatcher,16,96,16,#00539f
Thatcher,16,97,16,#00539f
Thatcher,16,98,16,#00539f
Thatcher,16,99,16,#00539f
Thatcher,16,100,16,#00539f
Thatcher,16,101,16,#00539f
Thatcher,17,102,16,#00539f
Thatcher,17,103,17,#00539f
Thatcher,17,104,17,#00539f
Thatcher,18,105,17,#00539f
Thatcher,18,106,18,#00539f
Thatcher,18,107,18,#00539f
Thatcher,18,108,18,#00539f
Thatcher,18,109,18,#00539f
Thatcher,18,110,18,#00539f
Thatcher,18,111,18,#00539f
Thatcher,18,112,18,#00539f
Thatcher,18,113,18,#00539f
Thatcher,18,114,18,#00539f
Thatcher,18,115,18,#00539f
Thatcher,19,116,18,#00539f
Thatcher,19,117,19,#00539f
Thatcher,19,118,19,#00539f
Thatcher,19,119,19,#00539f
Thatcher,19,120,19,#00539f
Thatcher,19,121,19,#00539f
Thatcher,19,122,19,#00539f
Thatcher,19,123,19,#00539f
Thatcher,19,124,19,#00539f
Thatcher,19,125,19,#00539f
Thatcher,20,126,19,#00539f
Thatcher,20,127,20,#00539f
Thatcher,20,128,20,#00539f
Thatcher,21,129,20,#00539f
Thatcher,21,130,21,#00539f
Thatcher,21,131,21,#00539f
Thatcher,21,132,21,#00539f
Thatcher,22,133,21,#00539f
Thatcher,22,134,22,#00539f
Thatcher,23,135,22,#00539f
Thatcher,23,136,23,#00539f
Thatcher,23,137,23,#00539f
Thatcher,25,138,23,#00539f
Thatcher,25,139,25,#00539f
Thatcher,25,140,25,#00539f
May,0,1,0,#00539f
May,0,2,0,#00539f
May,1,3,0,#00539f
May,1,4,1,#00539f
May,1,5,1,#00539f
May,1,6,1,#00539f
May,1,7,1,#00539f
May,1,8,1,#00539f
May,1,9,1,#00539f
May,1,10,1,#00539f
May,2,11,1,#00539f
May,2,12,2,#00539f
May,2,13,2,#00539f
May,2,14,2,#00539f
May,2,15,2,#00539f
May,5,16,2,#00539f
May,5,17,5,#00539f
May,6,18,5,#00539f
May,6,19,6,#00539f
May,6,20,6,#00539f
May,6,21,6,#00539f
May,7,22,6,#00539f
May,8,23,7,#00539f
May,13,24,8,#00539f
May,14,25,13,#00539f
May,14,26,14,#00539f
May,14,27,14,#00539f
May,16,28,14,#00539f
May,21,29,16,#00539f
May,22,30,21,#00539f
May,23,31,22,#00539f
May,25,32,23,#00539f
May,30,33,25,#00539f
May,30,34,30,#00539f
May,30,35,30,#00539f
May,30,36,30,#00539f
May,30,37,30,#00539f
May,30,38,30,#00539f
May,30,39,30,#00539f
May,30,40,30,#00539f
May,30,41,30,#00539f
May,30,42,30,#00539f
May,30,43,30,#00539f
May,30,44,30,#00539f
May,30,45,30,#00539f
May,30,46,30,#00539f
May,30,47,30,#00539f
May,30,48,30,#00539f
May,30,49,30,#00539f
May,30,50,30,#00539f
May,30,51,30,#00539f
May,30,52,30,#00539f
May,30,53,30,#00539f
May,30,54,30,#00539f
May,30,55,30,#00539f
May,30,56,30,#00539f
May,30,57,30,#00539f
May,30,58,30,#00539f
May,30,59,30,#00539f
May,30,60,30,#00539f
May,30,61,30,#00539f
May,30,62,30,#00539f
May,30,63,30,#00539f
May,30,64,30,#00539f
May,30,65,30,#00539f
May,30,66,30,#00539f
May,30,67,30,#00539f
May,30,68,30,#00539f
May,30,69,30,#00539f
May,30,70,30,#00539f
May,30,71,30,#00539f
May,30,72,30,#00539f
May,30,73,30,#00539f
May,30,74,30,#00539f
May,30,75,30,#00539f
May,30,76,30,#00539f
May,30,77,30,#00539f
May,30,78,30,#00539f
May,30,79,30,#00539f
May,30,80,30,#00539f
May,30,81,30,#00539f
May,30,82,30,#00539f
May,30,83,30,#00539f
May,30,84,30,#00539f
May,30,85,30,#00539f
May,30,86,30,#00539f
May,30,87,30,#00539f
May,30,88,30,#00539f
May,30,89,30,#00539f
May,30,90,30,#00539f
May,30,91,30,#00539f
May,30,92,30,#00539f
May,30,93,30,#00539f
May,30,94,30,#00539f
May,30,95,30,#00539f
May,30,96,30,#00539f
May,30,97,30,#00539f
May,30,98,30,#00539f
May,30,99,30,#00539f
May,30,100,30,#00539f
May,30,101,30,#00539f
May,30,102,30,#00539f
May,30,103,30,#00539f
May,30,104,30,#00539f
May,30,105,30,#00539f
May,30,106,30,#00539f
May,30,107,30,#00539f
May,30,108,30,#00539f
May,30,109,30,#00539f
May,30,110,30,#00539f
May,30,111,30,#00539f
May,30,112,30,#00539f
May,30,113,30,#00539f
May,30,114,30,#00539f
May,30,115,30,#00539f
May,30,116,30,#00539f
May,30,117,30,#00539f
May,30,118,30,#00539f
May,30,119,30,#00539f
May,30,120,30,#00539f
May,30,121,30,#00539f
May,30,122,30,#00539f
May,30,123,30,#00539f
May,30,124,30,#00539f
May,30,125,30,#00539f
May,30,126,30,#00539f
May,30,127,30,#00539f
May,30,128,30,#00539f
May,30,129,30,#00539f
May,30,130,30,#00539f
May,30,131,30,#00539f
May,30,132,30,#00539f
May,30,133,30,#00539f
May,30,134,30,#00539f
May,30,135,30,#00539f
May,30,136,30,#00539f
May,30,137,30,#00539f
May,30,138,30,#00539f
May,30,139,30,#00539f
May,30,140,30,#00539f
Major,0,1,0,#00539f
Major,0,2,0,#00539f
Major,0,3,0,#00539f
Major,0,4,0,#00539f
Major,0,5,0,#00539f
Major,1,6,0,#00539f
Major,1,7,1,#00539f
Major,1,8,1,#00539f
Major,1,9,1,#00539f
Major,1,10,1,#00539f
Major,1,11,1,#00539f
Major,1,12,1,#00539f
Major,1,13,1,#00539f
Major,1,14,1,#00539f
Major,1,15,1,#00539f
Major,1,16,1,#00539f
Major,1,17,1,#00539f
Major,1,18,1,#00539f
Major,1,19,1,#00539f
Major,1,20,1,#00539f
Major,1,21,1,#00539f
Major,2,22,1,#00539f
Major,2,23,2,#00539f
Major,2,24,2,#00539f
Major,3,25,2,#00539f
Major,3,26,3,#00539f
Major,3,27,3,#00539f
Major,3,28,3,#00539f
Major,3,29,3,#00539f
Major,3,30,3,#00539f
Major,4,31,3,#00539f
Major,4,32,4,#00539f
Major,4,33,4,#00539f
Major,5,34,4,#00539f
Major,5,35,5,#00539f
Major,5,36,5,#00539f
Major,5,37,5,#00539f
Major,7,38,5,#00539f
Major,7,39,7,#00539f
Major,7,40,7,#00539f
Major,7,41,7,#00539f
Major,8,42,7,#00539f
Major,8,43,8,#00539f
Major,8,44,8,#00539f
Major,8,45,8,#00539f
Major,8,46,8,#00539f
Major,10,47,8,#00539f
Major,10,48,10,#00539f
Major,10,49,10,#00539f
Major,11,50,10,#00539f
Major,13,51,11,#00539f
Major,14,52,13,#00539f
Major,14,53,14,#00539f
Major,14,54,14,#00539f
Major,15,55,14,#00539f
Major,16,56,15,#00539f
Major,16,57,16,#00539f
Major,16,58,16,#00539f
Major,17,59,16,#00539f
Major,17,60,17,#00539f
Major,17,61,17,#00539f
Major,17,62,17,#00539f
Major,17,63,17,#00539f
Major,17,64,17,#00539f
Major,17,65,17,#00539f
Major,17,66,17,#00539f
Major,18,67,17,#00539f
Major,21,68,18,#00539f
Major,21,69,21,#00539f
Major,21,70,21,#00539f
Major,21,71,21,#00539f
Major,21,72,21,#00539f
Major,22,73,21,#00539f
Major,22,74,22,#00539f
Major,22,75,22,#00539f
Major,22,76,22,#00539f
Major,22,77,22,#00539f
Major,22,78,22,#00539f
Major,22,79,22,#00539f
Major,22,80,22,#00539f
Major,22,81,22,#00539f
Major,22,82,22,#00539f
Major,22,83,22,#00539f
Major,22,84,22,#00539f
Major,22,85,22,#00539f
Major,22,86,22,#00539f
Major,22,87,22,#00539f
Major,22,88,22,#00539f
Major,22,89,22,#00539f
Major,22,90,22,#00539f
Major,22,91,22,#00539f
Major,22,92,22,#00539f
Major,22,93,22,#00539f
Major,22,94,22,#00539f
Major,22,95,22,#00539f
Major,22,96,22,#00539f
Major,22,97,22,#00539f
Major,22,98,22,#00539f
Major,22,99,22,#00539f
Major,22,100,22,#00539f
Major,22,101,22,#00539f
Major,22,102,22,#00539f
Major,22,103,22,#00539f
Major,22,104,22,#00539f
Major,22,105,22,#00539f
Major,22,106,22,#00539f
Major,22,107,22,#00539f
Major,22,108,22,#00539f
Major,22,109,22,#00539f
Major,22,110,22,#00539f
Major,22,111,22,#00539f
Major,22,112,22,#00539f
Major,22,113,22,#00539f
Major,22,114,22,#00539f
Major,22,115,22,#00539f
Major,22,116,22,#00539f
Major,22,117,22,#00539f
Major,22,118,22,#00539f
Major,22,119,22,#00539f
Major,22,120,22,#00539f
Major,22,121,22,#00539f
Major,22,122,22,#00539f
Major,22,123,22,#00539f
Major,22,124,22,#00539f
Major,22,125,22,#00539f
Major,22,126,22,#00539f
Major,22,127,22,#00539f
Major,22,128,22,#00539f
Major,22,129,22,#00539f
Major,22,130,22,#00539f
Major,22,131,22,#00539f
Major,22,132,22,#00539f
Major,22,133,22,#00539f
Major,22,134,22,#00539f
Major,22,135,22,#00539f
Major,22,136,22,#00539f
Major,22,137,22,#00539f
Major,22,138,22,#00539f
Major,22,139,22,#00539f
Major,22,140,22,#00539f
Macmillan,0,1,0,#00539f
Macmillan,0,2,0,#00539f
Macmillan,1,3,0,#00539f
Macmillan,1,4,1,#00539f
Macmillan,1,5,1,#00539f
Macmillan,1,6,1,#00539f
Macmillan,1,7,1,#00539f
Macmillan,1,8,1,#00539f
Macmillan,1,9,1,#00539f
Macmillan,1,10,1,#00539f
Macmillan,1,11,1,#00539f
Macmillan,4,12,1,#00539f
Macmillan,4,13,4,#00539f
Macmillan,4,14,4,#00539f
Macmillan,4,15,4,#00539f
Macmillan,4,16,4,#00539f
Macmillan,4,17,4,#00539f
Macmillan,4,18,4,#00539f
Macmillan,4,19,4,#00539f
Macmillan,4,20,4,#00539f
Macmillan,4,21,4,#00539f
Macmillan,4,22,4,#00539f
Macmillan,5,23,4,#00539f
Macmillan,5,24,5,#00539f
Macmillan,5,25,5,#00539f
Macmillan,5,26,5,#00539f
Macmillan,5,27,5,#00539f
Macmillan,5,28,5,#00539f
Macmillan,5,29,5,#00539f
Macmillan,5,30,5,#00539f
Macmillan,5,31,5,#00539f
Macmillan,5,32,5,#00539f
Macmillan,5,33,5,#00539f
Macmillan,5,34,5,#00539f
Macmillan,5,35,5,#00539f
Macmillan,5,36,5,#00539f
Macmillan,5,37,5,#00539f
Macmillan,5,38,5,#00539f
Macmillan,5,39,5,#00539f
Macmillan,5,40,5,#00539f
Macmillan,5,41,5,#00539f
Macmillan,5,42,5,#00539f
Macmillan,5,43,5,#00539f
Macmillan,5,44,5,#00539f
Macmillan,5,45,5,#00539f
Macmillan,5,46,5,#00539f
Macmillan,5,47,5,#00539f
Macmillan,5,48,5,#00539f
Macmillan,5,49,5,#00539f
Macmillan,5,50,5,#00539f
Macmillan,5,51,5,#00539f
Macmillan,5,52,5,#00539f
Macmillan,5,53,5,#00539f
Macmillan,5,54,5,#00539f
Macmillan,5,55,5,#00539f
Macmillan,5,56,5,#00539f
Macmillan,5,57,5,#00539f
Macmillan,5,58,5,#00539f
Macmillan,5,59,5,#00539f
Macmillan,5,60,5,#00539f
Macmillan,5,61,5,#00539f
Macmillan,5,62,5,#00539f
Macmillan,5,63,5,#00539f
Macmillan,5,64,5,#00539f
Macmillan,5,65,5,#00539f
Macmillan,5,66,5,#00539f
Macmillan,5,67,5,#00539f
Macmillan,5,68,5,#00539f
Macmillan,5,69,5,#00539f
Macmillan,6,70,5,#00539f
Macmillan,6,71,6,#00539f
Macmillan,6,72,6,#00539f
Macmillan,6,73,6,#00539f
Macmillan,6,74,6,#00539f
Macmillan,6,75,6,#00539f
Macmillan,6,76,6,#00539f
Macmillan,7,77,6,#00539f
Macmillan,7,78,7,#00539f
Macmillan,7,79,7,#00539f
Macmillan,7,80,7,#00539f
Macmillan,7,81,7,#00539f
Macmillan,7,82,7,#00539f
Macmillan,7,83,7,#00539f
Macmillan,7,84,7,#00539f
Macmillan,7,85,7,#00539f
Macmillan,7,86,7,#00539f
Macmillan,7,87,7,#00539f
Macmillan,7,88,7,#00539f
Macmillan,7,89,7,#00539f
Macmillan,7,90,7,#00539f
Macmillan,7,91,7,#00539f
Macmillan,7,92,7,#00539f
Macmillan,7,93,7,#00539f
Macmillan,7,94,7,#00539f
Macmillan,7,95,7,#00539f
Macmillan,7,96,7,#00539f
Macmillan,7,97,7,#00539f
Macmillan,7,98,7,#00539f
Macmillan,7,99,7,#00539f
Macmillan,7,100,7,#00539f
Macmillan,7,101,7,#00539f
Macmillan,7,102,7,#00539f
Macmillan,7,103,7,#00539f
Macmillan,7,104,7,#00539f
Macmillan,7,105,7,#00539f
Macmillan,7,106,7,#00539f
Macmillan,7,107,7,#00539f
Macmillan,7,108,7,#00539f
Macmillan,7,109,7,#00539f
Macmillan,7,110,7,#00539f
Macmillan,7,111,7,#00539f
Macmillan,7,112,7,#00539f
Macmillan,7,113,7,#00539f
Macmillan,7,114,7,#00539f
Macmillan,7,115,7,#00539f
Macmillan,7,116,7,#00539f
Macmillan,7,117,7,#00539f
Macmillan,7,118,7,#00539f
Macmillan,7,119,7,#00539f
Macmillan,7,120,7,#00539f
Macmillan,7,121,7,#00539f
Macmillan,7,122,7,#00539f
Macmillan,7,123,7,#00539f
Macmillan,7,124,7,#00539f
Macmillan,7,125,7,#00539f
Macmillan,7,126,7,#00539f
Macmillan,7,127,7,#00539f
Macmillan,7,128,7,#00539f
Macmillan,7,129,7,#00539f
Macmillan,7,130,7,#00539f
Macmillan,7,131,7,#00539f
Macmillan,7,132,7,#00539f
Macmillan,7,133,7,#00539f
Macmillan,7,134,7,#00539f
Macmillan,7,135,7,#00539f
Macmillan,7,136,7,#00539f
Macmillan,7,137,7,#00539f
Macmillan,7,138,7,#00539f
Macmillan,7,139,7,#00539f
Macmillan,7,140,7,#00539f
Macdonald,0,1,0,#ee3224
Macdonald,0,2,0,#ee3224
Macdonald,0,3,0,#ee3224
Macdonald,0,4,0,#ee3224
Macdonald,0,5,0,#ee3224
Macdonald,0,6,0,#ee3224
Macdonald,0,7,0,#ee3224
Macdonald,0,8,0,#ee3224
Macdonald,0,9,0,#ee3224
Macdonald,0,10,0,#ee3224
Macdonald,0,11,0,#ee3224
Macdonald,0,12,0,#ee3224
Macdonald,0,13,0,#ee3224
Macdonald,0,14,0,#ee3224
Macdonald,0,15,0,#ee3224
Macdonald,0,16,0,#ee3224
Macdonald,0,17,0,#ee3224
Macdonald,0,18,0,#ee3224
Macdonald,0,19,0,#ee3224
Macdonald,0,20,0,#ee3224
Macdonald,1,21,0,#ee3224
Macdonald,1,22,1,#ee3224
Macdonald,1,23,1,#ee3224
Macdonald,1,24,1,#ee3224
Macdonald,1,25,1,#ee3224
Macdonald,1,26,1,#ee3224
Macdonald,1,27,1,#ee3224
Macdonald,1,28,1,#ee3224
Macdonald,1,29,1,#ee3224
Macdonald,1,30,1,#ee3224
Macdonald,3,31,1,#ee3224
Macdonald,3,32,3,#ee3224
Macdonald,3,33,3,#ee3224
Macdonald,3,34,3,#ee3224
Macdonald,3,35,3,#ee3224
Macdonald,3,36,3,#ee3224
Macdonald,3,37,3,#ee3224
Macdonald,5,38,3,#ee3224
Macdonald,5,39,5,#ee3224
Macdonald,5,40,5,#ee3224
Macdonald,5,41,5,#ee3224
Macdonald,5,42,5,#ee3224
Macdonald,5,43,5,#ee3224
Macdonald,5,44,5,#ee3224
Macdonald,5,45,5,#ee3224
Macdonald,5,46,5,#ee3224
Macdonald,5,47,5,#ee3224
Macdonald,5,48,5,#ee3224
Macdonald,5,49,5,#ee3224
Macdonald,16,50,5,#ee3224
Macdonald,16,51,16,#ee3224
Macdonald,16,52,16,#ee3224
Macdonald,16,53,16,#ee3224
Macdonald,16,54,16,#ee3224
Macdonald,16,55,16,#ee3224
Macdonald,16,56,16,#ee3224
Macdonald,16,57,16,#ee3224
Macdonald,16,58,16,#ee3224
Macdonald,16,59,16,#ee3224
Macdonald,16,60,16,#ee3224
Macdonald,16,61,16,#ee3224
Macdonald,16,62,16,#ee3224
Macdonald,16,63,16,#ee3224
Macdonald,16,64,16,#ee3224
Macdonald,16,65,16,#ee3224
Macdonald,16,66,16,#ee3224
Macdonald,16,67,16,#ee3224
Macdonald,16,68,16,#ee3224
Macdonald,16,69,16,#ee3224
Macdonald,16,70,16,#ee3224
Macdonald,16,71,16,#ee3224
Macdonald,16,72,16,#ee3224
Macdonald,16,73,16,#ee3224
Macdonald,16,74,16,#ee3224
Macdonald,16,75,16,#ee3224
Macdonald,16,76,16,#ee3224
Macdonald,16,77,16,#ee3224
Macdonald,16,78,16,#ee3224
Macdonald,16,79,16,#ee3224
Macdonald,16,80,16,#ee3224
Macdonald,16,81,16,#ee3224
Macdonald,16,82,16,#ee3224
Macdonald,16,83,16,#ee3224
Macdonald,16,84,16,#ee3224
Macdonald,16,85,16,#ee3224
Macdonald,16,86,16,#ee3224
Macdonald,16,87,16,#ee3224
Macdonald,16,88,16,#ee3224
Macdonald,16,89,16,#ee3224
Macdonald,16,90,16,#ee3224
Macdonald,16,91,16,#ee3224
Macdonald,16,92,16,#ee3224
Macdonald,16,93,16,#ee3224
Macdonald,16,94,16,#ee3224
Macdonald,16,95,16,#ee3224
Macdonald,16,96,16,#ee3224
Macdonald,16,97,16,#ee3224
Macdonald,16,98,16,#ee3224
Macdonald,16,99,16,#ee3224
Macdonald,16,100,16,#ee3224
Macdonald,16,101,16,#ee3224
Macdonald,16,102,16,#ee3224
Macdonald,16,103,16,#ee3224
Macdonald,16,104,16,#ee3224
Macdonald,16,105,16,#ee3224
Macdonald,16,106,16,#ee3224
Macdonald,16,107,16,#ee3224
Macdonald,16,108,16,#ee3224
Macdonald,16,109,16,#ee3224
Macdonald,16,110,16,#ee3224
Macdonald,16,111,16,#ee3224
Macdonald,16,112,16,#ee3224
Macdonald,16,113,16,#ee3224
Macdonald,16,114,16,#ee3224
Macdonald,16,115,16,#ee3224
Macdonald,16,116,16,#ee3224
Macdonald,16,117,16,#ee3224
Macdonald,16,118,16,#ee3224
Macdonald,16,119,16,#ee3224
Macdonald,16,120,16,#ee3224
Macdonald,16,121,16,#ee3224
Macdonald,16,122,16,#ee3224
Macdonald,16,123,16,#ee3224
Macdonald,16,124,16,#ee3224
Macdonald,16,125,16,#ee3224
Macdonald,16,126,16,#ee3224
Macdonald,16,127,16,#ee3224
Macdonald,16,128,16,#ee3224
Macdonald,16,129,16,#ee3224
Macdonald,16,130,16,#ee3224
Macdonald,16,131,16,#ee3224
Macdonald,16,132,16,#ee3224
Macdonald,16,133,16,#ee3224
Macdonald,16,134,16,#ee3224
Macdonald,16,135,16,#ee3224
Macdonald,16,136,16,#ee3224
Macdonald,16,137,16,#ee3224
Macdonald,16,138,16,#ee3224
Macdonald,16,139,16,#ee3224
Macdonald,16,140,16,#ee3224
Lloyd George,0,1,0,#ffb703
Lloyd George,0,2,0,#ffb703
Lloyd George,0,3,0,#ffb703
Lloyd George,0,4,0,#ffb703
Lloyd George,0,5,0,#ffb703
Lloyd George,0,6,0,#ffb703
Lloyd George,0,7,0,#ffb703
Lloyd George,1,8,0,#ffb703
Lloyd George,2,9,1,#ffb703
Lloyd George,2,10,2,#ffb703
Lloyd George,2,11,2,#ffb703
Lloyd George,3,12,2,#ffb703
Lloyd George,3,13,3,#ffb703
Lloyd George,4,14,3,#ffb703
Lloyd George,4,15,4,#ffb703
Lloyd George,4,16,4,#ffb703
Lloyd George,5,17,4,#ffb703
Lloyd George,5,18,5,#ffb703
Lloyd George,5,19,5,#ffb703
Lloyd George,5,20,5,#ffb703
Lloyd George,5,21,5,#ffb703
Lloyd George,5,22,5,#ffb703
Lloyd George,5,23,5,#ffb703
Lloyd George,6,24,5,#ffb703
Lloyd George,6,25,6,#ffb703
Lloyd George,6,26,6,#ffb703
Lloyd George,6,27,6,#ffb703
Lloyd George,6,28,6,#ffb703
Lloyd George,6,29,6,#ffb703
Lloyd George,6,30,6,#ffb703
Lloyd George,6,31,6,#ffb703
Lloyd George,6,32,6,#ffb703
Lloyd George,6,33,6,#ffb703
Lloyd George,6,34,6,#ffb703
Lloyd George,6,35,6,#ffb703
Lloyd George,7,36,6,#ffb703
Lloyd George,7,37,7,#ffb703
Lloyd George,7,38,7,#ffb703
Lloyd George,7,39,7,#ffb703
Lloyd George,7,40,7,#ffb703
Lloyd George,7,41,7,#ffb703
Lloyd George,7,42,7,#ffb703
Lloyd George,7,43,7,#ffb703
Lloyd George,7,44,7,#ffb703
Lloyd George,7,45,7,#ffb703
Lloyd George,7,46,7,#ffb703
Lloyd George,7,47,7,#ffb703
Lloyd George,7,48,7,#ffb703
Lloyd George,7,49,7,#ffb703
Lloyd George,7,50,7,#ffb703
Lloyd George,7,51,7,#ffb703
Lloyd George,7,52,7,#ffb703
Lloyd George,7,53,7,#ffb703
Lloyd George,7,54,7,#ffb703
Lloyd George,7,55,7,#ffb703
Lloyd George,8,56,7,#ffb703
Lloyd George,8,57,8,#ffb703
Lloyd George,8,58,8,#ffb703
Lloyd George,8,59,8,#ffb703
Lloyd George,8,60,8,#ffb703
Lloyd George,8,61,8,#ffb703
Lloyd George,8,62,8,#ffb703
Lloyd George,8,63,8,#ffb703
Lloyd George,9,64,8,#ffb703
Lloyd George,9,65,9,#ffb703
Lloyd George,9,66,9,#ffb703
Lloyd George,9,67,9,#ffb703
Lloyd George,9,68,9,#ffb703
Lloyd George,9,69,9,#ffb703
Lloyd George,9,70,9,#ffb703
Lloyd George,9,71,9,#ffb703
Lloyd George,9,72,9,#ffb703
Lloyd George,9,73,9,#ffb703
Lloyd George,9,74,9,#ffb703
Lloyd George,9,75,9,#ffb703
Lloyd George,9,76,9,#ffb703
Lloyd George,9,77,9,#ffb703
Lloyd George,9,78,9,#ffb703
Lloyd George,9,79,9,#ffb703
Lloyd George,9,80,9,#ffb703
Lloyd George,9,81,9,#ffb703
Lloyd George,9,82,9,#ffb703
Lloyd George,9,83,9,#ffb703
Lloyd George,9,84,9,#ffb703
Lloyd George,9,85,9,#ffb703
Lloyd George,9,86,9,#ffb703
Lloyd George,9,87,9,#ffb703
Lloyd George,9,88,9,#ffb703
Lloyd George,9,89,9,#ffb703
Lloyd George,9,90,9,#ffb703
Lloyd George,9,91,9,#ffb703
Lloyd George,9,92,9,#ffb703
Lloyd George,9,93,9,#ffb703
Lloyd George,9,94,9,#ffb703
Lloyd George,9,95,9,#ffb703
Lloyd George,9,96,9,#ffb703
Lloyd George,9,97,9,#ffb703
Lloyd George,9,98,9,#ffb703
Lloyd George,9,99,9,#ffb703
Lloyd George,9,100,9,#ffb703
Lloyd George,9,101,9,#ffb703
Lloyd George,9,102,9,#ffb703
Lloyd George,9,103,9,#ffb703
Lloyd George,9,104,9,#ffb703
Lloyd George,9,105,9,#ffb703
Lloyd George,9,106,9,#ffb703
Lloyd George,9,107,9,#ffb703
Lloyd George,9,108,9,#ffb703
Lloyd George,9,109,9,#ffb703
Lloyd George,9,110,9,#ffb703
Lloyd George,9,111,9,#ffb703
Lloyd George,9,112,9,#ffb703
Lloyd George,9,113,9,#ffb703
Lloyd George,9,114,9,#ffb703
Lloyd George,9,115,9,#ffb703
Lloyd George,9,116,9,#ffb703
Lloyd George,9,117,9,#ffb703
Lloyd George,9,118,9,#ffb703
Lloyd George,9,119,9,#ffb703
Lloyd George,9,120,9,#ffb703
Lloyd George,9,121,9,#ffb703
Lloyd George,9,122,9,#ffb703
Lloyd George,9,123,9,#ffb703
Lloyd George,9,124,9,#ffb703
Lloyd George,9,125,9,#ffb703
Lloyd George,9,126,9,#ffb703
Lloyd George,9,127,9,#ffb703
Lloyd George,9,128,9,#ffb703
Lloyd George,9,129,9,#ffb703
Lloyd George,9,130,9,#ffb703
Lloyd George,9,131,9,#ffb703
Lloyd George,9,132,9,#ffb703
Lloyd George,9,133,9,#ffb703
Lloyd George,9,134,9,#ffb703
Lloyd George,9,135,9,#ffb703
Lloyd George,9,136,9,#ffb703
Lloyd George,9,137,9,#ffb703
Lloyd George,9,138,9,#ffb703
Lloyd George,9,139,9,#ffb703
Lloyd George,9,140,9,#ffb703
Heath,0,1,0,#00539f
Heath,0,2,0,#00539f
Heath,0,3,0,#00539f
Heath,0,4,0,#00539f
Heath,0,5,0,#00539f
Heath,0,6,0,#00539f
Heath,0,7,0,#00539f
Heath,0,8,0,#00539f
Heath,0,9,0,#00539f
Heath,0,10,0,#00539f
Heath,0,11,0,#00539f
Heath,0,12,0,#00539f
Heath,0,13,0,#00539f
Heath,1,14,0,#00539f
Heath,1,15,1,#00539f
Heath,2,16,1,#00539f
Heath,2,17,2,#00539f
Heath,2,18,2,#00539f
Heath,2,19,2,#00539f
Heath,2,20,2,#00539f
Heath,2,21,2,#00539f
Heath,2,22,2,#00539f
Heath,2,23,2,#00539f
Heath,2,24,2,#00539f
Heath,3,25,2,#00539f
Heath,3,26,3,#00539f
Heath,3,27,3,#00539f
Heath,3,28,3,#00539f
Heath,3,29,3,#00539f
Heath,3,30,3,#00539f
Heath,3,31,3,#00539f
Heath,3,32,3,#00539f
Heath,3,33,3,#00539f
Heath,3,34,3,#00539f
Heath,3,35,3,#00539f
Heath,5,36,3,#00539f
Heath,5,37,5,#00539f
Heath,5,38,5,#00539f
Heath,5,39,5,#00539f
Heath,5,40,5,#00539f
Heath,5,41,5,#00539f
Heath,5,42,5,#00539f
Heath,5,43,5,#00539f
Heath,5,44,5,#00539f
Heath,5,45,5,#00539f
Heath,5,46,5,#00539f
Heath,5,47,5,#00539f
Heath,5,48,5,#00539f
Heath,5,49,5,#00539f
Heath,5,50,5,#00539f
Heath,5,51,5,#00539f
Heath,5,52,5,#00539f
Heath,5,53,5,#00539f
Heath,5,54,5,#00539f
Heath,5,55,5,#00539f
Heath,5,56,5,#00539f
Heath,5,57,5,#00539f
Heath,5,58,5,#00539f
Heath,5,59,5,#00539f
Heath,5,60,5,#00539f
Heath,5,61,5,#00539f
Heath,5,62,5,#00539f
Heath,5,63,5,#00539f
Heath,5,64,5,#00539f
Heath,5,65,5,#00539f
Heath,5,66,5,#00539f
Heath,5,67,5,#00539f
Heath,5,68,5,#00539f
Heath,5,69,5,#00539f
Heath,5,70,5,#00539f
Heath,5,71,5,#00539f
Heath,5,72,5,#00539f
Heath,5,73,5,#00539f
Heath,5,74,5,#00539f
Heath,5,75,5,#00539f
Heath,5,76,5,#00539f
Heath,5,77,5,#00539f
Heath,5,78,5,#00539f
Heath,5,79,5,#00539f
Heath,5,80,5,#00539f
Heath,5,81,5,#00539f
Heath,5,82,5,#00539f
Heath,5,83,5,#00539f
Heath,5,84,5,#00539f
Heath,5,85,5,#00539f
Heath,5,86,5,#00539f
Heath,5,87,5,#00539f
Heath,5,88,5,#00539f
Heath,5,89,5,#00539f
Heath,5,90,5,#00539f
Heath,5,91,5,#00539f
Heath,5,92,5,#00539f
Heath,5,93,5,#00539f
Heath,5,94,5,#00539f
Heath,5,95,5,#00539f
Heath,5,96,5,#00539f
Heath,5,97,5,#00539f
Heath,5,98,5,#00539f
Heath,5,99,5,#00539f
Heath,5,100,5,#00539f
Heath,5,101,5,#00539f
Heath,5,102,5,#00539f
Heath,5,103,5,#00539f
Heath,5,104,5,#00539f
Heath,5,105,5,#00539f
Heath,5,106,5,#00539f
Heath,5,107,5,#00539f
Heath,5,108,5,#00539f
Heath,5,109,5,#00539f
Heath,5,110,5,#00539f
Heath,5,111,5,#00539f
Heath,5,112,5,#00539f
Heath,5,113,5,#00539f
Heath,5,114,5,#00539f
Heath,5,115,5,#00539f
Heath,5,116,5,#00539f
Heath,5,117,5,#00539f
Heath,5,118,5,#00539f
Heath,5,119,5,#00539f
Heath,5,120,5,#00539f
Heath,5,121,5,#00539f
Heath,5,122,5,#00539f
Heath,5,123,5,#00539f
Heath,5,124,5,#00539f
Heath,5,125,5,#00539f
Heath,5,126,5,#00539f
Heath,5,127,5,#00539f
Heath,5,128,5,#00539f
Heath,5,129,5,#00539f
Heath,5,130,5,#00539f
Heath,5,131,5,#00539f
Heath,5,132,5,#00539f
Heath,5,133,5,#00539f
Heath,5,134,5,#00539f
Heath,5,135,5,#00539f
Heath,5,136,5,#00539f
Heath,5,137,5,#00539f
Heath,5,138,5,#00539f
Heath,5,139,5,#00539f
Heath,5,140,5,#00539f
Eden,0,1,0,#00539f
Eden,0,2,0,#00539f
Eden,0,3,0,#00539f
Eden,0,4,0,#00539f
Eden,0,5,0,#00539f
Eden,0,6,0,#00539f
Eden,0,7,0,#00539f
Eden,0,8,0,#00539f
Eden,0,9,0,#00539f
Eden,0,10,0,#00539f
Eden,0,11,0,#00539f
Eden,0,12,0,#00539f
Eden,0,13,0,#00539f
Eden,0,14,0,#00539f
Eden,0,15,0,#00539f
Eden,0,16,0,#00539f
Eden,0,17,0,#00539f
Eden,0,18,0,#00539f
Eden,1,19,0,#00539f
Eden,2,20,1,#00539f
Eden,2,21,2,#00539f
Eden,2,22,2,#00539f
Eden,2,23,2,#00539f
Eden,2,24,2,#00539f
Eden,2,25,2,#00539f
Eden,2,26,2,#00539f
Eden,2,27,2,#00539f
Eden,2,28,2,#00539f
Eden,2,29,2,#00539f
Eden,2,30,2,#00539f
Eden,2,31,2,#00539f
Eden,2,32,2,#00539f
Eden,2,33,2,#00539f
Eden,2,34,2,#00539f
Eden,2,35,2,#00539f
Eden,2,36,2,#00539f
Eden,2,37,2,#00539f
Eden,2,38,2,#00539f
Eden,2,39,2,#00539f
Eden,2,40,2,#00539f
Eden,2,41,2,#00539f
Eden,2,42,2,#00539f
Eden,2,43,2,#00539f
Eden,2,44,2,#00539f
Eden,2,45,2,#00539f
Eden,2,46,2,#00539f
Eden,2,47,2,#00539f
Eden,2,48,2,#00539f
Eden,2,49,2,#00539f
Eden,2,50,2,#00539f
Eden,2,51,2,#00539f
Eden,2,52,2,#00539f
Eden,2,53,2,#00539f
Eden,2,54,2,#00539f
Eden,2,55,2,#00539f
Eden,2,56,2,#00539f
Eden,2,57,2,#00539f
Eden,2,58,2,#00539f
Eden,2,59,2,#00539f
Eden,2,60,2,#00539f
Eden,2,61,2,#00539f
Eden,2,62,2,#00539f
Eden,2,63,2,#00539f
Eden,2,64,2,#00539f
Eden,2,65,2,#00539f
Eden,2,66,2,#00539f
Eden,2,67,2,#00539f
Eden,2,68,2,#00539f
Eden,2,69,2,#00539f
Eden,2,70,2,#00539f
Eden,2,71,2,#00539f
Eden,2,72,2,#00539f
Eden,2,73,2,#00539f
Eden,2,74,2,#00539f
Eden,2,75,2,#00539f
Eden,2,76,2,#00539f
Eden,2,77,2,#00539f
Eden,2,78,2,#00539f
Eden,2,79,2,#00539f
Eden,2,80,2,#00539f
Eden,2,81,2,#00539f
Eden,2,82,2,#00539f
Eden,2,83,2,#00539f
Eden,2,84,2,#00539f
Eden,2,85,2,#00539f
Eden,2,86,2,#00539f
Eden,2,87,2,#00539f
Eden,2,88,2,#00539f
Eden,2,89,2,#00539f
Eden,2,90,2,#00539f
Eden,2,91,2,#00539f
Eden,2,92,2,#00539f
Eden,2,93,2,#00539f
Eden,2,94,2,#00539f
Eden,2,95,2,#00539f
Eden,2,96,2,#00539f
Eden,2,97,2,#00539f
Eden,2,98,2,#00539f
Eden,2,99,2,#00539f
Eden,2,100,2,#00539f
Eden,2,101,2,#00539f
Eden,2,102,2,#00539f
Eden,2,103,2,#00539f
Eden,2,104,2,#00539f
Eden,2,105,2,#00539f
Eden,2,106,2,#00539f
Eden,2,107,2,#00539f
Eden,2,108,2,#00539f
Eden,2,109,2,#00539f
Eden,2,110,2,#00539f
Eden,2,111,2,#00539f
Eden,2,112,2,#00539f
Eden,2,113,2,#00539f
Eden,2,114,2,#00539f
Eden,2,115,2,#00539f
Eden,2,116,2,#00539f
Eden,2,117,2,#00539f
Eden,2,118,2,#00539f
Eden,2,119,2,#00539f
Eden,2,120,2,#00539f
Eden,2,121,2,#00539f
Eden,2,122,2,#00539f
Eden,2,123,2,#00539f
Eden,2,124,2,#00539f
Eden,2,125,2,#00539f
Eden,2,126,2,#00539f
Eden,2,127,2,#00539f
Eden,2,128,2,#00539f
Eden,2,129,2,#00539f
Eden,2,130,2,#00539f
Eden,2,131,2,#00539f
Eden,2,132,2,#00539f
Eden,2,133,2,#00539f
Eden,2,134,2,#00539f
Eden,2,135,2,#00539f
Eden,2,136,2,#00539f
Eden,2,137,2,#00539f
Eden,2,138,2,#00539f
Eden,2,139,2,#00539f
Eden,2,140,2,#00539f
Churchill,0,1,0,#00539f
Churchill,0,2,0,#00539f
Churchill,0,3,0,#00539f
Churchill,0,4,0,#00539f
Churchill,0,5,0,#00539f
Churchill,0,6,0,#00539f
Churchill,0,7,0,#00539f
Churchill,0,8,0,#00539f
Churchill,1,9,0,#00539f
Churchill,1,10,1,#00539f
Churchill,1,11,1,#00539f
Churchill,1,12,1,#00539f
Churchill,1,13,1,#00539f
Churchill,1,14,1,#00539f
Churchill,1,15,1,#00539f
Churchill,1,16,1,#00539f
Churchill,1,17,1,#00539f
Churchill,1,18,1,#00539f
Churchill,1,19,1,#00539f
Churchill,1,20,1,#00539f
Churchill,1,21,1,#00539f
Churchill,1,22,1,#00539f
Churchill,1,23,1,#00539f
Churchill,1,24,1,#00539f
Churchill,1,25,1,#00539f
Churchill,1,26,1,#00539f
Churchill,1,27,1,#00539f
Churchill,1,28,1,#00539f
Churchill,1,29,1,#00539f
Churchill,1,30,1,#00539f
Churchill,1,31,1,#00539f
Churchill,1,32,1,#00539f
Churchill,1,33,1,#00539f
Churchill,1,34,1,#00539f
Churchill,1,35,1,#00539f
Churchill,1,36,1,#00539f
Churchill,1,37,1,#00539f
Churchill,1,38,1,#00539f
Churchill,1,39,1,#00539f
Churchill,1,40,1,#00539f
Churchill,1,41,1,#00539f
Churchill,1,42,1,#00539f
Churchill,1,43,1,#00539f
Churchill,1,44,1,#00539f
Churchill,1,45,1,#00539f
Churchill,1,46,1,#00539f
Churchill,1,47,1,#00539f
Churchill,1,48,1,#00539f
Churchill,1,49,1,#00539f
Churchill,1,50,1,#00539f
Churchill,1,51,1,#00539f
Churchill,1,52,1,#00539f
Churchill,1,53,1,#00539f
Churchill,1,54,1,#00539f
Churchill,1,55,1,#00539f
Churchill,1,56,1,#00539f
Churchill,1,57,1,#00539f
Churchill,2,58,1,#00539f
Churchill,2,59,2,#00539f
Churchill,2,60,2,#00539f
Churchill,2,61,2,#00539f
Churchill,2,62,2,#00539f
Churchill,3,63,2,#00539f
Churchill,3,64,3,#00539f
Churchill,3,65,3,#00539f
Churchill,3,66,3,#00539f
Churchill,3,67,3,#00539f
Churchill,3,68,3,#00539f
Churchill,3,69,3,#00539f
Churchill,3,70,3,#00539f
Churchill,3,71,3,#00539f
Churchill,3,72,3,#00539f
Churchill,3,73,3,#00539f
Churchill,3,74,3,#00539f
Churchill,3,75,3,#00539f
Churchill,3,76,3,#00539f
Churchill,3,77,3,#00539f
Churchill,3,78,3,#00539f
Churchill,3,79,3,#00539f
Churchill,3,80,3,#00539f
Churchill,3,81,3,#00539f
Churchill,3,82,3,#00539f
Churchill,3,83,3,#00539f
Churchill,3,84,3,#00539f
Churchill,3,85,3,#00539f
Churchill,3,86,3,#00539f
Churchill,3,87,3,#00539f
Churchill,3,88,3,#00539f
Churchill,3,89,3,#00539f
Churchill,3,90,3,#00539f
Churchill,3,91,3,#00539f
Churchill,3,92,3,#00539f
Churchill,3,93,3,#00539f
Churchill,3,94,3,#00539f
Churchill,3,95,3,#00539f
Churchill,4,96,3,#00539f
Churchill,4,97,4,#00539f
Churchill,4,98,4,#00539f
Churchill,4,99,4,#00539f
Churchill,4,100,4,#00539f
Churchill,4,101,4,#00539f
Churchill,4,102,4,#00539f
Churchill,4,103,4,#00539f
Churchill,4,104,4,#00539f
Churchill,4,105,4,#00539f
Churchill,4,106,4,#00539f
Churchill,4,107,4,#00539f
Churchill,4,108,4,#00539f
Churchill,4,109,4,#00539f
Churchill,4,110,4,#00539f
Churchill,4,111,4,#00539f
Churchill,4,112,4,#00539f
Churchill,4,113,4,#00539f
Churchill,4,114,4,#00539f
Churchill,4,115,4,#00539f
Churchill,4,116,4,#00539f
Churchill,4,117,4,#00539f
Churchill,4,118,4,#00539f
Churchill,4,119,4,#00539f
Churchill,4,120,4,#00539f
Churchill,4,121,4,#00539f
Churchill,4,122,4,#00539f
Churchill,4,123,4,#00539f
Churchill,4,124,4,#00539f
Churchill,4,125,4,#00539f
Churchill,4,126,4,#00539f
Churchill,4,127,4,#00539f
Churchill,4,128,4,#00539f
Churchill,4,129,4,#00539f
Churchill,4,130,4,#00539f
Churchill,4,131,4,#00539f
Churchill,4,132,4,#00539f
Churchill,4,133,4,#00539f
Churchill,4,134,4,#00539f
Churchill,4,135,4,#00539f
Churchill,4,136,4,#00539f
Churchill,4,137,4,#00539f
Churchill,4,138,4,#00539f
Churchill,4,139,4,#00539f
Churchill,4,140,4,#00539f
Chamberlain,0,1,0,#00539f
Chamberlain,0,2,0,#00539f
Chamberlain,0,3,0,#00539f
Chamberlain,0,4,0,#00539f
Chamberlain,0,5,0,#00539f
Chamberlain,0,6,0,#00539f
Chamberlain,0,7,0,#00539f
Chamberlain,0,8,0,#00539f
Chamberlain,2,9,0,#00539f
Chamberlain,2,10,2,#00539f
Chamberlain,2,11,2,#00539f
Chamberlain,4,12,2,#00539f
Chamberlain,4,13,4,#00539f
Chamberlain,4,14,4,#00539f
Chamberlain,4,15,4,#00539f
Chamberlain,4,16,4,#00539f
Chamberlain,5,17,4,#00539f
Chamberlain,5,18,5,#00539f
Chamberlain,5,19,5,#00539f
Chamberlain,5,20,5,#00539f
Chamberlain,5,21,5,#00539f
Chamberlain,5,22,5,#00539f
Chamberlain,5,23,5,#00539f
Chamberlain,5,24,5,#00539f
Chamberlain,5,25,5,#00539f
Chamberlain,5,26,5,#00539f
Chamberlain,5,27,5,#00539f
Chamberlain,5,28,5,#00539f
Chamberlain,5,29,5,#00539f
Chamberlain,5,30,5,#00539f
Chamberlain,5,31,5,#00539f
Chamberlain,5,32,5,#00539f
Chamberlain,5,33,5,#00539f
Chamberlain,5,34,5,#00539f
Chamberlain,5,35,5,#00539f
Chamberlain,5,36,5,#00539f
Chamberlain,5,37,5,#00539f
Chamberlain,5,38,5,#00539f
Chamberlain,5,39,5,#00539f
Chamberlain,5,40,5,#00539f
Chamberlain,5,41,5,#00539f
Chamberlain,5,42,5,#00539f
Chamberlain,5,43,5,#00539f
Chamberlain,5,44,5,#00539f
Chamberlain,5,45,5,#00539f
Chamberlain,5,46,5,#00539f
Chamberlain,5,47,5,#00539f
Chamberlain,5,48,5,#00539f
Chamberlain,5,49,5,#00539f
Chamberlain,5,50,5,#00539f
Chamberlain,5,51,5,#00539f
Chamberlain,5,52,5,#00539f
Chamberlain,5,53,5,#00539f
Chamberlain,5,54,5,#00539f
Chamberlain,5,55,5,#00539f
Chamberlain,5,56,5,#00539f
Chamberlain,5,57,5,#00539f
Chamberlain,5,58,5,#00539f
Chamberlain,5,59,5,#00539f
Chamberlain,5,60,5,#00539f
Chamberlain,5,61,5,#00539f
Chamberlain,5,62,5,#00539f
Chamberlain,5,63,5,#00539f
Chamberlain,5,64,5,#00539f
Chamberlain,5,65,5,#00539f
Chamberlain,5,66,5,#00539f
Chamberlain,5,67,5,#00539f
Chamberlain,5,68,5,#00539f
Chamberlain,5,69,5,#00539f
Chamberlain,5,70,5,#00539f
Chamberlain,5,71,5,#00539f
Chamberlain,5,72,5,#00539f
Chamberlain,5,73,5,#00539f
Chamberlain,5,74,5,#00539f
Chamberlain,5,75,5,#00539f
Chamberlain,5,76,5,#00539f
Chamberlain,5,77,5,#00539f
Chamberlain,5,78,5,#00539f
Chamberlain,5,79,5,#00539f
Chamberlain,5,80,5,#00539f
Chamberlain,5,81,5,#00539f
Chamberlain,5,82,5,#00539f
Chamberlain,5,83,5,#00539f
Chamberlain,5,84,5,#00539f
Chamberlain,5,85,5,#00539f
Chamberlain,5,86,5,#00539f
Chamberlain,5,87,5,#00539f
Chamberlain,5,88,5,#00539f
Chamberlain,5,89,5,#00539f
Chamberlain,5,90,5,#00539f
Chamberlain,5,91,5,#00539f
Chamberlain,5,92,5,#00539f
Chamberlain,5,93,5,#00539f
Chamberlain,5,94,5,#00539f
Chamberlain,5,95,5,#00539f
Chamberlain,5,96,5,#00539f
Chamberlain,5,97,5,#00539f
Chamberlain,5,98,5,#00539f
Chamberlain,5,99,5,#00539f
Chamberlain,5,100,5,#00539f
Chamberlain,5,101,5,#00539f
Chamberlain,5,102,5,#00539f
Chamberlain,5,103,5,#00539f
Chamberlain,5,104,5,#00539f
Chamberlain,5,105,5,#00539f
Chamberlain,5,106,5,#00539f
Chamberlain,5,107,5,#00539f
Chamberlain,5,108,5,#00539f
Chamberlain,5,109,5,#00539f
Chamberlain,5,110,5,#00539f
Chamberlain,5,111,5,#00539f
Chamberlain,5,112,5,#00539f
Chamberlain,5,113,5,#00539f
Chamberlain,5,114,5,#00539f
Chamberlain,5,115,5,#00539f
Chamberlain,5,116,5,#00539f
Chamberlain,5,117,5,#00539f
Chamberlain,5,118,5,#00539f
Chamberlain,5,119,5,#00539f
Chamberlain,5,120,5,#00539f
Chamberlain,5,121,5,#00539f
Chamberlain,5,122,5,#00539f
Chamberlain,5,123,5,#00539f
Chamberlain,5,124,5,#00539f
Chamberlain,5,125,5,#00539f
Chamberlain,5,126,5,#00539f
Chamberlain,5,127,5,#00539f
Chamberlain,5,128,5,#00539f
Chamberlain,5,129,5,#00539f
Chamberlain,5,130,5,#00539f
Chamberlain,5,131,5,#00539f
Chamberlain,5,132,5,#00539f
Chamberlain,5,133,5,#00539f
Chamberlain,5,134,5,#00539f
Chamberlain,5,135,5,#00539f
Chamberlain,5,136,5,#00539f
Chamberlain,5,137,5,#00539f
Chamberlain,5,138,5,#00539f
Chamberlain,5,139,5,#00539f
Chamberlain,5,140,5,#00539f
Cameron,1,1,0,#00539f
Cameron,1,2,1,#00539f
Cameron,1,3,1,#00539f
Cameron,1,4,1,#00539f
Cameron,1,5,1,#00539f
Cameron,1,6,1,#00539f
Cameron,1,7,1,#00539f
Cameron,1,8,1,#00539f
Cameron,1,9,1,#00539f
Cameron,1,10,1,#00539f
Cameron,1,11,1,#00539f
Cameron,1,12,1,#00539f
Cameron,1,13,1,#00539f
Cameron,1,14,1,#00539f
Cameron,1,15,1,#00539f
Cameron,1,16,1,#00539f
Cameron,1,17,1,#00539f
Cameron,2,18,1,#00539f
Cameron,2,19,2,#00539f
Cameron,2,20,2,#00539f
Cameron,3,21,2,#00539f
Cameron,3,22,3,#00539f
Cameron,3,23,3,#00539f
Cameron,3,24,3,#00539f
Cameron,3,25,3,#00539f
Cameron,3,26,3,#00539f
Cameron,3,27,3,#00539f
Cameron,3,28,3,#00539f
Cameron,3,29,3,#00539f
Cameron,4,30,3,#00539f
Cameron,4,31,4,#00539f
Cameron,5,32,4,#00539f
Cameron,5,33,5,#00539f
Cameron,5,34,5,#00539f
Cameron,5,35,5,#00539f
Cameron,5,36,5,#00539f
Cameron,5,37,5,#00539f
Cameron,5,38,5,#00539f
Cameron,5,39,5,#00539f
Cameron,5,40,5,#00539f
Cameron,5,41,5,#00539f
Cameron,5,42,5,#00539f
Cameron,5,43,5,#00539f
Cameron,5,44,5,#00539f
Cameron,6,45,5,#00539f
Cameron,6,46,6,#00539f
Cameron,7,47,6,#00539f
Cameron,7,48,7,#00539f
Cameron,7,49,7,#00539f
Cameron,7,50,7,#00539f
Cameron,8,51,7,#00539f
Cameron,8,52,8,#00539f
Cameron,9,53,8,#00539f
Cameron,12,54,9,#00539f
Cameron,12,55,12,#00539f
Cameron,12,56,12,#00539f
Cameron,12,57,12,#00539f
Cameron,12,58,12,#00539f
Cameron,12,59,12,#00539f
Cameron,12,60,12,#00539f
Cameron,12,61,12,#00539f
Cameron,12,62,12,#00539f
Cameron,12,63,12,#00539f
Cameron,12,64,12,#00539f
Cameron,12,65,12,#00539f
Cameron,12,66,12,#00539f
Cameron,13,67,12,#00539f
Cameron,13,68,13,#00539f
Cameron,13,69,13,#00539f
Cameron,13,70,13,#00539f
Cameron,14,71,13,#00539f
Cameron,14,72,14,#00539f
Cameron,14,73,14,#00539f
Cameron,14,74,14,#00539f
Cameron,14,75,14,#00539f
Cameron,14,76,14,#00539f
Cameron,14,77,14,#00539f
Cameron,14,78,14,#00539f
Cameron,14,79,14,#00539f
Cameron,14,80,14,#00539f
Cameron,14,81,14,#00539f
Cameron,14,82,14,#00539f
Cameron,14,83,14,#00539f
Cameron,14,84,14,#00539f
Cameron,14,85,14,#00539f
Cameron,14,86,14,#00539f
Cameron,14,87,14,#00539f
Cameron,14,88,14,#00539f
Cameron,14,89,14,#00539f
Cameron,14,90,14,#00539f
Cameron,14,91,14,#00539f
Cameron,14,92,14,#00539f
Cameron,14,93,14,#00539f
Cameron,14,94,14,#00539f
Cameron,14,95,14,#00539f
Cameron,14,96,14,#00539f
Cameron,14,97,14,#00539f
Cameron,14,98,14,#00539f
Cameron,14,99,14,#00539f
Cameron,14,100,14,#00539f
Cameron,14,101,14,#00539f
Cameron,14,102,14,#00539f
Cameron,14,103,14,#00539f
Cameron,14,104,14,#00539f
Cameron,14,105,14,#00539f
Cameron,14,106,14,#00539f
Cameron,14,107,14,#00539f
Cameron,14,108,14,#00539f
Cameron,14,109,14,#00539f
Cameron,14,110,14,#00539f
Cameron,14,111,14,#00539f
Cameron,14,112,14,#00539f
Cameron,14,113,14,#00539f
Cameron,14,114,14,#00539f
Cameron,14,115,14,#00539f
Cameron,14,116,14,#00539f
Cameron,14,117,14,#00539f
Cameron,14,118,14,#00539f
Cameron,14,119,14,#00539f
Cameron,14,120,14,#00539f
Cameron,14,121,14,#00539f
Cameron,14,122,14,#00539f
Cameron,14,123,14,#00539f
Cameron,14,124,14,#00539f
Cameron,14,125,14,#00539f
Cameron,14,126,14,#00539f
Cameron,14,127,14,#00539f
Cameron,14,128,14,#00539f
Cameron,14,129,14,#00539f
Cameron,14,130,14,#00539f
Cameron,14,131,14,#00539f
Cameron,14,132,14,#00539f
Cameron,14,133,14,#00539f
Cameron,14,134,14,#00539f
Cameron,14,135,14,#00539f
Cameron,14,136,14,#00539f
Cameron,14,137,14,#00539f
Cameron,14,138,14,#00539f
Cameron,14,139,14,#00539f
Cameron,14,140,14,#00539f
Callaghan,0,1,0,#ee3224
Callaghan,0,2,0,#ee3224
Callaghan,0,3,0,#ee3224
Callaghan,0,4,0,#ee3224
Callaghan,0,5,0,#ee3224
Callaghan,0,6,0,#ee3224
Callaghan,0,7,0,#ee3224
Callaghan,0,8,0,#ee3224
Callaghan,1,9,0,#ee3224
Callaghan,1,10,1,#ee3224
Callaghan,1,11,1,#ee3224
Callaghan,1,12,1,#ee3224
Callaghan,1,13,1,#ee3224
Callaghan,1,14,1,#ee3224
Callaghan,1,15,1,#ee3224
Callaghan,1,16,1,#ee3224
Callaghan,1,17,1,#ee3224
Callaghan,1,18,1,#ee3224
Callaghan,1,19,1,#ee3224
Callaghan,2,20,1,#ee3224
Callaghan,2,21,2,#ee3224
Callaghan,2,22,2,#ee3224
Callaghan,2,23,2,#ee3224
Callaghan,2,24,2,#ee3224
Callaghan,2,25,2,#ee3224
Callaghan,2,26,2,#ee3224
Callaghan,2,27,2,#ee3224
Callaghan,2,28,2,#ee3224
Callaghan,2,29,2,#ee3224
Callaghan,2,30,2,#ee3224
Callaghan,2,31,2,#ee3224
Callaghan,3,32,2,#ee3224
Callaghan,3,33,3,#ee3224
Callaghan,4,34,3,#ee3224
Callaghan,4,35,4,#ee3224
Callaghan,4,36,4,#ee3224
Callaghan,4,37,4,#ee3224
Callaghan,4,38,4,#ee3224
Callaghan,4,39,4,#ee3224
Callaghan,4,40,4,#ee3224
Callaghan,4,41,4,#ee3224
Callaghan,4,42,4,#ee3224
Callaghan,4,43,4,#ee3224
Callaghan,4,44,4,#ee3224
Callaghan,4,45,4,#ee3224
Callaghan,4,46,4,#ee3224
Callaghan,4,47,4,#ee3224
Callaghan,4,48,4,#ee3224
Callaghan,4,49,4,#ee3224
Callaghan,4,50,4,#ee3224
Callaghan,4,51,4,#ee3224
Callaghan,4,52,4,#ee3224
Callaghan,4,53,4,#ee3224
Callaghan,4,54,4,#ee3224
Callaghan,4,55,4,#ee3224
Callaghan,4,56,4,#ee3224
Callaghan,4,57,4,#ee3224
Callaghan,4,58,4,#ee3224
Callaghan,4,59,4,#ee3224
Callaghan,4,60,4,#ee3224
Callaghan,4,61,4,#ee3224
Callaghan,4,62,4,#ee3224
Callaghan,4,63,4,#ee3224
Callaghan,4,64,4,#ee3224
Callaghan,4,65,4,#ee3224
Callaghan,4,66,4,#ee3224
Callaghan,4,67,4,#ee3224
Callaghan,4,68,4,#ee3224
Callaghan,4,69,4,#ee3224
Callaghan,4,70,4,#ee3224
Callaghan,4,71,4,#ee3224
Callaghan,4,72,4,#ee3224
Callaghan,4,73,4,#ee3224
Callaghan,4,74,4,#ee3224
Callaghan,4,75,4,#ee3224
Callaghan,4,76,4,#ee3224
Callaghan,4,77,4,#ee3224
Callaghan,4,78,4,#ee3224
Callaghan,4,79,4,#ee3224
Callaghan,4,80,4,#ee3224
Callaghan,4,81,4,#ee3224
Callaghan,4,82,4,#ee3224
Callaghan,4,83,4,#ee3224
Callaghan,4,84,4,#ee3224
Callaghan,4,85,4,#ee3224
Callaghan,4,86,4,#ee3224
Callaghan,4,87,4,#ee3224
Callaghan,4,88,4,#ee3224
Callaghan,4,89,4,#ee3224
Callaghan,4,90,4,#ee3224
Callaghan,4,91,4,#ee3224
Callaghan,4,92,4,#ee3224
Callaghan,4,93,4,#ee3224
Callaghan,4,94,4,#ee3224
Callaghan,4,95,4,#ee3224
Callaghan,4,96,4,#ee3224
Callaghan,4,97,4,#ee3224
Callaghan,4,98,4,#ee3224
Callaghan,4,99,4,#ee3224
Callaghan,4,100,4,#ee3224
Callaghan,4,101,4,#ee3224
Callaghan,4,102,4,#ee3224
Callaghan,4,103,4,#ee3224
Callaghan,4,104,4,#ee3224
Callaghan,4,105,4,#ee3224
Callaghan,4,106,4,#ee3224
Callaghan,4,107,4,#ee3224
Callaghan,4,108,4,#ee3224
Callaghan,4,109,4,#ee3224
Callaghan,4,110,4,#ee3224
Callaghan,4,111,4,#ee3224
Callaghan,4,112,4,#ee3224
Callaghan,4,113,4,#ee3224
Callaghan,4,114,4,#ee3224
Callaghan,4,115,4,#ee3224
Callaghan,4,116,4,#ee3224
Callaghan,4,117,4,#ee3224
Callaghan,4,118,4,#ee3224
Callaghan,4,119,4,#ee3224
Callaghan,4,120,4,#ee3224
Callaghan,4,121,4,#ee3224
Callaghan,4,122,4,#ee3224
Callaghan,4,123,4,#ee3224
Callaghan,4,124,4,#ee3224
Callaghan,4,125,4,#ee3224
Callaghan,4,126,4,#ee3224
Callaghan,4,127,4,#ee3224
Callaghan,4,128,4,#ee3224
Callaghan,4,129,4,#ee3224
Callaghan,4,130,4,#ee3224
Callaghan,4,131,4,#ee3224
Callaghan,4,132,4,#ee3224
Callaghan,4,133,4,#ee3224
Callaghan,4,134,4,#ee3224
Callaghan,4,135,4,#ee3224
Callaghan,4,136,4,#ee3224
Callaghan,4,137,4,#ee3224
Callaghan,4,138,4,#ee3224
Callaghan,4,139,4,#ee3224
Callaghan,4,140,4,#ee3224
Brown,0,1,0,#ee3224
Brown,0,2,0,#ee3224
Brown,0,3,0,#ee3224
Brown,1,4,0,#ee3224
Brown,2,5,1,#ee3224
Brown,2,6,2,#ee3224
Brown,3,7,2,#ee3224
Brown,3,8,3,#ee3224
Brown,3,9,3,#ee3224
Brown,3,10,3,#ee3224
Brown,3,11,3,#ee3224
Brown,3,12,3,#ee3224
Brown,3,13,3,#ee3224
Brown,3,14,3,#ee3224
Brown,5,15,3,#ee3224
Brown,5,16,5,#ee3224
Brown,5,17,5,#ee3224
Brown,5,18,5,#ee3224
Brown,5,19,5,#ee3224
Brown,5,20,5,#ee3224
Brown,5,21,5,#ee3224
Brown,5,22,5,#ee3224
Brown,5,23,5,#ee3224
Brown,9,24,5,#ee3224
Brown,12,25,9,#ee3224
Brown,12,26,12,#ee3224
Brown,12,27,12,#ee3224
Brown,13,28,12,#ee3224
Brown,13,29,13,#ee3224
Brown,13,30,13,#ee3224
Brown,13,31,13,#ee3224
Brown,13,32,13,#ee3224
Brown,13,33,13,#ee3224
Brown,13,34,13,#ee3224
Brown,13,35,13,#ee3224
Brown,13,36,13,#ee3224
Brown,13,37,13,#ee3224
Brown,13,38,13,#ee3224
Brown,13,39,13,#ee3224
Brown,13,40,13,#ee3224
Brown,13,41,13,#ee3224
Brown,13,42,13,#ee3224
Brown,13,43,13,#ee3224
Brown,13,44,13,#ee3224
Brown,13,45,13,#ee3224
Brown,13,46,13,#ee3224
Brown,13,47,13,#ee3224
Brown,13,48,13,#ee3224
Brown,13,49,13,#ee3224
Brown,13,50,13,#ee3224
Brown,13,51,13,#ee3224
Brown,13,52,13,#ee3224
Brown,13,53,13,#ee3224
Brown,13,54,13,#ee3224
Brown,13,55,13,#ee3224
Brown,13,56,13,#ee3224
Brown,13,57,13,#ee3224
Brown,13,58,13,#ee3224
Brown,13,59,13,#ee3224
Brown,13,60,13,#ee3224
Brown,13,61,13,#ee3224
Brown,13,62,13,#ee3224
Brown,13,63,13,#ee3224
Brown,13,64,13,#ee3224
Brown,13,65,13,#ee3224
Brown,13,66,13,#ee3224
Brown,13,67,13,#ee3224
Brown,13,68,13,#ee3224
Brown,13,69,13,#ee3224
Brown,13,70,13,#ee3224
Brown,13,71,13,#ee3224
Brown,13,72,13,#ee3224
Brown,13,73,13,#ee3224
Brown,13,74,13,#ee3224
Brown,13,75,13,#ee3224
Brown,13,76,13,#ee3224
Brown,13,77,13,#ee3224
Brown,13,78,13,#ee3224
Brown,13,79,13,#ee3224
Brown,13,80,13,#ee3224
Brown,13,81,13,#ee3224
Brown,13,82,13,#ee3224
Brown,13,83,13,#ee3224
Brown,13,84,13,#ee3224
Brown,13,85,13,#ee3224
Brown,13,86,13,#ee3224
Brown,13,87,13,#ee3224
Brown,13,88,13,#ee3224
Brown,13,89,13,#ee3224
Brown,13,90,13,#ee3224
Brown,13,91,13,#ee3224
Brown,13,92,13,#ee3224
Brown,13,93,13,#ee3224
Brown,13,94,13,#ee3224
Brown,13,95,13,#ee3224
Brown,13,96,13,#ee3224
Brown,13,97,13,#ee3224
Brown,13,98,13,#ee3224
Brown,13,99,13,#ee3224
Brown,13,100,13,#ee3224
Brown,13,101,13,#ee3224
Brown,13,102,13,#ee3224
Brown,13,103,13,#ee3224
Brown,13,104,13,#ee3224
Brown,13,105,13,#ee3224
Brown,13,106,13,#ee3224
Brown,13,107,13,#ee3224
Brown,13,108,13,#ee3224
Brown,13,109,13,#ee3224
Brown,13,110,13,#ee3224
Brown,13,111,13,#ee3224
Brown,13,112,13,#ee3224
Brown,13,113,13,#ee3224
Brown,13,114,13,#ee3224
Brown,13,115,13,#ee3224
Brown,13,116,13,#ee3224
Brown,13,117,13,#ee3224
Brown,13,118,13,#ee3224
Brown,13,119,13,#ee3224
Brown,13,120,13,#ee3224
Brown,13,121,13,#ee3224
Brown,13,122,13,#ee3224
Brown,13,123,13,#ee3224
Brown,13,124,13,#ee3224
Brown,13,125,13,#ee3224
Brown,13,126,13,#ee3224
Brown,13,127,13,#ee3224
Brown,13,128,13,#ee3224
Brown,13,129,13,#ee3224
Brown,13,130,13,#ee3224
Brown,13,131,13,#ee3224
Brown,13,132,13,#ee3224
Brown,13,133,13,#ee3224
Brown,13,134,13,#ee3224
Brown,13,135,13,#ee3224
Brown,13,136,13,#ee3224
Brown,13,137,13,#ee3224
Brown,13,138,13,#ee3224
Brown,13,139,13,#ee3224
Brown,13,140,13,#ee3224
Blair,1,1,0,#ee3224
Blair,1,2,1,#ee3224
Blair,1,3,1,#ee3224
Blair,1,4,1,#ee3224
Blair,1,5,1,#ee3224
Blair,1,6,1,#ee3224
Blair,1,7,1,#ee3224
Blair,2,8,1,#ee3224
Blair,2,9,2,#ee3224
Blair,2,10,2,#ee3224
Blair,2,11,2,#ee3224
Blair,2,12,2,#ee3224
Blair,2,13,2,#ee3224
Blair,2,14,2,#ee3224
Blair,2,15,2,#ee3224
Blair,2,16,2,#ee3224
Blair,2,17,2,#ee3224
Blair,3,18,2,#ee3224
Blair,3,19,3,#ee3224
Blair,5,20,3,#ee3224
Blair,5,21,5,#ee3224
Blair,5,22,5,#ee3224
Blair,5,23,5,#ee3224
Blair,6,24,5,#ee3224
Blair,7,25,6,#ee3224
Blair,7,26,7,#ee3224
Blair,8,27,7,#ee3224
Blair,8,28,8,#ee3224
Blair,8,29,8,#ee3224
Blair,8,30,8,#ee3224
Blair,8,31,8,#ee3224
Blair,10,32,8,#ee3224
Blair,11,33,10,#ee3224
Blair,11,34,11,#ee3224
Blair,11,35,11,#ee3224
Blair,11,36,11,#ee3224
Blair,11,37,11,#ee3224
Blair,11,38,11,#ee3224
Blair,11,39,11,#ee3224
Blair,11,40,11,#ee3224
Blair,11,41,11,#ee3224
Blair,11,42,11,#ee3224
Blair,11,43,11,#ee3224
Blair,11,44,11,#ee3224
Blair,12,45,11,#ee3224
Blair,12,46,12,#ee3224
Blair,12,47,12,#ee3224
Blair,12,48,12,#ee3224
Blair,12,49,12,#ee3224
Blair,12,50,12,#ee3224
Blair,12,51,12,#ee3224
Blair,12,52,12,#ee3224
Blair,12,53,12,#ee3224
Blair,12,54,12,#ee3224
Blair,13,55,12,#ee3224
Blair,13,56,13,#ee3224
Blair,13,57,13,#ee3224
Blair,13,58,13,#ee3224
Blair,13,59,13,#ee3224
Blair,13,60,13,#ee3224
Blair,14,61,13,#ee3224
Blair,14,62,14,#ee3224
Blair,14,63,14,#ee3224
Blair,14,64,14,#ee3224
Blair,14,65,14,#ee3224
Blair,15,66,14,#ee3224
Blair,15,67,15,#ee3224
Blair,15,68,15,#ee3224
Blair,15,69,15,#ee3224
Blair,15,70,15,#ee3224
Blair,18,71,15,#ee3224
Blair,18,72,18,#ee3224
Blair,19,73,18,#ee3224
Blair,19,74,19,#ee3224
Blair,20,75,19,#ee3224
Blair,20,76,20,#ee3224
Blair,20,77,20,#ee3224
Blair,20,78,20,#ee3224
Blair,20,79,20,#ee3224
Blair,20,80,20,#ee3224
Blair,20,81,20,#ee3224
Blair,20,82,20,#ee3224
Blair,21,83,20,#ee3224
Blair,21,84,21,#ee3224
Blair,21,85,21,#ee3224
Blair,21,86,21,#ee3224
Blair,21,87,21,#ee3224
Blair,21,88,21,#ee3224
Blair,22,89,21,#ee3224
Blair,22,90,22,#ee3224
Blair,23,91,22,#ee3224
Blair,23,92,23,#ee3224
Blair,23,93,23,#ee3224
Blair,23,94,23,#ee3224
Blair,23,95,23,#ee3224
Blair,23,96,23,#ee3224
Blair,23,97,23,#ee3224
Blair,23,98,23,#ee3224
Blair,23,99,23,#ee3224
Blair,23,100,23,#ee3224
Blair,23,101,23,#ee3224
Blair,23,102,23,#ee3224
Blair,24,103,23,#ee3224
Blair,24,104,24,#ee3224
Blair,24,105,24,#ee3224
Blair,24,106,24,#ee3224
Blair,25,107,24,#ee3224
Blair,25,108,25,#ee3224
Blair,25,109,25,#ee3224
Blair,25,110,25,#ee3224
Blair,25,111,25,#ee3224
Blair,25,112,25,#ee3224
Blair,26,113,25,#ee3224
Blair,26,114,26,#ee3224
Blair,27,115,26,#ee3224
Blair,27,116,27,#ee3224
Blair,28,117,27,#ee3224
Blair,28,118,28,#ee3224
Blair,29,119,28,#ee3224
Blair,29,120,29,#ee3224
Blair,29,121,29,#ee3224
Blair,29,122,29,#ee3224
Blair,29,123,29,#ee3224
Blair,29,124,29,#ee3224
Blair,29,125,29,#ee3224
Blair,29,126,29,#ee3224
Blair,29,127,29,#ee3224
Blair,29,128,29,#ee3224
Blair,29,129,29,#ee3224
Blair,29,130,29,#ee3224
Blair,29,131,29,#ee3224
Blair,29,132,29,#ee3224
Blair,29,133,29,#ee3224
Blair,29,134,29,#ee3224
Blair,29,135,29,#ee3224
Blair,29,136,29,#ee3224
Blair,29,137,29,#ee3224
Blair,29,138,29,#ee3224
Blair,29,139,29,#ee3224
Blair,29,140,29,#ee3224
Balfour,0,1,0,#00539f
Balfour,0,2,0,#00539f
Balfour,0,3,0,#00539f
Balfour,0,4,0,#00539f
Balfour,0,5,0,#00539f
Balfour,0,6,0,#00539f
Balfour,0,7,0,#00539f
Balfour,0,8,0,#00539f
Balfour,0,9,0,#00539f
Balfour,0,10,0,#00539f
Balfour,0,11,0,#00539f
Balfour,0,12,0,#00539f
Balfour,0,13,0,#00539f
Balfour,1,14,0,#00539f
Balfour,6,15,1,#00539f
Balfour,6,16,6,#00539f
Balfour,6,17,6,#00539f
Balfour,6,18,6,#00539f
Balfour,6,19,6,#00539f
Balfour,6,20,6,#00539f
Balfour,6,21,6,#00539f
Balfour,6,22,6,#00539f
Balfour,6,23,6,#00539f
Balfour,6,24,6,#00539f
Balfour,6,25,6,#00539f
Balfour,6,26,6,#00539f
Balfour,6,27,6,#00539f
Balfour,6,28,6,#00539f
Balfour,6,29,6,#00539f
Balfour,6,30,6,#00539f
Balfour,6,31,6,#00539f
Balfour,7,32,6,#00539f
Balfour,7,33,7,#00539f
Balfour,7,34,7,#00539f
Balfour,7,35,7,#00539f
Balfour,7,36,7,#00539f
Balfour,7,37,7,#00539f
Balfour,7,38,7,#00539f
Balfour,7,39,7,#00539f
Balfour,7,40,7,#00539f
Balfour,7,41,7,#00539f
Balfour,7,42,7,#00539f
Balfour,7,43,7,#00539f
Balfour,7,44,7,#00539f
Balfour,7,45,7,#00539f
Balfour,7,46,7,#00539f
Balfour,7,47,7,#00539f
Balfour,7,48,7,#00539f
Balfour,7,49,7,#00539f
Balfour,7,50,7,#00539f
Balfour,7,51,7,#00539f
Balfour,7,52,7,#00539f
Balfour,7,53,7,#00539f
Balfour,7,54,7,#00539f
Balfour,7,55,7,#00539f
Balfour,7,56,7,#00539f
Balfour,7,57,7,#00539f
Balfour,7,58,7,#00539f
Balfour,7,59,7,#00539f
Balfour,7,60,7,#00539f
Balfour,7,61,7,#00539f
Balfour,7,62,7,#00539f
Balfour,7,63,7,#00539f
Balfour,7,64,7,#00539f
Balfour,7,65,7,#00539f
Balfour,7,66,7,#00539f
Balfour,7,67,7,#00539f
Balfour,7,68,7,#00539f
Balfour,7,69,7,#00539f
Balfour,7,70,7,#00539f
Balfour,7,71,7,#00539f
Balfour,7,72,7,#00539f
Balfour,7,73,7,#00539f
Balfour,7,74,7,#00539f
Balfour,7,75,7,#00539f
Balfour,7,76,7,#00539f
Balfour,7,77,7,#00539f
Balfour,7,78,7,#00539f
Balfour,7,79,7,#00539f
Balfour,7,80,7,#00539f
Balfour,7,81,7,#00539f
Balfour,7,82,7,#00539f
Balfour,7,83,7,#00539f
Balfour,7,84,7,#00539f
Balfour,7,85,7,#00539f
Balfour,7,86,7,#00539f
Balfour,7,87,7,#00539f
Balfour,7,88,7,#00539f
Balfour,7,89,7,#00539f
Balfour,7,90,7,#00539f
Balfour,7,91,7,#00539f
Balfour,7,92,7,#00539f
Balfour,7,93,7,#00539f
Balfour,7,94,7,#00539f
Balfour,7,95,7,#00539f
Balfour,7,96,7,#00539f
Balfour,7,97,7,#00539f
Balfour,7,98,7,#00539f
Balfour,7,99,7,#00539f
Balfour,7,100,7,#00539f
Balfour,7,101,7,#00539f
Balfour,7,102,7,#00539f
Balfour,7,103,7,#00539f
Balfour,7,104,7,#00539f
Balfour,7,105,7,#00539f
Balfour,7,106,7,#00539f
Balfour,7,107,7,#00539f
Balfour,7,108,7,#00539f
Balfour,7,109,7,#00539f
Balfour,7,110,7,#00539f
Balfour,7,111,7,#00539f
Balfour,7,112,7,#00539f
Balfour,7,113,7,#00539f
Balfour,7,114,7,#00539f
Balfour,7,115,7,#00539f
Balfour,7,116,7,#00539f
Balfour,7,117,7,#00539f
Balfour,7,118,7,#00539f
Balfour,7,119,7,#00539f
Balfour,7,120,7,#00539f
Balfour,7,121,7,#00539f
Balfour,7,122,7,#00539f
Balfour,7,123,7,#00539f
Balfour,7,124,7,#00539f
Balfour,7,125,7,#00539f
Balfour,7,126,7,#00539f
Balfour,7,127,7,#00539f
Balfour,7,128,7,#00539f
Balfour,7,129,7,#00539f
Balfour,7,130,7,#00539f
Balfour,7,131,7,#00539f
Balfour,7,132,7,#00539f
Balfour,7,133,7,#00539f
Balfour,7,134,7,#00539f
Balfour,7,135,7,#00539f
Balfour,7,136,7,#00539f
Balfour,7,137,7,#00539f
Balfour,7,138,7,#00539f
Balfour,7,139,7,#00539f
Balfour,7,140,7,#00539f
Baldwin,0,1,0,#00539f
Baldwin,0,2,0,#00539f
Baldwin,0,3,0,#00539f
Baldwin,0,4,0,#00539f
Baldwin,0,5,0,#00539f
Baldwin,1,6,0,#00539f
Baldwin,1,7,1,#00539f
Baldwin,1,8,1,#00539f
Baldwin,1,9,1,#00539f
Baldwin,1,10,1,#00539f
Baldwin,1,11,1,#00539f
Baldwin,1,12,1,#00539f
Baldwin,1,13,1,#00539f
Baldwin,1,14,1,#00539f
Baldwin,1,15,1,#00539f
Baldwin,1,16,1,#00539f
Baldwin,1,17,1,#00539f
Baldwin,1,18,1,#00539f
Baldwin,1,19,1,#00539f
Baldwin,1,20,1,#00539f
Baldwin,1,21,1,#00539f
Baldwin,1,22,1,#00539f
Baldwin,1,23,1,#00539f
Baldwin,1,24,1,#00539f
Baldwin,1,25,1,#00539f
Baldwin,1,26,1,#00539f
Baldwin,1,27,1,#00539f
Baldwin,1,28,1,#00539f
Baldwin,1,29,1,#00539f
Baldwin,1,30,1,#00539f
Baldwin,1,31,1,#00539f
Baldwin,1,32,1,#00539f
Baldwin,1,33,1,#00539f
Baldwin,1,34,1,#00539f
Baldwin,1,35,1,#00539f
Baldwin,1,36,1,#00539f
Baldwin,1,37,1,#00539f
Baldwin,1,38,1,#00539f
Baldwin,1,39,1,#00539f
Baldwin,1,40,1,#00539f
Baldwin,1,41,1,#00539f
Baldwin,2,42,1,#00539f
Baldwin,2,43,2,#00539f
Baldwin,2,44,2,#00539f
Baldwin,2,45,2,#00539f
Baldwin,2,46,2,#00539f
Baldwin,2,47,2,#00539f
Baldwin,2,48,2,#00539f
Baldwin,2,49,2,#00539f
Baldwin,2,50,2,#00539f
Baldwin,2,51,2,#00539f
Baldwin,2,52,2,#00539f
Baldwin,2,53,2,#00539f
Baldwin,2,54,2,#00539f
Baldwin,2,55,2,#00539f
Baldwin,2,56,2,#00539f
Baldwin,2,57,2,#00539f
Baldwin,2,58,2,#00539f
Baldwin,2,59,2,#00539f
Baldwin,2,60,2,#00539f
Baldwin,2,61,2,#00539f
Baldwin,3,62,2,#00539f
Baldwin,3,63,3,#00539f
Baldwin,3,64,3,#00539f
Baldwin,3,65,3,#00539f
Baldwin,3,66,3,#00539f
Baldwin,4,67,3,#00539f
Baldwin,4,68,4,#00539f
Baldwin,4,69,4,#00539f
Baldwin,4,70,4,#00539f
Baldwin,4,71,4,#00539f
Baldwin,4,72,4,#00539f
Baldwin,4,73,4,#00539f
Baldwin,4,74,4,#00539f
Baldwin,4,75,4,#00539f
Baldwin,4,76,4,#00539f
Baldwin,4,77,4,#00539f
Baldwin,4,78,4,#00539f
Baldwin,4,79,4,#00539f
Baldwin,4,80,4,#00539f
Baldwin,4,81,4,#00539f
Baldwin,4,82,4,#00539f
Baldwin,4,83,4,#00539f
Baldwin,4,84,4,#00539f
Baldwin,4,85,4,#00539f
Baldwin,4,86,4,#00539f
Baldwin,4,87,4,#00539f
Baldwin,4,88,4,#00539f
Baldwin,4,89,4,#00539f
Baldwin,4,90,4,#00539f
Baldwin,4,91,4,#00539f
Baldwin,4,92,4,#00539f
Baldwin,4,93,4,#00539f
Baldwin,4,94,4,#00539f
Baldwin,4,95,4,#00539f
Baldwin,4,96,4,#00539f
Baldwin,4,97,4,#00539f
Baldwin,4,98,4,#00539f
Baldwin,4,99,4,#00539f
Baldwin,4,100,4,#00539f
Baldwin,4,101,4,#00539f
Baldwin,4,102,4,#00539f
Baldwin,4,103,4,#00539f
Baldwin,4,104,4,#00539f
Baldwin,4,105,4,#00539f
Baldwin,4,106,4,#00539f
Baldwin,4,107,4,#00539f
Baldwin,4,108,4,#00539f
Baldwin,4,109,4,#00539f
Baldwin,4,110,4,#00539f
Baldwin,4,111,4,#00539f
Baldwin,4,112,4,#00539f
Baldwin,4,113,4,#00539f
Baldwin,4,114,4,#00539f
Baldwin,4,115,4,#00539f
Baldwin,4,116,4,#00539f
Baldwin,4,117,4,#00539f
Baldwin,4,118,4,#00539f
Baldwin,4,119,4,#00539f
Baldwin,4,120,4,#00539f
Baldwin,4,121,4,#00539f
Baldwin,4,122,4,#00539f
Baldwin,4,123,4,#00539f
Baldwin,4,124,4,#00539f
Baldwin,4,125,4,#00539f
Baldwin,4,126,4,#00539f
Baldwin,4,127,4,#00539f
Baldwin,4,128,4,#00539f
Baldwin,4,129,4,#00539f
Baldwin,4,130,4,#00539f
Baldwin,4,131,4,#00539f
Baldwin,4,132,4,#00539f
Baldwin,4,133,4,#00539f
Baldwin,4,134,4,#00539f
Baldwin,4,135,4,#00539f
Baldwin,4,136,4,#00539f
Baldwin,4,137,4,#00539f
Baldwin,4,138,4,#00539f
Baldwin,4,139,4,#00539f
Baldwin,4,140,4,#00539f
Attlee,0,1,0,#ee3224
Attlee,0,2,0,#ee3224
Attlee,0,3,0,#ee3224
Attlee,0,4,0,#ee3224
Attlee,0,5,0,#ee3224
Attlee,0,6,0,#ee3224
Attlee,0,7,0,#ee3224
Attlee,0,8,0,#ee3224
Attlee,0,9,0,#ee3224
Attlee,0,10,0,#ee3224
Attlee,1,11,0,#ee3224
Attlee,1,12,1,#ee3224
Attlee,1,13,1,#ee3224
Attlee,1,14,1,#ee3224
Attlee,1,15,1,#ee3224
Attlee,1,16,1,#ee3224
Attlee,1,17,1,#ee3224
Attlee,1,18,1,#ee3224
Attlee,1,19,1,#ee3224
Attlee,1,20,1,#ee3224
Attlee,1,21,1,#ee3224
Attlee,1,22,1,#ee3224
Attlee,1,23,1,#ee3224
Attlee,1,24,1,#ee3224
Attlee,1,25,1,#ee3224
Attlee,1,26,1,#ee3224
Attlee,1,27,1,#ee3224
Attlee,2,28,1,#ee3224
Attlee,2,29,2,#ee3224
Attlee,2,30,2,#ee3224
Attlee,2,31,2,#ee3224
Attlee,2,32,2,#ee3224
Attlee,2,33,2,#ee3224
Attlee,2,34,2,#ee3224
Attlee,2,35,2,#ee3224
Attlee,2,36,2,#ee3224
Attlee,2,37,2,#ee3224
Attlee,2,38,2,#ee3224
Attlee,2,39,2,#ee3224
Attlee,2,40,2,#ee3224
Attlee,3,41,2,#ee3224
Attlee,3,42,3,#ee3224
Attlee,3,43,3,#ee3224
Attlee,3,44,3,#ee3224
Attlee,3,45,3,#ee3224
Attlee,3,46,3,#ee3224
Attlee,3,47,3,#ee3224
Attlee,3,48,3,#ee3224
Attlee,3,49,3,#ee3224
Attlee,3,50,3,#ee3224
Attlee,3,51,3,#ee3224
Attlee,3,52,3,#ee3224
Attlee,3,53,3,#ee3224
Attlee,3,54,3,#ee3224
Attlee,3,55,3,#ee3224
Attlee,3,56,3,#ee3224
Attlee,4,57,3,#ee3224
Attlee,4,58,4,#ee3224
Attlee,4,59,4,#ee3224
Attlee,4,60,4,#ee3224
Attlee,4,61,4,#ee3224
Attlee,4,62,4,#ee3224
Attlee,4,63,4,#ee3224
Attlee,4,64,4,#ee3224
Attlee,4,65,4,#ee3224
Attlee,4,66,4,#ee3224
Attlee,4,67,4,#ee3224
Attlee,4,68,4,#ee3224
Attlee,7,69,4,#ee3224
Attlee,7,70,7,#ee3224
Attlee,7,71,7,#ee3224
Attlee,7,72,7,#ee3224
Attlee,7,73,7,#ee3224
Attlee,7,74,7,#ee3224
Attlee,7,75,7,#ee3224
Attlee,7,76,7,#ee3224
Attlee,7,77,7,#ee3224
Attlee,7,78,7,#ee3224
Attlee,7,79,7,#ee3224
Attlee,7,80,7,#ee3224
Attlee,7,81,7,#ee3224
Attlee,7,82,7,#ee3224
Attlee,7,83,7,#ee3224
Attlee,7,84,7,#ee3224
Attlee,7,85,7,#ee3224
Attlee,7,86,7,#ee3224
Attlee,7,87,7,#ee3224
Attlee,7,88,7,#ee3224
Attlee,7,89,7,#ee3224
Attlee,7,90,7,#ee3224
Attlee,7,91,7,#ee3224
Attlee,7,92,7,#ee3224
Attlee,7,93,7,#ee3224
Attlee,7,94,7,#ee3224
Attlee,7,95,7,#ee3224
Attlee,7,96,7,#ee3224
Attlee,7,97,7,#ee3224
Attlee,7,98,7,#ee3224
Attlee,7,99,7,#ee3224
Attlee,7,100,7,#ee3224
Attlee,7,101,7,#ee3224
Attlee,7,102,7,#ee3224
Attlee,7,103,7,#ee3224
Attlee,7,104,7,#ee3224
Attlee,7,105,7,#ee3224
Attlee,7,106,7,#ee3224
Attlee,7,107,7,#ee3224
Attlee,7,108,7,#ee3224
Attlee,7,109,7,#ee3224
Attlee,7,110,7,#ee3224
Attlee,7,111,7,#ee3224
Attlee,7,112,7,#ee3224
Attlee,7,113,7,#ee3224
Attlee,7,114,7,#ee3224
Attlee,7,115,7,#ee3224
Attlee,7,116,7,#ee3224
Attlee,7,117,7,#ee3224
Attlee,7,118,7,#ee3224
Attlee,7,119,7,#ee3224
Attlee,7,120,7,#ee3224
Attlee,7,121,7,#ee3224
Attlee,7,122,7,#ee3224
Attlee,7,123,7,#ee3224
Attlee,7,124,7,#ee3224
Attlee,7,125,7,#ee3224
Attlee,7,126,7,#ee3224
Attlee,7,127,7,#ee3224
Attlee,7,128,7,#ee3224
Attlee,7,129,7,#ee3224
Attlee,7,130,7,#ee3224
Attlee,7,131,7,#ee3224
Attlee,7,132,7,#ee3224
Attlee,7,133,7,#ee3224
Attlee,7,134,7,#ee3224
Attlee,7,135,7,#ee3224
Attlee,7,136,7,#ee3224
Attlee,7,137,7,#ee3224
Attlee,7,138,7,#ee3224
Attlee,7,139,7,#ee3224
Attlee,7,140,7,#ee3224
Asquith,0,1,0,#ffb703
Asquith,0,2,0,#ffb703
Asquith,0,3,0,#ffb703
Asquith,0,4,0,#ffb703
Asquith,0,5,0,#ffb703
Asquith,0,6,0,#ffb703
Asquith,0,7,0,#ffb703
Asquith,0,8,0,#ffb703
Asquith,0,9,0,#ffb703
Asquith,0,10,0,#ffb703
Asquith,0,11,0,#ffb703
Asquith,0,12,0,#ffb703
Asquith,0,13,0,#ffb703
Asquith,0,14,0,#ffb703
Asquith,0,15,0,#ffb703
Asquith,0,16,0,#ffb703
Asquith,0,17,0,#ffb703
Asquith,0,18,0,#ffb703
Asquith,0,19,0,#ffb703
Asquith,0,20,0,#ffb703
Asquith,0,21,0,#ffb703
Asquith,0,22,0,#ffb703
Asquith,0,23,0,#ffb703
Asquith,0,24,0,#ffb703
Asquith,0,25,0,#ffb703
Asquith,0,26,0,#ffb703
Asquith,0,27,0,#ffb703
Asquith,0,28,0,#ffb703
Asquith,0,29,0,#ffb703
Asquith,0,30,0,#ffb703
Asquith,0,31,0,#ffb703
Asquith,0,32,0,#ffb703
Asquith,0,33,0,#ffb703
Asquith,0,34,0,#ffb703
Asquith,0,35,0,#ffb703
Asquith,0,36,0,#ffb703
Asquith,0,37,0,#ffb703
Asquith,0,38,0,#ffb703
Asquith,0,39,0,#ffb703
Asquith,0,40,0,#ffb703
Asquith,0,41,0,#ffb703
Asquith,0,42,0,#ffb703
Asquith,0,43,0,#ffb703
Asquith,0,44,0,#ffb703
Asquith,0,45,0,#ffb703
Asquith,0,46,0,#ffb703
Asquith,0,47,0,#ffb703
Asquith,0,48,0,#ffb703
Asquith,0,49,0,#ffb703
Asquith,0,50,0,#ffb703
Asquith,0,51,0,#ffb703
Asquith,0,52,0,#ffb703
Asquith,0,53,0,#ffb703
Asquith,0,54,0,#ffb703
Asquith,0,55,0,#ffb703
Asquith,0,56,0,#ffb703
Asquith,0,57,0,#ffb703
Asquith,0,58,0,#ffb703
Asquith,0,59,0,#ffb703
Asquith,0,60,0,#ffb703
Asquith,0,61,0,#ffb703
Asquith,0,62,0,#ffb703
Asquith,0,63,0,#ffb703
Asquith,0,64,0,#ffb703
Asquith,0,65,0,#ffb703
Asquith,0,66,0,#ffb703
Asquith,0,67,0,#ffb703
Asquith,0,68,0,#ffb703
Asquith,0,69,0,#ffb703
Asquith,0,70,0,#ffb703
Asquith,0,71,0,#ffb703
Asquith,1,72,0,#ffb703
Asquith,1,73,1,#ffb703
Asquith,1,74,1,#ffb703
Asquith,1,75,1,#ffb703
Asquith,4,76,1,#ffb703
Asquith,4,77,4,#ffb703
Asquith,4,78,4,#ffb703
Asquith,4,79,4,#ffb703
Asquith,4,80,4,#ffb703
Asquith,4,81,4,#ffb703
Asquith,4,82,4,#ffb703
Asquith,4,83,4,#ffb703
Asquith,4,84,4,#ffb703
Asquith,4,85,4,#ffb703
Asquith,4,86,4,#ffb703
Asquith,4,87,4,#ffb703
Asquith,4,88,4,#ffb703
Asquith,4,89,4,#ffb703
Asquith,4,90,4,#ffb703
Asquith,5,91,4,#ffb703
Asquith,5,92,5,#ffb703
Asquith,6,93,5,#ffb703
Asquith,6,94,6,#ffb703
Asquith,6,95,6,#ffb703
Asquith,6,96,6,#ffb703
Asquith,7,97,6,#ffb703
Asquith,7,98,7,#ffb703
Asquith,8,99,7,#ffb703
Asquith,8,100,8,#ffb703
Asquith,8,101,8,#ffb703
Asquith,8,102,8,#ffb703
Asquith,8,103,8,#ffb703
Asquith,8,104,8,#ffb703
Asquith,8,105,8,#ffb703
Asquith,8,106,8,#ffb703
Asquith,8,107,8,#ffb703
Asquith,8,108,8,#ffb703
Asquith,8,109,8,#ffb703
Asquith,8,110,8,#ffb703
Asquith,8,111,8,#ffb703
Asquith,8,112,8,#ffb703
Asquith,8,113,8,#ffb703
Asquith,8,114,8,#ffb703
Asquith,8,115,8,#ffb703
Asquith,8,116,8,#ffb703
Asquith,8,117,8,#ffb703
Asquith,8,118,8,#ffb703
Asquith,8,119,8,#ffb703
Asquith,8,120,8,#ffb703
Asquith,8,121,8,#ffb703
Asquith,8,122,8,#ffb703
Asquith,8,123,8,#ffb703
Asquith,8,124,8,#ffb703
Asquith,8,125,8,#ffb703
Asquith,8,126,8,#ffb703
Asquith,8,127,8,#ffb703
Asquith,8,128,8,#ffb703
Asquith,8,129,8,#ffb703
Asquith,8,130,8,#ffb703
Asquith,8,131,8,#ffb703
Asquith,8,132,8,#ffb703
Asquith,8,133,8,#ffb703
Asquith,8,134,8,#ffb703
Asquith,8,135,8,#ffb703
Asquith,8,136,8,#ffb703
Asquith,8,137,8,#ffb703
Asquith,8,138,8,#ffb703
Asquith,8,139,8,#ffb703
Asquith,8,140,8,#ffb703
