name,value,year,lastvalue
Balfour,0,1,0
Balfour,0,2,0
Balfour,0,3,0
Balfour,0,4,0
Balfour,0,5,0
Balfour,0,6,0
Balfour,0,7,0
Balfour,0,8,0
Balfour,0,9,0
Balfour,0,10,0
Balfour,0,11,0
Balfour,0,12,0
Balfour,0,13,0
Balfour,1,14,0
Balfour,6,15,1
Balfour,6,16,6
Balfour,6,17,6
Balfour,6,18,6
Balfour,6,19,6
Balfour,6,20,6
Balfour,6,21,6
Balfour,6,22,6
Balfour,6,23,6
Balfour,6,24,6
Balfour,6,25,6
Balfour,6,26,6
Balfour,6,27,6
Balfour,6,28,6
Balfour,6,29,6
Balfour,6,30,6
Balfour,6,31,6
Balfour,7,32,6
Balfour,7,33,7
Balfour,7,34,7
Balfour,7,35,7
Balfour,7,36,7
Balfour,7,37,7
Balfour,7,38,7
Balfour,7,39,7
Balfour,7,40,7
Balfour,7,41,7
Balfour,7,42,7
Balfour,7,43,7
Balfour,7,44,7
Balfour,7,45,7
Balfour,7,46,7
Balfour,7,47,7
Balfour,7,48,7
Balfour,7,49,7
Balfour,7,50,7
Balfour,7,51,7
Balfour,7,52,7
Balfour,7,53,7
Balfour,7,54,7
Balfour,7,55,7
Balfour,7,56,7
Balfour,7,57,7
Balfour,7,58,7
Balfour,7,59,7
Balfour,7,60,7
Balfour,7,61,7
Balfour,7,62,7
Balfour,7,63,7
Balfour,7,64,7
Balfour,7,65,7
Balfour,7,66,7
Balfour,7,67,7
Balfour,7,68,7
Balfour,7,69,7
Balfour,7,70,7
Balfour,7,71,7
Balfour,7,72,7
Balfour,7,73,7
Balfour,7,74,7
Balfour,7,75,7
Balfour,7,76,7
Balfour,7,77,7
Balfour,7,78,7
Balfour,7,79,7
Balfour,7,80,7
Balfour,7,81,7
Balfour,7,82,7
Balfour,7,83,7
Balfour,7,84,7
Balfour,7,85,7
Balfour,7,86,7
Balfour,7,87,7
Balfour,7,88,7
Balfour,7,89,7
Balfour,7,90,7
Balfour,7,91,7
Balfour,7,92,7
Balfour,7,93,7
Balfour,7,94,7
Balfour,7,95,7
Balfour,7,96,7
Balfour,7,97,7
Balfour,7,98,7
Balfour,7,99,7
Balfour,7,100,7
Balfour,7,101,7
Balfour,7,102,7
Balfour,7,103,7
Balfour,7,104,7
Balfour,7,105,7
Balfour,7,106,7
Balfour,7,107,7
Balfour,7,108,7
Balfour,7,109,7
Balfour,7,110,7
Balfour,7,111,7
Balfour,7,112,7
Balfour,7,113,7
Balfour,7,114,7
Balfour,7,115,7
Balfour,7,116,7
Balfour,7,117,7
Balfour,7,118,7
Balfour,7,119,7
Balfour,7,120,7
Balfour,7,121,7
Balfour,7,122,7
Balfour,7,123,7
Balfour,7,124,7
Balfour,7,125,7
Balfour,7,126,7
Balfour,7,127,7
Balfour,7,128,7
Balfour,7,129,7
Balfour,7,130,7
Balfour,7,131,7
Balfour,7,132,7
Balfour,7,133,7
Balfour,7,134,7
Balfour,7,135,7
Balfour,7,136,7
Balfour,7,137,7
Balfour,7,138,7
Balfour,7,139,7
Balfour,7,140,7
Asquith,0,1,0
Asquith,0,2,0
Asquith,0,3,0
Asquith,0,4,0
Asquith,0,5,0
Asquith,0,6,0
Asquith,0,7,0
Asquith,0,8,0
Asquith,0,9,0
Asquith,0,10,0
Asquith,0,11,0
Asquith,0,12,0
Asquith,0,13,0
Asquith,0,14,0
Asquith,0,15,0
Asquith,0,16,0
Asquith,0,17,0
Asquith,0,18,0
Asquith,0,19,0
Asquith,0,20,0
Asquith,0,21,0
Asquith,0,22,0
Asquith,0,23,0
Asquith,0,24,0
Asquith,0,25,0
Asquith,0,26,0
Asquith,0,27,0
Asquith,0,28,0
Asquith,0,29,0
Asquith,0,30,0
Asquith,0,31,0
Asquith,0,32,0
Asquith,0,33,0
Asquith,0,34,0
Asquith,0,35,0
Asquith,0,36,0
Asquith,0,37,0
Asquith,0,38,0
Asquith,0,39,0
Asquith,0,40,0
Asquith,0,41,0
Asquith,0,42,0
Asquith,0,43,0
Asquith,0,44,0
Asquith,0,45,0
Asquith,0,46,0
Asquith,0,47,0
Asquith,0,48,0
Asquith,0,49,0
Asquith,0,50,0
Asquith,0,51,0
Asquith,0,52,0
Asquith,0,53,0
Asquith,0,54,0
Asquith,0,55,0
Asquith,0,56,0
Asquith,0,57,0
Asquith,0,58,0
Asquith,0,59,0
Asquith,0,60,0
Asquith,0,61,0
Asquith,0,62,0
Asquith,0,63,0
Asquith,0,64,0
Asquith,0,65,0
Asquith,0,66,0
Asquith,0,67,0
Asquith,0,68,0
Asquith,0,69,0
Asquith,0,70,0
Asquith,0,71,0
Asquith,1,72,0
Asquith,1,73,1
Asquith,1,74,1
Asquith,1,75,1
Asquith,4,76,1
Asquith,4,77,4
Asquith,4,78,4
Asquith,4,79,4
Asquith,4,80,4
Asquith,4,81,4
Asquith,4,82,4
Asquith,4,83,4
Asquith,4,84,4
Asquith,4,85,4
Asquith,4,86,4
Asquith,4,87,4
Asquith,4,88,4
Asquith,4,89,4
Asquith,4,90,4
Asquith,5,91,4
Asquith,5,92,5
Asquith,6,93,5
Asquith,6,94,6
Asquith,6,95,6
Asquith,6,96,6
Asquith,7,97,6
Asquith,7,98,7
Asquith,8,99,7
Asquith,8,100,8
Asquith,8,101,8
Asquith,8,102,8
Asquith,8,103,8
Asquith,8,104,8
Asquith,8,105,8
Asquith,8,106,8
Asquith,8,107,8
Asquith,8,108,8
Asquith,8,109,8
Asquith,8,110,8
Asquith,8,111,8
Asquith,8,112,8
Asquith,8,113,8
Asquith,8,114,8
Asquith,8,115,8
Asquith,8,116,8
Asquith,8,117,8
Asquith,8,118,8
Asquith,8,119,8
Asquith,8,120,8
Asquith,8,121,8
Asquith,8,122,8
Asquith,8,123,8
Asquith,8,124,8
Asquith,8,125,8
Asquith,8,126,8
Asquith,8,127,8
Asquith,8,128,8
Asquith,8,129,8
Asquith,8,130,8
Asquith,8,131,8
Asquith,8,132,8
Asquith,8,133,8
Asquith,8,134,8
Asquith,8,135,8
Asquith,8,136,8
Asquith,8,137,8
Asquith,8,138,8
Asquith,8,139,8
Asquith,8,140,8
Lloyd George,0,1,0
Lloyd George,0,2,0
Lloyd George,0,3,0
Lloyd George,0,4,0
Lloyd George,0,5,0
Lloyd George,0,6,0
Lloyd George,0,7,0
Lloyd George,1,8,0
Lloyd George,2,9,1
Lloyd George,2,10,2
Lloyd George,2,11,2
Lloyd George,3,12,2
Lloyd George,3,13,3
Lloyd George,4,14,3
Lloyd George,4,15,4
Lloyd George,4,16,4
Lloyd George,5,17,4
Lloyd George,5,18,5
Lloyd George,5,19,5
Lloyd George,5,20,5
Lloyd George,5,21,5
Lloyd George,5,22,5
Lloyd George,5,23,5
Lloyd George,6,24,5
Lloyd George,6,25,6
Lloyd George,6,26,6
Lloyd George,6,27,6
Lloyd George,6,28,6
Lloyd George,6,29,6
Lloyd George,6,30,6
Lloyd George,6,31,6
Lloyd George,6,32,6
Lloyd George,6,33,6
Lloyd George,6,34,6
Lloyd George,6,35,6
Lloyd George,7,36,6
Lloyd George,7,37,7
Lloyd George,7,38,7
Lloyd George,7,39,7
Lloyd George,7,40,7
Lloyd George,7,41,7
Lloyd George,7,42,7
Lloyd George,7,43,7
Lloyd George,7,44,7
Lloyd George,7,45,7
Lloyd George,7,46,7
Lloyd George,7,47,7
Lloyd George,7,48,7
Lloyd George,7,49,7
Lloyd George,7,50,7
Lloyd George,7,51,7
Lloyd George,7,52,7
Lloyd George,7,53,7
Lloyd George,7,54,7
Lloyd George,7,55,7
Lloyd George,8,56,7
Lloyd George,8,57,8
Lloyd George,8,58,8
Lloyd George,8,59,8
Lloyd George,8,60,8
Lloyd George,8,61,8
Lloyd George,8,62,8
Lloyd George,8,63,8
Lloyd George,9,64,8
Lloyd George,9,65,9
Lloyd George,9,66,9
Lloyd George,9,67,9
Lloyd George,9,68,9
Lloyd George,9,69,9
Lloyd George,9,70,9
Lloyd George,9,71,9
Lloyd George,9,72,9
Lloyd George,9,73,9
Lloyd George,9,74,9
Lloyd George,9,75,9
Lloyd George,9,76,9
Lloyd George,9,77,9
Lloyd George,9,78,9
Lloyd George,9,79,9
Lloyd George,9,80,9
Lloyd George,9,81,9
Lloyd George,9,82,9
Lloyd George,9,83,9
Lloyd George,9,84,9
Lloyd George,9,85,9
Lloyd George,9,86,9
Lloyd George,9,87,9
Lloyd George,9,88,9
Lloyd George,9,89,9
Lloyd George,9,90,9
Lloyd George,9,91,9
Lloyd George,9,92,9
Lloyd George,9,93,9
Lloyd George,9,94,9
Lloyd George,9,95,9
Lloyd George,9,96,9
Lloyd George,9,97,9
Lloyd George,9,98,9
Lloyd George,9,99,9
Lloyd George,9,100,9
Lloyd George,9,101,9
Lloyd George,9,102,9
Lloyd George,9,103,9
Lloyd George,9,104,9
Lloyd George,9,105,9
Lloyd George,9,106,9
Lloyd George,9,107,9
Lloyd George,9,108,9
Lloyd George,9,109,9
Lloyd George,9,110,9
Lloyd George,9,111,9
Lloyd George,9,112,9
Lloyd George,9,113,9
Lloyd George,9,114,9
Lloyd George,9,115,9
Lloyd George,9,116,9
Lloyd George,9,117,9
Lloyd George,9,118,9
Lloyd George,9,119,9
Lloyd George,9,120,9
Lloyd George,9,121,9
Lloyd George,9,122,9
Lloyd George,9,123,9
Lloyd George,9,124,9
Lloyd George,9,125,9
Lloyd George,9,126,9
Lloyd George,9,127,9
Lloyd George,9,128,9
Lloyd George,9,129,9
Lloyd George,9,130,9
Lloyd George,9,131,9
Lloyd George,9,132,9
Lloyd George,9,133,9
Lloyd George,9,134,9
Lloyd George,9,135,9
Lloyd George,9,136,9
Lloyd George,9,137,9
Lloyd George,9,138,9
Lloyd George,9,139,9
Lloyd George,9,140,9
Baldwin,0,1,0
Baldwin,0,2,0
Baldwin,0,3,0
Baldwin,0,4,0
Baldwin,0,5,0
Baldwin,1,6,0
Baldwin,1,7,1
Baldwin,1,8,1
Baldwin,1,9,1
Baldwin,1,10,1
Baldwin,1,11,1
Baldwin,1,12,1
Baldwin,1,13,1
Baldwin,1,14,1
Baldwin,1,15,1
Baldwin,1,16,1
Baldwin,1,17,1
Baldwin,1,18,1
Baldwin,1,19,1
Baldwin,1,20,1
Baldwin,1,21,1
Baldwin,1,22,1
Baldwin,1,23,1
Baldwin,1,24,1
Baldwin,1,25,1
Baldwin,1,26,1
Baldwin,1,27,1
Baldwin,1,28,1
Baldwin,1,29,1
Baldwin,1,30,1
Baldwin,1,31,1
Baldwin,1,32,1
Baldwin,1,33,1
Baldwin,1,34,1
Baldwin,1,35,1
Baldwin,1,36,1
Baldwin,1,37,1
Baldwin,1,38,1
Baldwin,1,39,1
Baldwin,1,40,1
Baldwin,1,41,1
Baldwin,2,42,1
Baldwin,2,43,2
Baldwin,2,44,2
Baldwin,2,45,2
Baldwin,2,46,2
Baldwin,2,47,2
Baldwin,2,48,2
Baldwin,2,49,2
Baldwin,2,50,2
Baldwin,2,51,2
Baldwin,2,52,2
Baldwin,2,53,2
Baldwin,2,54,2
Baldwin,2,55,2
Baldwin,2,56,2
Baldwin,2,57,2
Baldwin,2,58,2
Baldwin,2,59,2
Baldwin,2,60,2
Baldwin,2,61,2
Baldwin,3,62,2
Baldwin,3,63,3
Baldwin,3,64,3
Baldwin,3,65,3
Baldwin,3,66,3
Baldwin,4,67,3
Baldwin,4,68,4
Baldwin,4,69,4
Baldwin,4,70,4
Baldwin,4,71,4
Baldwin,4,72,4
Baldwin,4,73,4
Baldwin,4,74,4
Baldwin,4,75,4
Baldwin,4,76,4
Baldwin,4,77,4
Baldwin,4,78,4
Baldwin,4,79,4
Baldwin,4,80,4
Baldwin,4,81,4
Baldwin,4,82,4
Baldwin,4,83,4
Baldwin,4,84,4
Baldwin,4,85,4
Baldwin,4,86,4
Baldwin,4,87,4
Baldwin,4,88,4
Baldwin,4,89,4
Baldwin,4,90,4
Baldwin,4,91,4
Baldwin,4,92,4
Baldwin,4,93,4
Baldwin,4,94,4
Baldwin,4,95,4
Baldwin,4,96,4
Baldwin,4,97,4
Baldwin,4,98,4
Baldwin,4,99,4
Baldwin,4,100,4
Baldwin,4,101,4
Baldwin,4,102,4
Baldwin,4,103,4
Baldwin,4,104,4
Baldwin,4,105,4
Baldwin,4,106,4
Baldwin,4,107,4
Baldwin,4,108,4
Baldwin,4,109,4
Baldwin,4,110,4
Baldwin,4,111,4
Baldwin,4,112,4
Baldwin,4,113,4
Baldwin,4,114,4
Baldwin,4,115,4
Baldwin,4,116,4
Baldwin,4,117,4
Baldwin,4,118,4
Baldwin,4,119,4
Baldwin,4,120,4
Baldwin,4,121,4
Baldwin,4,122,4
Baldwin,4,123,4
Baldwin,4,124,4
Baldwin,4,125,4
Baldwin,4,126,4
Baldwin,4,127,4
Baldwin,4,128,4
Baldwin,4,129,4
Baldwin,4,130,4
Baldwin,4,131,4
Baldwin,4,132,4
Baldwin,4,133,4
Baldwin,4,134,4
Baldwin,4,135,4
Baldwin,4,136,4
Baldwin,4,137,4
Baldwin,4,138,4
Baldwin,4,139,4
Baldwin,4,140,4
Macdonald,0,1,0
Macdonald,0,2,0
Macdonald,0,3,0
Macdonald,0,4,0
Macdonald,0,5,0
Macdonald,0,6,0
Macdonald,0,7,0
Macdonald,0,8,0
Macdonald,0,9,0
Macdonald,0,10,0
Macdonald,0,11,0
Macdonald,0,12,0
Macdonald,0,13,0
Macdonald,0,14,0
Macdonald,0,15,0
Macdonald,0,16,0
Macdonald,0,17,0
Macdonald,0,18,0
Macdonald,0,19,0
Macdonald,0,20,0
Macdonald,1,21,0
Macdonald,1,22,1
Macdonald,1,23,1
Macdonald,1,24,1
Macdonald,1,25,1
Macdonald,1,26,1
Macdonald,1,27,1
Macdonald,1,28,1
Macdonald,1,29,1
Macdonald,1,30,1
Macdonald,3,31,1
Macdonald,3,32,3
Macdonald,3,33,3
Macdonald,3,34,3
Macdonald,3,35,3
Macdonald,3,36,3
Macdonald,3,37,3
Macdonald,5,38,3
Macdonald,5,39,5
Macdonald,5,40,5
Macdonald,5,41,5
Macdonald,5,42,5
Macdonald,5,43,5
Macdonald,5,44,5
Macdonald,5,45,5
Macdonald,5,46,5
Macdonald,5,47,5
Macdonald,5,48,5
Macdonald,5,49,5
Macdonald,16,50,5
Macdonald,16,51,16
Macdonald,16,52,16
Macdonald,16,53,16
Macdonald,16,54,16
Macdonald,16,55,16
Macdonald,16,56,16
Macdonald,16,57,16
Macdonald,16,58,16
Macdonald,16,59,16
Macdonald,16,60,16
Macdonald,16,61,16
Macdonald,16,62,16
Macdonald,16,63,16
Macdonald,16,64,16
Macdonald,16,65,16
Macdonald,16,66,16
Macdonald,16,67,16
Macdonald,16,68,16
Macdonald,16,69,16
Macdonald,16,70,16
Macdonald,16,71,16
Macdonald,16,72,16
Macdonald,16,73,16
Macdonald,16,74,16
Macdonald,16,75,16
Macdonald,16,76,16
Macdonald,16,77,16
Macdonald,16,78,16
Macdonald,16,79,16
Macdonald,16,80,16
Macdonald,16,81,16
Macdonald,16,82,16
Macdonald,16,83,16
Macdonald,16,84,16
Macdonald,16,85,16
Macdonald,16,86,16
Macdonald,16,87,16
Macdonald,16,88,16
Macdonald,16,89,16
Macdonald,16,90,16
Macdonald,16,91,16
Macdonald,16,92,16
Macdonald,16,93,16
Macdonald,16,94,16
Macdonald,16,95,16
Macdonald,16,96,16
Macdonald,16,97,16
Macdonald,16,98,16
Macdonald,16,99,16
Macdonald,16,100,16
Macdonald,16,101,16
Macdonald,16,102,16
Macdonald,16,103,16
Macdonald,16,104,16
Macdonald,16,105,16
Macdonald,16,106,16
Macdonald,16,107,16
Macdonald,16,108,16
Macdonald,16,109,16
Macdonald,16,110,16
Macdonald,16,111,16
Macdonald,16,112,16
Macdonald,16,113,16
Macdonald,16,114,16
Macdonald,16,115,16
Macdonald,16,116,16
Macdonald,16,117,16
Macdonald,16,118,16
Macdonald,16,119,16
Macdonald,16,120,16
Macdonald,16,121,16
Macdonald,16,122,16
Macdonald,16,123,16
Macdonald,16,124,16
Macdonald,16,125,16
Macdonald,16,126,16
Macdonald,16,127,16
Macdonald,16,128,16
Macdonald,16,129,16
Macdonald,16,130,16
Macdonald,16,131,16
Macdonald,16,132,16
Macdonald,16,133,16
Macdonald,16,134,16
Macdonald,16,135,16
Macdonald,16,136,16
Macdonald,16,137,16
Macdonald,16,138,16
Macdonald,16,139,16
Macdonald,16,140,16
Chamberlain,0,1,0
Chamberlain,0,2,0
Chamberlain,0,3,0
Chamberlain,0,4,0
Chamberlain,0,5,0
Chamberlain,0,6,0
Chamberlain,0,7,0
Chamberlain,0,8,0
Chamberlain,2,9,0
Chamberlain,2,10,2
Chamberlain,2,11,2
Chamberlain,4,12,2
Chamberlain,4,13,4
Chamberlain,4,14,4
Chamberlain,4,15,4
Chamberlain,4,16,4
Chamberlain,5,17,4
Chamberlain,5,18,5
Chamberlain,5,19,5
Chamberlain,5,20,5
Chamberlain,5,21,5
Chamberlain,5,22,5
Chamberlain,5,23,5
Chamberlain,5,24,5
Chamberlain,5,25,5
Chamberlain,5,26,5
Chamberlain,5,27,5
Chamberlain,5,28,5
Chamberlain,5,29,5
Chamberlain,5,30,5
Chamberlain,5,31,5
Chamberlain,5,32,5
Chamberlain,5,33,5
Chamberlain,5,34,5
Chamberlain,5,35,5
Chamberlain,5,36,5
Chamberlain,5,37,5
Chamberlain,5,38,5
Chamberlain,5,39,5
Chamberlain,5,40,5
Chamberlain,5,41,5
Chamberlain,5,42,5
Chamberlain,5,43,5
Chamberlain,5,44,5
Chamberlain,5,45,5
Chamberlain,5,46,5
Chamberlain,5,47,5
Chamberlain,5,48,5
Chamberlain,5,49,5
Chamberlain,5,50,5
Chamberlain,5,51,5
Chamberlain,5,52,5
Chamberlain,5,53,5
Chamberlain,5,54,5
Chamberlain,5,55,5
Chamberlain,5,56,5
Chamberlain,5,57,5
Chamberlain,5,58,5
Chamberlain,5,59,5
Chamberlain,5,60,5
Chamberlain,5,61,5
Chamberlain,5,62,5
Chamberlain,5,63,5
Chamberlain,5,64,5
Chamberlain,5,65,5
Chamberlain,5,66,5
Chamberlain,5,67,5
Chamberlain,5,68,5
Chamberlain,5,69,5
Chamberlain,5,70,5
Chamberlain,5,71,5
Chamberlain,5,72,5
Chamberlain,5,73,5
Chamberlain,5,74,5
Chamberlain,5,75,5
Chamberlain,5,76,5
Chamberlain,5,77,5
Chamberlain,5,78,5
Chamberlain,5,79,5
Chamberlain,5,80,5
Chamberlain,5,81,5
Chamberlain,5,82,5
Chamberlain,5,83,5
Chamberlain,5,84,5
Chamberlain,5,85,5
Chamberlain,5,86,5
Chamberlain,5,87,5
Chamberlain,5,88,5
Chamberlain,5,89,5
Chamberlain,5,90,5
Chamberlain,5,91,5
Chamberlain,5,92,5
Chamberlain,5,93,5
Chamberlain,5,94,5
Chamberlain,5,95,5
Chamberlain,5,96,5
Chamberlain,5,97,5
Chamberlain,5,98,5
Chamberlain,5,99,5
Chamberlain,5,100,5
Chamberlain,5,101,5
Chamberlain,5,102,5
Chamberlain,5,103,5
Chamberlain,5,104,5
Chamberlain,5,105,5
Chamberlain,5,106,5
Chamberlain,5,107,5
Chamberlain,5,108,5
Chamberlain,5,109,5
Chamberlain,5,110,5
Chamberlain,5,111,5
Chamberlain,5,112,5
Chamberlain,5,113,5
Chamberlain,5,114,5
Chamberlain,5,115,5
Chamberlain,5,116,5
Chamberlain,5,117,5
Chamberlain,5,118,5
Chamberlain,5,119,5
Chamberlain,5,120,5
Chamberlain,5,121,5
Chamberlain,5,122,5
Chamberlain,5,123,5
Chamberlain,5,124,5
Chamberlain,5,125,5
Chamberlain,5,126,5
Chamberlain,5,127,5
Chamberlain,5,128,5
Chamberlain,5,129,5
Chamberlain,5,130,5
Chamberlain,5,131,5
Chamberlain,5,132,5
Chamberlain,5,133,5
Chamberlain,5,134,5
Chamberlain,5,135,5
Chamberlain,5,136,5
Chamberlain,5,137,5
Chamberlain,5,138,5
Chamberlain,5,139,5
Chamberlain,5,140,5
Churchill,0,1,0
Churchill,0,2,0
Churchill,0,3,0
Churchill,0,4,0
Churchill,0,5,0
Churchill,0,6,0
Churchill,0,7,0
Churchill,0,8,0
Churchill,1,9,0
Churchill,1,10,1
Churchill,1,11,1
Churchill,1,12,1
Churchill,1,13,1
Churchill,1,14,1
Churchill,1,15,1
Churchill,1,16,1
Churchill,1,17,1
Churchill,1,18,1
Churchill,1,19,1
Churchill,1,20,1
Churchill,1,21,1
Churchill,1,22,1
Churchill,1,23,1
Churchill,1,24,1
Churchill,1,25,1
Churchill,1,26,1
Churchill,1,27,1
Churchill,1,28,1
Churchill,1,29,1
Churchill,1,30,1
Churchill,1,31,1
Churchill,1,32,1
Churchill,1,33,1
Churchill,1,34,1
Churchill,1,35,1
Churchill,1,36,1
Churchill,1,37,1
Churchill,1,38,1
Churchill,1,39,1
Churchill,1,40,1
Churchill,1,41,1
Churchill,1,42,1
Churchill,1,43,1
Churchill,1,44,1
Churchill,1,45,1
Churchill,1,46,1
Churchill,1,47,1
Churchill,1,48,1
Churchill,1,49,1
Churchill,1,50,1
Churchill,1,51,1
Churchill,1,52,1
Churchill,1,53,1
Churchill,1,54,1
Churchill,1,55,1
Churchill,1,56,1
Churchill,1,57,1
Churchill,2,58,1
Churchill,2,59,2
Churchill,2,60,2
Churchill,2,61,2
Churchill,2,62,2
Churchill,3,63,2
Churchill,3,64,3
Churchill,3,65,3
Churchill,3,66,3
Churchill,3,67,3
Churchill,3,68,3
Churchill,3,69,3
Churchill,3,70,3
Churchill,3,71,3
Churchill,3,72,3
Churchill,3,73,3
Churchill,3,74,3
Churchill,3,75,3
Churchill,3,76,3
Churchill,3,77,3
Churchill,3,78,3
Churchill,3,79,3
Churchill,3,80,3
Churchill,3,81,3
Churchill,3,82,3
Churchill,3,83,3
Churchill,3,84,3
Churchill,3,85,3
Churchill,3,86,3
Churchill,3,87,3
Churchill,3,88,3
Churchill,3,89,3
Churchill,3,90,3
Churchill,3,91,3
Churchill,3,92,3
Churchill,3,93,3
Churchill,3,94,3
Churchill,3,95,3
Churchill,4,96,3
Churchill,4,97,4
Churchill,4,98,4
Churchill,4,99,4
Churchill,4,100,4
Churchill,4,101,4
Churchill,4,102,4
Churchill,4,103,4
Churchill,4,104,4
Churchill,4,105,4
Churchill,4,106,4
Churchill,4,107,4
Churchill,4,108,4
Churchill,4,109,4
Churchill,4,110,4
Churchill,4,111,4
Churchill,4,112,4
Churchill,4,113,4
Churchill,4,114,4
Churchill,4,115,4
Churchill,4,116,4
Churchill,4,117,4
Churchill,4,118,4
Churchill,4,119,4
Churchill,4,120,4
Churchill,4,121,4
Churchill,4,122,4
Churchill,4,123,4
Churchill,4,124,4
Churchill,4,125,4
Churchill,4,126,4
Churchill,4,127,4
Churchill,4,128,4
Churchill,4,129,4
Churchill,4,130,4
Churchill,4,131,4
Churchill,4,132,4
Churchill,4,133,4
Churchill,4,134,4
Churchill,4,135,4
Churchill,4,136,4
Churchill,4,137,4
Churchill,4,138,4
Churchill,4,139,4
Churchill,4,140,4
Attlee,0,1,0
Attlee,0,2,0
Attlee,0,3,0
Attlee,0,4,0
Attlee,0,5,0
Attlee,0,6,0
Attlee,0,7,0
Attlee,0,8,0
Attlee,0,9,0
Attlee,0,10,0
Attlee,1,11,0
Attlee,1,12,1
Attlee,1,13,1
Attlee,1,14,1
Attlee,1,15,1
Attlee,1,16,1
Attlee,1,17,1
Attlee,1,18,1
Attlee,1,19,1
Attlee,1,20,1
Attlee,1,21,1
Attlee,1,22,1
Attlee,1,23,1
Attlee,1,24,1
Attlee,1,25,1
Attlee,1,26,1
Attlee,1,27,1
Attlee,2,28,1
Attlee,2,29,2
Attlee,2,30,2
Attlee,2,31,2
Attlee,2,32,2
Attlee,2,33,2
Attlee,2,34,2
Attlee,2,35,2
Attlee,2,36,2
Attlee,2,37,2
Attlee,2,38,2
Attlee,2,39,2
Attlee,2,40,2
Attlee,3,41,2
Attlee,3,42,3
Attlee,3,43,3
Attlee,3,44,3
Attlee,3,45,3
Attlee,3,46,3
Attlee,3,47,3
Attlee,3,48,3
Attlee,3,49,3
Attlee,3,50,3
Attlee,3,51,3
Attlee,3,52,3
Attlee,3,53,3
Attlee,3,54,3
Attlee,3,55,3
Attlee,3,56,3
Attlee,4,57,3
Attlee,4,58,4
Attlee,4,59,4
Attlee,4,60,4
Attlee,4,61,4
Attlee,4,62,4
Attlee,4,63,4
Attlee,4,64,4
Attlee,4,65,4
Attlee,4,66,4
Attlee,4,67,4
Attlee,4,68,4
Attlee,7,69,4
Attlee,7,70,7
Attlee,7,71,7
Attlee,7,72,7
Attlee,7,73,7
Attlee,7,74,7
Attlee,7,75,7
Attlee,7,76,7
Attlee,7,77,7
Attlee,7,78,7
Attlee,7,79,7
Attlee,7,80,7
Attlee,7,81,7
Attlee,7,82,7
Attlee,7,83,7
Attlee,7,84,7
Attlee,7,85,7
Attlee,7,86,7
Attlee,7,87,7
Attlee,7,88,7
Attlee,7,89,7
Attlee,7,90,7
Attlee,7,91,7
Attlee,7,92,7
Attlee,7,93,7
Attlee,7,94,7
Attlee,7,95,7
Attlee,7,96,7
Attlee,7,97,7
Attlee,7,98,7
Attlee,7,99,7
Attlee,7,100,7
Attlee,7,101,7
Attlee,7,102,7
Attlee,7,103,7
Attlee,7,104,7
Attlee,7,105,7
Attlee,7,106,7
Attlee,7,107,7
Attlee,7,108,7
Attlee,7,109,7
Attlee,7,110,7
Attlee,7,111,7
Attlee,7,112,7
Attlee,7,113,7
Attlee,7,114,7
Attlee,7,115,7
Attlee,7,116,7
Attlee,7,117,7
Attlee,7,118,7
Attlee,7,119,7
Attlee,7,120,7
Attlee,7,121,7
Attlee,7,122,7
Attlee,7,123,7
Attlee,7,124,7
Attlee,7,125,7
Attlee,7,126,7
Attlee,7,127,7
Attlee,7,128,7
Attlee,7,129,7
Attlee,7,130,7
Attlee,7,131,7
Attlee,7,132,7
Attlee,7,133,7
Attlee,7,134,7
Attlee,7,135,7
Attlee,7,136,7
Attlee,7,137,7
Attlee,7,138,7
Attlee,7,139,7
Attlee,7,140,7
Eden,0,1,0
Eden,0,2,0
Eden,0,3,0
Eden,0,4,0
Eden,0,5,0
Eden,0,6,0
Eden,0,7,0
Eden,0,8,0
Eden,0,9,0
Eden,0,10,0
Eden,0,11,0
Eden,0,12,0
Eden,0,13,0
Eden,0,14,0
Eden,0,15,0
Eden,0,16,0
Eden,0,17,0
Eden,0,18,0
Eden,1,19,0
Eden,2,20,1
Eden,2,21,2
Eden,2,22,2
Eden,2,23,2
Eden,2,24,2
Eden,2,25,2
Eden,2,26,2
Eden,2,27,2
Eden,2,28,2
Eden,2,29,2
Eden,2,30,2
Eden,2,31,2
Eden,2,32,2
Eden,2,33,2
Eden,2,34,2
Eden,2,35,2
Eden,2,36,2
Eden,2,37,2
Eden,2,38,2
Eden,2,39,2
Eden,2,40,2
Eden,2,41,2
Eden,2,42,2
Eden,2,43,2
Eden,2,44,2
Eden,2,45,2
Eden,2,46,2
Eden,2,47,2
Eden,2,48,2
Eden,2,49,2
Eden,2,50,2
Eden,2,51,2
Eden,2,52,2
Eden,2,53,2
Eden,2,54,2
Eden,2,55,2
Eden,2,56,2
Eden,2,57,2
Eden,2,58,2
Eden,2,59,2
Eden,2,60,2
Eden,2,61,2
Eden,2,62,2
Eden,2,63,2
Eden,2,64,2
Eden,2,65,2
Eden,2,66,2
Eden,2,67,2
Eden,2,68,2
Eden,2,69,2
Eden,2,70,2
Eden,2,71,2
Eden,2,72,2
Eden,2,73,2
Eden,2,74,2
Eden,2,75,2
Eden,2,76,2
Eden,2,77,2
Eden,2,78,2
Eden,2,79,2
Eden,2,80,2
Eden,2,81,2
Eden,2,82,2
Eden,2,83,2
Eden,2,84,2
Eden,2,85,2
Eden,2,86,2
Eden,2,87,2
Eden,2,88,2
Eden,2,89,2
Eden,2,90,2
Eden,2,91,2
Eden,2,92,2
Eden,2,93,2
Eden,2,94,2
Eden,2,95,2
Eden,2,96,2
Eden,2,97,2
Eden,2,98,2
Eden,2,99,2
Eden,2,100,2
Eden,2,101,2
Eden,2,102,2
Eden,2,103,2
Eden,2,104,2
Eden,2,105,2
Eden,2,106,2
Eden,2,107,2
Eden,2,108,2
Eden,2,109,2
Eden,2,110,2
Eden,2,111,2
Eden,2,112,2
Eden,2,113,2
Eden,2,114,2
Eden,2,115,2
Eden,2,116,2
Eden,2,117,2
Eden,2,118,2
Eden,2,119,2
Eden,2,120,2
Eden,2,121,2
Eden,2,122,2
Eden,2,123,2
Eden,2,124,2
Eden,2,125,2
Eden,2,126,2
Eden,2,127,2
Eden,2,128,2
Eden,2,129,2
Eden,2,130,2
Eden,2,131,2
Eden,2,132,2
Eden,2,133,2
Eden,2,134,2
Eden,2,135,2
Eden,2,136,2
Eden,2,137,2
Eden,2,138,2
Eden,2,139,2
Eden,2,140,2
Macmillan,0,1,0
Macmillan,0,2,0
Macmillan,1,3,0
Macmillan,1,4,1
Macmillan,1,5,1
Macmillan,1,6,1
Macmillan,1,7,1
Macmillan,1,8,1
Macmillan,1,9,1
Macmillan,1,10,1
Macmillan,1,11,1
Macmillan,4,12,1
Macmillan,4,13,4
Macmillan,4,14,4
Macmillan,4,15,4
Macmillan,4,16,4
Macmillan,4,17,4
Macmillan,4,18,4
Macmillan,4,19,4
Macmillan,4,20,4
Macmillan,4,21,4
Macmillan,4,22,4
Macmillan,5,23,4
Macmillan,5,24,5
Macmillan,5,25,5
Macmillan,5,26,5
Macmillan,5,27,5
Macmillan,5,28,5
Macmillan,5,29,5
Macmillan,5,30,5
Macmillan,5,31,5
Macmillan,5,32,5
Macmillan,5,33,5
Macmillan,5,34,5
Macmillan,5,35,5
Macmillan,5,36,5
Macmillan,5,37,5
Macmillan,5,38,5
Macmillan,5,39,5
Macmillan,5,40,5
Macmillan,5,41,5
Macmillan,5,42,5
Macmillan,5,43,5
Macmillan,5,44,5
Macmillan,5,45,5
Macmillan,5,46,5
Macmillan,5,47,5
Macmillan,5,48,5
Macmillan,5,49,5
Macmillan,5,50,5
Macmillan,5,51,5
Macmillan,5,52,5
Macmillan,5,53,5
Macmillan,5,54,5
Macmillan,5,55,5
Macmillan,5,56,5
Macmillan,5,57,5
Macmillan,5,58,5
Macmillan,5,59,5
Macmillan,5,60,5
Macmillan,5,61,5
Macmillan,5,62,5
Macmillan,5,63,5
Macmillan,5,64,5
Macmillan,5,65,5
Macmillan,5,66,5
Macmillan,5,67,5
Macmillan,5,68,5
Macmillan,5,69,5
Macmillan,6,70,5
Macmillan,6,71,6
Macmillan,6,72,6
Macmillan,6,73,6
Macmillan,6,74,6
Macmillan,6,75,6
Macmillan,6,76,6
Macmillan,7,77,6
Macmillan,7,78,7
Macmillan,7,79,7
Macmillan,7,80,7
Macmillan,7,81,7
Macmillan,7,82,7
Macmillan,7,83,7
Macmillan,7,84,7
Macmillan,7,85,7
Macmillan,7,86,7
Macmillan,7,87,7
Macmillan,7,88,7
Macmillan,7,89,7
Macmillan,7,90,7
Macmillan,7,91,7
Macmillan,7,92,7
Macmillan,7,93,7
Macmillan,7,94,7
Macmillan,7,95,7
Macmillan,7,96,7
Macmillan,7,97,7
Macmillan,7,98,7
Macmillan,7,99,7
Macmillan,7,100,7
Macmillan,7,101,7
Macmillan,7,102,7
Macmillan,7,103,7
Macmillan,7,104,7
Macmillan,7,105,7
Macmillan,7,106,7
Macmillan,7,107,7
Macmillan,7,108,7
Macmillan,7,109,7
Macmillan,7,110,7
Macmillan,7,111,7
Macmillan,7,112,7
Macmillan,7,113,7
Macmillan,7,114,7
Macmillan,7,115,7
Macmillan,7,116,7
Macmillan,7,117,7
Macmillan,7,118,7
Macmillan,7,119,7
Macmillan,7,120,7
Macmillan,7,121,7
Macmillan,7,122,7
Macmillan,7,123,7
Macmillan,7,124,7
Macmillan,7,125,7
Macmillan,7,126,7
Macmillan,7,127,7
Macmillan,7,128,7
Macmillan,7,129,7
Macmillan,7,130,7
Macmillan,7,131,7
Macmillan,7,132,7
Macmillan,7,133,7
Macmillan,7,134,7
Macmillan,7,135,7
Macmillan,7,136,7
Macmillan,7,137,7
Macmillan,7,138,7
Macmillan,7,139,7
Macmillan,7,140,7
Wilson,0,1,0
Wilson,0,2,0
Wilson,0,3,0
Wilson,0,4,0
Wilson,0,5,0
Wilson,0,6,0
Wilson,0,7,0
Wilson,0,8,0
Wilson,0,9,0
Wilson,0,10,0
Wilson,0,11,0
Wilson,0,12,0
Wilson,0,13,0
Wilson,0,14,0
Wilson,0,15,0
Wilson,0,16,0
Wilson,1,17,0
Wilson,1,18,1
Wilson,1,19,1
Wilson,1,20,1
Wilson,2,21,1
Wilson,2,22,2
Wilson,2,23,2
Wilson,2,24,2
Wilson,2,25,2
Wilson,2,26,2
Wilson,2,27,2
Wilson,2,28,2
Wilson,2,29,2
Wilson,2,30,2
Wilson,2,31,2
Wilson,2,32,2
Wilson,2,33,2
Wilson,3,34,2
Wilson,3,35,3
Wilson,3,36,3
Wilson,3,37,3
Wilson,3,38,3
Wilson,4,39,3
Wilson,5,40,4
Wilson,6,41,5
Wilson,7,42,6
Wilson,7,43,7
Wilson,7,44,7
Wilson,7,45,7
Wilson,7,46,7
Wilson,7,47,7
Wilson,7,48,7
Wilson,7,49,7
Wilson,7,50,7
Wilson,7,51,7
Wilson,7,52,7
Wilson,7,53,7
Wilson,7,54,7
Wilson,7,55,7
Wilson,7,56,7
Wilson,7,57,7
Wilson,7,58,7
Wilson,7,59,7
Wilson,8,60,7
Wilson,8,61,8
Wilson,8,62,8
Wilson,8,63,8
Wilson,8,64,8
Wilson,8,65,8
Wilson,8,66,8
Wilson,8,67,8
Wilson,8,68,8
Wilson,8,69,8
Wilson,8,70,8
Wilson,8,71,8
Wilson,8,72,8
Wilson,8,73,8
Wilson,8,74,8
Wilson,9,75,8
Wilson,10,76,9
Wilson,10,77,10
Wilson,10,78,10
Wilson,10,79,10
Wilson,10,80,10
Wilson,10,81,10
Wilson,10,82,10
Wilson,10,83,10
Wilson,10,84,10
Wilson,10,85,10
Wilson,10,86,10
Wilson,10,87,10
Wilson,10,88,10
Wilson,10,89,10
Wilson,10,90,10
Wilson,10,91,10
Wilson,11,92,10
Wilson,11,93,11
Wilson,11,94,11
Wilson,11,95,11
Wilson,11,96,11
Wilson,11,97,11
Wilson,11,98,11
Wilson,11,99,11
Wilson,11,100,11
Wilson,11,101,11
Wilson,11,102,11
Wilson,11,103,11
Wilson,11,104,11
Wilson,11,105,11
Wilson,11,106,11
Wilson,11,107,11
Wilson,11,108,11
Wilson,11,109,11
Wilson,11,110,11
Wilson,11,111,11
Wilson,11,112,11
Wilson,11,113,11
Wilson,11,114,11
Wilson,11,115,11
Wilson,11,116,11
Wilson,11,117,11
Wilson,11,118,11
Wilson,11,119,11
Wilson,11,120,11
Wilson,11,121,11
Wilson,11,122,11
Wilson,11,123,11
Wilson,11,124,11
Wilson,11,125,11
Wilson,11,126,11
Wilson,11,127,11
Wilson,11,128,11
Wilson,11,129,11
Wilson,11,130,11
Wilson,11,131,11
Wilson,11,132,11
Wilson,11,133,11
Wilson,11,134,11
Wilson,11,135,11
Wilson,11,136,11
Wilson,11,137,11
Wilson,11,138,11
Wilson,11,139,11
Wilson,11,140,11
Heath,0,1,0
Heath,0,2,0
Heath,0,3,0
Heath,0,4,0
Heath,0,5,0
Heath,0,6,0
Heath,0,7,0
Heath,0,8,0
Heath,0,9,0
Heath,0,10,0
Heath,0,11,0
Heath,0,12,0
Heath,0,13,0
Heath,1,14,0
Heath,1,15,1
Heath,2,16,1
Heath,2,17,2
Heath,2,18,2
Heath,2,19,2
Heath,2,20,2
Heath,2,21,2
Heath,2,22,2
Heath,2,23,2
Heath,2,24,2
Heath,3,25,2
Heath,3,26,3
Heath,3,27,3
Heath,3,28,3
Heath,3,29,3
Heath,3,30,3
Heath,3,31,3
Heath,3,32,3
Heath,3,33,3
Heath,3,34,3
Heath,3,35,3
Heath,5,36,3
Heath,5,37,5
Heath,5,38,5
Heath,5,39,5
Heath,5,40,5
Heath,5,41,5
Heath,5,42,5
Heath,5,43,5
Heath,5,44,5
Heath,5,45,5
Heath,5,46,5
Heath,5,47,5
Heath,5,48,5
Heath,5,49,5
Heath,5,50,5
Heath,5,51,5
Heath,5,52,5
Heath,5,53,5
Heath,5,54,5
Heath,5,55,5
Heath,5,56,5
Heath,5,57,5
Heath,5,58,5
Heath,5,59,5
Heath,5,60,5
Heath,5,61,5
Heath,5,62,5
Heath,5,63,5
Heath,5,64,5
Heath,5,65,5
Heath,5,66,5
Heath,5,67,5
Heath,5,68,5
Heath,5,69,5
Heath,5,70,5
Heath,5,71,5
Heath,5,72,5
Heath,5,73,5
Heath,5,74,5
Heath,5,75,5
Heath,5,76,5
Heath,5,77,5
Heath,5,78,5
Heath,5,79,5
Heath,5,80,5
Heath,5,81,5
Heath,5,82,5
Heath,5,83,5
Heath,5,84,5
Heath,5,85,5
Heath,5,86,5
Heath,5,87,5
Heath,5,88,5
Heath,5,89,5
Heath,5,90,5
Heath,5,91,5
Heath,5,92,5
Heath,5,93,5
Heath,5,94,5
Heath,5,95,5
Heath,5,96,5
Heath,5,97,5
Heath,5,98,5
Heath,5,99,5
Heath,5,100,5
Heath,5,101,5
Heath,5,102,5
Heath,5,103,5
Heath,5,104,5
Heath,5,105,5
Heath,5,106,5
Heath,5,107,5
Heath,5,108,5
Heath,5,109,5
Heath,5,110,5
Heath,5,111,5
Heath,5,112,5
Heath,5,113,5
Heath,5,114,5
Heath,5,115,5
Heath,5,116,5
Heath,5,117,5
Heath,5,118,5
Heath,5,119,5
Heath,5,120,5
Heath,5,121,5
Heath,5,122,5
Heath,5,123,5
Heath,5,124,5
Heath,5,125,5
Heath,5,126,5
Heath,5,127,5
Heath,5,128,5
Heath,5,129,5
Heath,5,130,5
Heath,5,131,5
Heath,5,132,5
Heath,5,133,5
Heath,5,134,5
Heath,5,135,5
Heath,5,136,5
Heath,5,137,5
Heath,5,138,5
Heath,5,139,5
Heath,5,140,5
Callaghan,0,1,0
Callaghan,0,2,0
Callaghan,0,3,0
Callaghan,0,4,0
Callaghan,0,5,0
Callaghan,0,6,0
Callaghan,0,7,0
Callaghan,0,8,0
Callaghan,1,9,0
Callaghan,1,10,1
Callaghan,1,11,1
Callaghan,1,12,1
Callaghan,1,13,1
Callaghan,1,14,1
Callaghan,1,15,1
Callaghan,1,16,1
Callaghan,1,17,1
Callaghan,1,18,1
Callaghan,1,19,1
Callaghan,2,20,1
Callaghan,2,21,2
Callaghan,2,22,2
Callaghan,2,23,2
Callaghan,2,24,2
Callaghan,2,25,2
Callaghan,2,26,2
Callaghan,2,27,2
Callaghan,2,28,2
Callaghan,2,29,2
Callaghan,2,30,2
Callaghan,2,31,2
Callaghan,3,32,2
Callaghan,3,33,3
Callaghan,4,34,3
Callaghan,4,35,4
Callaghan,4,36,4
Callaghan,4,37,4
Callaghan,4,38,4
Callaghan,4,39,4
Callaghan,4,40,4
Callaghan,4,41,4
Callaghan,4,42,4
Callaghan,4,43,4
Callaghan,4,44,4
Callaghan,4,45,4
Callaghan,4,46,4
Callaghan,4,47,4
Callaghan,4,48,4
Callaghan,4,49,4
Callaghan,4,50,4
Callaghan,4,51,4
Callaghan,4,52,4
Callaghan,4,53,4
Callaghan,4,54,4
Callaghan,4,55,4
Callaghan,4,56,4
Callaghan,4,57,4
Callaghan,4,58,4
Callaghan,4,59,4
Callaghan,4,60,4
Callaghan,4,61,4
Callaghan,4,62,4
Callaghan,4,63,4
Callaghan,4,64,4
Callaghan,4,65,4
Callaghan,4,66,4
Callaghan,4,67,4
Callaghan,4,68,4
Callaghan,4,69,4
Callaghan,4,70,4
Callaghan,4,71,4
Callaghan,4,72,4
Callaghan,4,73,4
Callaghan,4,74,4
Callaghan,4,75,4
Callaghan,4,76,4
Callaghan,4,77,4
Callaghan,4,78,4
Callaghan,4,79,4
Callaghan,4,80,4
Callaghan,4,81,4
Callaghan,4,82,4
Callaghan,4,83,4
Callaghan,4,84,4
Callaghan,4,85,4
Callaghan,4,86,4
Callaghan,4,87,4
Callaghan,4,88,4
Callaghan,4,89,4
Callaghan,4,90,4
Callaghan,4,91,4
Callaghan,4,92,4
Callaghan,4,93,4
Callaghan,4,94,4
Callaghan,4,95,4
Callaghan,4,96,4
Callaghan,4,97,4
Callaghan,4,98,4
Callaghan,4,99,4
Callaghan,4,100,4
Callaghan,4,101,4
Callaghan,4,102,4
Callaghan,4,103,4
Callaghan,4,104,4
Callaghan,4,105,4
Callaghan,4,106,4
Callaghan,4,107,4
Callaghan,4,108,4
Callaghan,4,109,4
Callaghan,4,110,4
Callaghan,4,111,4
Callaghan,4,112,4
Callaghan,4,113,4
Callaghan,4,114,4
Callaghan,4,115,4
Callaghan,4,116,4
Callaghan,4,117,4
Callaghan,4,118,4
Callaghan,4,119,4
Callaghan,4,120,4
Callaghan,4,121,4
Callaghan,4,122,4
Callaghan,4,123,4
Callaghan,4,124,4
Callaghan,4,125,4
Callaghan,4,126,4
Callaghan,4,127,4
Callaghan,4,128,4
Callaghan,4,129,4
Callaghan,4,130,4
Callaghan,4,131,4
Callaghan,4,132,4
Callaghan,4,133,4
Callaghan,4,134,4
Callaghan,4,135,4
Callaghan,4,136,4
Callaghan,4,137,4
Callaghan,4,138,4
Callaghan,4,139,4
Callaghan,4,140,4
Thatcher,0,1,0
Thatcher,0,2,0
Thatcher,0,3,0
Thatcher,0,4,0
Thatcher,0,5,0
Thatcher,0,6,0
Thatcher,0,7,0
Thatcher,0,8,0
Thatcher,0,9,0
Thatcher,0,10,0
Thatcher,0,11,0
Thatcher,0,12,0
Thatcher,0,13,0
Thatcher,0,14,0
Thatcher,0,15,0
Thatcher,0,16,0
Thatcher,0,17,0
Thatcher,0,18,0
Thatcher,0,19,0
Thatcher,0,20,0
Thatcher,0,21,0
Thatcher,0,22,0
Thatcher,0,23,0
Thatcher,0,24,0
Thatcher,0,25,0
Thatcher,0,26,0
Thatcher,0,27,0
Thatcher,0,28,0
Thatcher,0,29,0
Thatcher,0,30,0
Thatcher,0,31,0
Thatcher,0,32,0
Thatcher,1,33,0
Thatcher,1,34,1
Thatcher,2,35,1
Thatcher,5,36,2
Thatcher,6,37,5
Thatcher,6,38,6
Thatcher,6,39,6
Thatcher,6,40,6
Thatcher,6,41,6
Thatcher,6,42,6
Thatcher,6,43,6
Thatcher,6,44,6
Thatcher,7,45,6
Thatcher,7,46,7
Thatcher,7,47,7
Thatcher,7,48,7
Thatcher,7,49,7
Thatcher,7,50,7
Thatcher,7,51,7
Thatcher,7,52,7
Thatcher,7,53,7
Thatcher,8,54,7
Thatcher,8,55,8
Thatcher,8,56,8
Thatcher,8,57,8
Thatcher,8,58,8
Thatcher,8,59,8
Thatcher,9,60,8
Thatcher,9,61,9
Thatcher,9,62,9
Thatcher,9,63,9
Thatcher,9,64,9
Thatcher,11,65,9
Thatcher,11,66,11
Thatcher,11,67,11
Thatcher,11,68,11
Thatcher,11,69,11
Thatcher,11,70,11
Thatcher,12,71,11
Thatcher,12,72,12
Thatcher,12,73,12
Thatcher,12,74,12
Thatcher,12,75,12
Thatcher,12,76,12
Thatcher,12,77,12
Thatcher,12,78,12
Thatcher,13,79,12
Thatcher,13,80,13
Thatcher,15,81,13
Thatcher,15,82,15
Thatcher,15,83,15
Thatcher,15,84,15
Thatcher,16,85,15
Thatcher,16,86,16
Thatcher,16,87,16
Thatcher,16,88,16
Thatcher,16,89,16
Thatcher,16,90,16
Thatcher,16,91,16
Thatcher,16,92,16
Thatcher,16,93,16
Thatcher,16,94,16
Thatcher,16,95,16
Thatcher,16,96,16
Thatcher,16,97,16
Thatcher,16,98,16
Thatcher,16,99,16
Thatcher,16,100,16
Thatcher,16,101,16
Thatcher,17,102,16
Thatcher,17,103,17
Thatcher,17,104,17
Thatcher,18,105,17
Thatcher,18,106,18
Thatcher,18,107,18
Thatcher,18,108,18
Thatcher,18,109,18
Thatcher,18,110,18
Thatcher,18,111,18
Thatcher,18,112,18
Thatcher,18,113,18
Thatcher,18,114,18
Thatcher,18,115,18
Thatcher,19,116,18
Thatcher,19,117,19
Thatcher,19,118,19
Thatcher,19,119,19
Thatcher,19,120,19
Thatcher,19,121,19
Thatcher,19,122,19
Thatcher,19,123,19
Thatcher,19,124,19
Thatcher,19,125,19
Thatcher,20,126,19
Thatcher,20,127,20
Thatcher,20,128,20
Thatcher,21,129,20
Thatcher,21,130,21
Thatcher,21,131,21
Thatcher,21,132,21
Thatcher,22,133,21
Thatcher,22,134,22
Thatcher,23,135,22
Thatcher,23,136,23
Thatcher,23,137,23
Thatcher,25,138,23
Thatcher,25,139,23
Thatcher,25,140,25
Major,0,1,0
Major,0,2,0
Major,0,3,0
Major,0,4,0
Major,0,5,0
Major,1,6,0
Major,1,7,1
Major,1,8,1
Major,1,9,1
Major,1,10,1
Major,1,11,1
Major,1,12,1
Major,1,13,1
Major,1,14,1
Major,1,15,1
Major,1,16,1
Major,1,17,1
Major,1,18,1
Major,1,19,1
Major,1,20,1
Major,1,21,1
Major,2,22,1
Major,2,23,2
Major,2,24,2
Major,3,25,2
Major,3,26,3
Major,3,27,3
Major,3,28,3
Major,3,29,3
Major,3,30,3
Major,4,31,3
Major,4,32,4
Major,4,33,4
Major,5,34,4
Major,5,35,5
Major,5,36,5
Major,5,37,5
Major,7,38,5
Major,7,39,7
Major,7,40,7
Major,7,41,7
Major,8,42,7
Major,8,43,8
Major,8,44,8
Major,8,45,8
Major,8,46,8
Major,10,47,8
Major,10,48,10
Major,10,49,10
Major,11,50,10
Major,13,51,11
Major,14,52,13
Major,14,53,14
Major,14,54,14
Major,15,55,14
Major,16,56,15
Major,16,57,16
Major,16,58,16
Major,17,59,16
Major,17,60,17
Major,17,61,17
Major,17,62,17
Major,17,63,17
Major,17,64,17
Major,17,65,17
Major,17,66,17
Major,18,67,17
Major,21,68,18
Major,21,69,21
Major,21,70,21
Major,21,71,21
Major,21,72,21
Major,22,73,21
Major,22,74,22
Major,22,75,22
Major,22,76,22
Major,22,77,22
Major,22,78,22
Major,22,79,22
Major,22,80,22
Major,22,81,22
Major,22,82,22
Major,22,83,22
Major,22,84,22
Major,22,85,22
Major,22,86,22
Major,22,87,22
Major,22,88,22
Major,22,89,22
Major,22,90,22
Major,22,91,22
Major,22,92,22
Major,22,93,22
Major,22,94,22
Major,22,95,22
Major,22,96,22
Major,22,97,22
Major,22,98,22
Major,22,99,22
Major,22,100,22
Major,22,101,22
Major,22,102,22
Major,22,103,22
Major,22,104,22
Major,22,105,22
Major,22,106,22
Major,22,107,22
Major,22,108,22
Major,22,109,22
Major,22,110,22
Major,22,111,22
Major,22,112,22
Major,22,113,22
Major,22,114,22
Major,22,115,22
Major,22,116,22
Major,22,117,22
Major,22,118,22
Major,22,119,22
Major,22,120,22
Major,22,121,22
Major,22,122,22
Major,22,123,22
Major,22,124,22
Major,22,125,22
Major,22,126,22
Major,22,127,22
Major,22,128,22
Major,22,129,22
Major,22,130,22
Major,22,131,22
Major,22,132,22
Major,22,133,22
Major,22,134,22
Major,22,135,22
Major,22,136,22
Major,22,137,22
Major,22,138,22
Major,22,139,22
Major,22,140,22
Blair,1,1,0
Blair,1,2,1
Blair,1,3,1
Blair,1,4,1
Blair,1,5,1
Blair,1,6,1
Blair,1,7,1
Blair,2,8,1
Blair,2,9,2
Blair,2,10,2
Blair,2,11,2
Blair,2,12,2
Blair,2,13,2
Blair,2,14,2
Blair,2,15,2
Blair,2,16,2
Blair,2,17,2
Blair,3,18,2
Blair,3,19,3
Blair,5,20,3
Blair,5,21,5
Blair,5,22,5
Blair,5,23,5
Blair,6,24,5
Blair,7,25,6
Blair,7,26,7
Blair,8,27,7
Blair,8,28,8
Blair,8,29,8
Blair,8,30,8
Blair,8,31,8
Blair,10,32,8
Blair,11,33,10
Blair,11,34,11
Blair,11,35,11
Blair,11,36,11
Blair,11,37,11
Blair,11,38,11
Blair,11,39,11
Blair,11,40,11
Blair,11,41,11
Blair,11,42,11
Blair,11,43,11
Blair,11,44,11
Blair,12,45,11
Blair,12,46,12
Blair,12,47,12
Blair,12,48,12
Blair,12,49,12
Blair,12,50,12
Blair,12,51,12
Blair,12,52,12
Blair,12,53,12
Blair,12,54,12
Blair,13,55,12
Blair,13,56,13
Blair,13,57,13
Blair,13,58,13
Blair,13,59,13
Blair,13,60,13
Blair,14,61,13
Blair,14,62,14
Blair,14,63,14
Blair,14,64,14
Blair,14,65,14
Blair,15,66,14
Blair,15,67,15
Blair,15,68,15
Blair,15,69,15
Blair,15,70,15
Blair,18,71,15
Blair,18,72,18
Blair,19,73,18
Blair,19,74,19
Blair,20,75,19
Blair,20,76,20
Blair,20,77,20
Blair,20,78,20
Blair,20,79,20
Blair,20,80,20
Blair,20,81,20
Blair,20,82,20
Blair,21,83,20
Blair,21,84,21
Blair,21,85,21
Blair,21,86,21
Blair,21,87,21
Blair,21,88,21
Blair,22,89,21
Blair,22,90,22
Blair,23,91,22
Blair,23,92,23
Blair,23,93,23
Blair,23,94,23
Blair,23,95,23
Blair,23,96,23
Blair,23,97,23
Blair,23,98,23
Blair,23,99,23
Blair,23,100,23
Blair,23,101,23
Blair,23,102,23
Blair,24,103,23
Blair,24,104,24
Blair,24,105,24
Blair,24,106,24
Blair,25,107,24
Blair,25,108,25
Blair,25,109,25
Blair,25,110,25
Blair,25,111,25
Blair,25,112,25
Blair,26,113,25
Blair,26,114,26
Blair,27,115,26
Blair,27,116,27
Blair,28,117,27
Blair,28,118,28
Blair,29,119,28
Blair,29,120,29
Blair,29,121,29
Blair,29,122,29
Blair,29,123,29
Blair,29,124,29
Blair,29,125,29
Blair,29,126,29
Blair,29,127,29
Blair,29,128,29
Blair,29,129,29
Blair,29,130,29
Blair,29,131,29
Blair,29,132,29
Blair,29,133,29
Blair,29,134,29
Blair,29,135,29
Blair,29,136,29
Blair,29,137,29
Blair,29,138,29
Blair,29,139,29
Blair,29,140,29
Brown,0,1,0
Brown,0,2,0
Brown,0,3,0
Brown,1,4,0
Brown,2,5,1
Brown,2,6,2
Brown,3,7,2
Brown,3,8,3
Brown,3,9,3
Brown,3,10,3
Brown,3,11,3
Brown,3,12,3
Brown,3,13,3
Brown,3,14,3
Brown,5,15,3
Brown,5,16,5
Brown,5,17,5
Brown,5,18,5
Brown,5,19,5
Brown,5,20,5
Brown,5,21,5
Brown,5,22,5
Brown,5,23,5
Brown,9,24,5
Brown,12,25,9
Brown,12,26,12
Brown,12,27,12
Brown,13,28,12
Brown,13,29,13
Brown,13,30,13
Brown,13,31,13
Brown,13,32,13
Brown,13,33,13
Brown,13,34,13
Brown,13,35,13
Brown,13,36,13
Brown,13,37,13
Brown,13,38,13
Brown,13,39,13
Brown,13,40,13
Brown,13,41,13
Brown,13,42,13
Brown,13,43,13
Brown,13,44,13
Brown,13,45,13
Brown,13,46,13
Brown,13,47,13
Brown,13,48,13
Brown,13,49,13
Brown,13,50,13
Brown,13,51,13
Brown,13,52,13
Brown,13,53,13
Brown,13,54,13
Brown,13,55,13
Brown,13,56,13
Brown,13,57,13
Brown,13,58,13
Brown,13,59,13
Brown,13,60,13
Brown,13,61,13
Brown,13,62,13
Brown,13,63,13
Brown,13,64,13
Brown,13,65,13
Brown,13,66,13
Brown,13,67,13
Brown,13,68,13
Brown,13,69,13
Brown,13,70,13
Brown,13,71,13
Brown,13,72,13
Brown,13,73,13
Brown,13,74,13
Brown,13,75,13
Brown,13,76,13
Brown,13,77,13
Brown,13,78,13
Brown,13,79,13
Brown,13,80,13
Brown,13,81,13
Brown,13,82,13
Brown,13,83,13
Brown,13,84,13
Brown,13,85,13
Brown,13,86,13
Brown,13,87,13
Brown,13,88,13
Brown,13,89,13
Brown,13,90,13
Brown,13,91,13
Brown,13,92,13
Brown,13,93,13
Brown,13,94,13
Brown,13,95,13
Brown,13,96,13
Brown,13,97,13
Brown,13,98,13
Brown,13,99,13
Brown,13,100,13
Brown,13,101,13
Brown,13,102,13
Brown,13,103,13
Brown,13,104,13
Brown,13,105,13
Brown,13,106,13
Brown,13,107,13
Brown,13,108,13
Brown,13,109,13
Brown,13,110,13
Brown,13,111,13
Brown,13,112,13
Brown,13,113,13
Brown,13,114,13
Brown,13,115,13
Brown,13,116,13
Brown,13,117,13
Brown,13,118,13
Brown,13,119,13
Brown,13,120,13
Brown,13,121,13
Brown,13,122,13
Brown,13,123,13
Brown,13,124,13
Brown,13,125,13
Brown,13,126,13
Brown,13,127,13
Brown,13,128,13
Brown,13,129,13
Brown,13,130,13
Brown,13,131,13
Brown,13,132,13
Brown,13,133,13
Brown,13,134,13
Brown,13,135,13
Brown,13,136,13
Brown,13,137,13
Brown,13,138,13
Brown,13,139,13
Brown,13,140,13
Cameron,1,1,0
Cameron,1,2,1
Cameron,1,3,1
Cameron,1,4,1
Cameron,1,5,1
Cameron,1,6,1
Cameron,1,7,1
Cameron,1,8,1
Cameron,1,9,1
Cameron,1,10,1
Cameron,1,11,1
Cameron,1,12,1
Cameron,1,13,1
Cameron,1,14,1
Cameron,1,15,1
Cameron,1,16,1
Cameron,1,17,1
Cameron,2,18,1
Cameron,2,19,2
Cameron,2,20,2
Cameron,3,21,2
Cameron,3,22,3
Cameron,3,23,3
Cameron,3,24,3
Cameron,3,25,3
Cameron,3,26,3
Cameron,3,27,3
Cameron,3,28,3
Cameron,3,29,3
Cameron,4,30,3
Cameron,4,31,4
Cameron,5,32,4
Cameron,5,33,5
Cameron,5,34,5
Cameron,5,35,5
Cameron,5,36,5
Cameron,5,37,5
Cameron,5,38,5
Cameron,5,39,5
Cameron,5,40,5
Cameron,5,41,5
Cameron,5,42,5
Cameron,5,43,5
Cameron,5,44,5
Cameron,6,45,5
Cameron,6,46,6
Cameron,7,47,6
Cameron,7,48,7
Cameron,7,49,7
Cameron,7,50,7
Cameron,8,51,7
Cameron,8,52,8
Cameron,9,53,8
Cameron,12,54,9
Cameron,12,55,12
Cameron,12,56,12
Cameron,12,57,12
Cameron,12,58,12
Cameron,12,59,12
Cameron,12,60,12
Cameron,12,61,12
Cameron,12,62,12
Cameron,12,63,12
Cameron,12,64,12
Cameron,12,65,12
Cameron,12,66,12
Cameron,13,67,12
Cameron,13,68,13
Cameron,13,69,13
Cameron,13,70,13
Cameron,14,71,13
Cameron,14,72,14
Cameron,14,73,14
Cameron,14,74,14
Cameron,14,75,14
Cameron,14,76,14
Cameron,14,77,14
Cameron,14,78,14
Cameron,14,79,14
Cameron,14,80,14
Cameron,14,81,14
Cameron,14,82,14
Cameron,14,83,14
Cameron,14,84,14
Cameron,14,85,14
Cameron,14,86,14
Cameron,14,87,14
Cameron,14,88,14
Cameron,14,89,14
Cameron,14,90,14
Cameron,14,91,14
Cameron,14,92,14
Cameron,14,93,14
Cameron,14,94,14
Cameron,14,95,14
Cameron,14,96,14
Cameron,14,97,14
Cameron,14,98,14
Cameron,14,99,14
Cameron,14,100,14
Cameron,14,101,14
Cameron,14,102,14
Cameron,14,103,14
Cameron,14,104,14
Cameron,14,105,14
Cameron,14,106,14
Cameron,14,107,14
Cameron,14,108,14
Cameron,14,109,14
Cameron,14,110,14
Cameron,14,111,14
Cameron,14,112,14
Cameron,14,113,14
Cameron,14,114,14
Cameron,14,115,14
Cameron,14,116,14
Cameron,14,117,14
Cameron,14,118,14
Cameron,14,119,14
Cameron,14,120,14
Cameron,14,121,14
Cameron,14,122,14
Cameron,14,123,14
Cameron,14,124,14
Cameron,14,125,14
Cameron,14,126,14
Cameron,14,127,14
Cameron,14,128,14
Cameron,14,129,14
Cameron,14,130,14
Cameron,14,131,14
Cameron,14,132,14
Cameron,14,133,14
Cameron,14,134,14
Cameron,14,135,14
Cameron,14,136,14
Cameron,14,137,14
Cameron,14,138,14
Cameron,14,139,14
Cameron,14,140,14
May,0,1,0
May,0,2,0
May,1,3,0
May,1,4,1
May,1,5,1
May,1,6,1
May,1,7,1
May,1,8,1
May,1,9,1
May,1,10,1
May,2,11,1
May,2,12,2
May,2,13,2
May,2,14,2
May,2,15,2
May,5,16,2
May,5,17,5
May,6,18,5
May,6,19,6
May,6,20,6
May,6,21,6
May,7,22,6
May,8,23,7
May,13,24,8
May,14,25,13
May,14,26,14
May,14,27,14
May,16,28,14
May,21,29,16
May,22,30,21
May,23,31,22
May,25,32,23
May,30,33,25
May,30,34,30
May,30,35,30
May,30,36,30
May,30,37,30
May,30,38,30
May,30,39,30
May,30,40,30
May,30,41,30
May,30,42,30
May,30,43,30
May,30,44,30
May,30,45,30
May,30,46,30
May,30,47,30
May,30,48,30
May,30,49,30
May,30,50,30
May,30,51,30
May,30,52,30
May,30,53,30
May,30,54,30
May,30,55,30
May,30,56,30
May,30,57,30
May,30,58,30
May,30,59,30
May,30,60,30
May,30,61,30
May,30,62,30
May,30,63,30
May,30,64,30
May,30,65,30
May,30,66,30
May,30,67,30
May,30,68,30
May,30,69,30
May,30,70,30
May,30,71,30
May,30,72,30
May,30,73,30
May,30,74,30
May,30,75,30
May,30,76,30
May,30,77,30
May,30,78,30
May,30,79,30
May,30,80,30
May,30,81,30
May,30,82,30
May,30,83,30
May,30,84,30
May,30,85,30
May,30,86,30
May,30,87,30
May,30,88,30
May,30,89,30
May,30,90,30
May,30,91,30
May,30,92,30
May,30,93,30
May,30,94,30
May,30,95,30
May,30,96,30
May,30,97,30
May,30,98,30
May,30,99,30
May,30,100,30
May,30,101,30
May,30,102,30
May,30,103,30
May,30,104,30
May,30,105,30
May,30,106,30
May,30,107,30
May,30,108,30
May,30,109,30
May,30,110,30
May,30,111,30
May,30,112,30
May,30,113,30
May,30,114,30
May,30,115,30
May,30,116,30
May,30,117,30
May,30,118,30
May,30,119,30
May,30,120,30
May,30,121,30
May,30,122,30
May,30,123,30
May,30,124,30
May,30,125,30
May,30,126,30
May,30,127,30
May,30,128,30
May,30,129,30
May,30,130,30
May,30,131,30
May,30,132,30
May,30,133,30
May,30,134,30
May,30,135,30
May,30,136,30
May,30,137,30
May,30,138,30
May,30,139,30
May,30,140,30
