name,groups,value,year,lastValue,tcolour
Balfour,CON,0,1,1,#00539f
Balfour,CON,0,2,1,#00539f
Balfour,CON,0,3,1,#00539f
Balfour,CON,0,4,1,#00539f
Balfour,CON,0,5,1,#00539f
Balfour,CON,0,6,1,#00539f
Balfour,CON,0,7,1,#00539f
Balfour,CON,0,8,1,#00539f
Balfour,CON,0,9,1,#00539f
Balfour,CON,0,10,1,#00539f
Balfour,CON,0,11,1,#00539f
Balfour,CON,0,12,1,#00539f
Balfour,CON,0,13,1,#00539f
Balfour,CON,1,14,1,#00539f
Balfour,CON,6,15,1,#00539f
Balfour,CON,6,16,6,#00539f
Balfour,CON,6,17,6,#00539f
Balfour,CON,6,18,6,#00539f
Balfour,CON,6,19,6,#00539f
Balfour,CON,6,20,6,#00539f
Balfour,CON,6,21,6,#00539f
Balfour,CON,6,22,6,#00539f
Balfour,CON,6,23,6,#00539f
Balfour,CON,6,24,6,#00539f
Balfour,CON,6,25,6,#00539f
Balfour,CON,6,26,6,#00539f
Balfour,CON,6,27,6,#00539f
Balfour,CON,6,28,6,#00539f
Balfour,CON,6,29,6,#00539f
Balfour,CON,6,30,6,#00539f
Balfour,CON,6,31,6,#00539f
Balfour,CON,7,32,6,#00539f
Balfour,CON,7,33,7,#00539f
Balfour,CON,7,34,7,#00539f
Balfour,CON,7,35,7,#00539f
Balfour,CON,7,36,7,#00539f
Balfour,CON,7,37,7,#00539f
Balfour,CON,7,38,7,#00539f
Balfour,CON,7,39,7,#00539f
Balfour,CON,7,40,7,#00539f
Balfour,CON,7,41,7,#00539f
Balfour,CON,7,42,7,#00539f
Balfour,CON,7,43,7,#00539f
Balfour,CON,7,44,7,#00539f
Balfour,CON,7,45,7,#00539f
Balfour,CON,7,46,7,#00539f
Balfour,CON,7,47,7,#00539f
Balfour,CON,7,48,7,#00539f
Balfour,CON,7,49,7,#00539f
Balfour,CON,7,50,7,#00539f
Balfour,CON,7,51,7,#00539f
Balfour,CON,7,52,7,#00539f
Balfour,CON,7,53,7,#00539f
Balfour,CON,7,54,7,#00539f
Balfour,CON,7,55,7,#00539f
Balfour,CON,7,56,7,#00539f
Balfour,CON,7,57,7,#00539f
Balfour,CON,7,58,7,#00539f
Balfour,CON,7,59,7,#00539f
Balfour,CON,7,60,7,#00539f
Balfour,CON,7,61,7,#00539f
Balfour,CON,7,62,7,#00539f
Balfour,CON,7,63,7,#00539f
Balfour,CON,7,64,7,#00539f
Balfour,CON,7,65,7,#00539f
Balfour,CON,7,66,7,#00539f
Balfour,CON,7,67,7,#00539f
Balfour,CON,7,68,7,#00539f
Balfour,CON,7,69,7,#00539f
Balfour,CON,7,70,7,#00539f
Balfour,CON,7,71,7,#00539f
Balfour,CON,7,72,7,#00539f
Balfour,CON,7,73,7,#00539f
Balfour,CON,7,74,7,#00539f
Balfour,CON,7,75,7,#00539f
Balfour,CON,7,76,7,#00539f
Balfour,CON,7,77,7,#00539f
Balfour,CON,7,78,7,#00539f
Balfour,CON,7,79,7,#00539f
Balfour,CON,7,80,7,#00539f
Balfour,CON,7,81,7,#00539f
Balfour,CON,7,82,7,#00539f
Balfour,CON,7,83,7,#00539f
Balfour,CON,7,84,7,#00539f
Balfour,CON,7,85,7,#00539f
Balfour,CON,7,86,7,#00539f
Balfour,CON,7,87,7,#00539f
Balfour,CON,7,88,7,#00539f
Balfour,CON,7,89,7,#00539f
Balfour,CON,7,90,7,#00539f
Balfour,CON,7,91,7,#00539f
Balfour,CON,7,92,7,#00539f
Balfour,CON,7,93,7,#00539f
Balfour,CON,7,94,7,#00539f
Balfour,CON,7,95,7,#00539f
Balfour,CON,7,96,7,#00539f
Balfour,CON,7,97,7,#00539f
Balfour,CON,7,98,7,#00539f
Balfour,CON,7,99,7,#00539f
Balfour,CON,7,100,7,#00539f
Balfour,CON,7,101,7,#00539f
Balfour,CON,7,102,7,#00539f
Balfour,CON,7,103,7,#00539f
Balfour,CON,7,104,7,#00539f
Balfour,CON,7,105,7,#00539f
Balfour,CON,7,106,7,#00539f
Balfour,CON,7,107,7,#00539f
Balfour,CON,7,108,7,#00539f
Balfour,CON,7,109,7,#00539f
Balfour,CON,7,110,7,#00539f
Balfour,CON,7,111,7,#00539f
Balfour,CON,7,112,7,#00539f
Balfour,CON,7,113,7,#00539f
Balfour,CON,7,114,7,#00539f
Balfour,CON,7,115,7,#00539f
Balfour,CON,7,116,7,#00539f
Balfour,CON,7,117,7,#00539f
Balfour,CON,7,118,7,#00539f
Balfour,CON,7,119,7,#00539f
Balfour,CON,7,120,7,#00539f
Balfour,CON,7,121,7,#00539f
Balfour,CON,7,122,7,#00539f
Balfour,CON,7,123,7,#00539f
Balfour,CON,7,124,7,#00539f
Balfour,CON,7,125,7,#00539f
Balfour,CON,7,126,7,#00539f
Balfour,CON,7,127,7,#00539f
Balfour,CON,7,128,7,#00539f
Balfour,CON,7,129,7,#00539f
Balfour,CON,7,130,7,#00539f
Balfour,CON,7,131,7,#00539f
Balfour,CON,7,132,7,#00539f
Balfour,CON,7,133,7,#00539f
Balfour,CON,7,134,7,#00539f
Balfour,CON,7,135,7,#00539f
Balfour,CON,7,136,7,#00539f
Balfour,CON,7,137,7,#00539f
Balfour,CON,7,138,7,#00539f
Balfour,CON,7,139,7,#00539f
Balfour,CON,7,140,7,#00539f
Asquith,LIB,0,1,1,#ffb703
Asquith,LIB,0,2,1,#ffb703
Asquith,LIB,0,3,1,#ffb703
Asquith,LIB,0,4,1,#ffb703
Asquith,LIB,0,5,1,#ffb703
Asquith,LIB,0,6,1,#ffb703
Asquith,LIB,0,7,1,#ffb703
Asquith,LIB,0,8,1,#ffb703
Asquith,LIB,0,9,1,#ffb703
Asquith,LIB,0,10,1,#ffb703
Asquith,LIB,0,11,1,#ffb703
Asquith,LIB,0,12,1,#ffb703
Asquith,LIB,0,13,1,#ffb703
Asquith,LIB,0,14,1,#ffb703
Asquith,LIB,0,15,1,#ffb703
Asquith,LIB,0,16,1,#ffb703
Asquith,LIB,0,17,1,#ffb703
Asquith,LIB,0,18,1,#ffb703
Asquith,LIB,0,19,1,#ffb703
Asquith,LIB,0,20,1,#ffb703
Asquith,LIB,0,21,1,#ffb703
Asquith,LIB,0,22,1,#ffb703
Asquith,LIB,0,23,1,#ffb703
Asquith,LIB,0,24,1,#ffb703
Asquith,LIB,0,25,1,#ffb703
Asquith,LIB,0,26,1,#ffb703
Asquith,LIB,0,27,1,#ffb703
Asquith,LIB,0,28,1,#ffb703
Asquith,LIB,0,29,1,#ffb703
Asquith,LIB,0,30,1,#ffb703
Asquith,LIB,0,31,1,#ffb703
Asquith,LIB,0,32,1,#ffb703
Asquith,LIB,0,33,1,#ffb703
Asquith,LIB,0,34,1,#ffb703
Asquith,LIB,0,35,1,#ffb703
Asquith,LIB,0,36,1,#ffb703
Asquith,LIB,0,37,1,#ffb703
Asquith,LIB,0,38,1,#ffb703
Asquith,LIB,0,39,1,#ffb703
Asquith,LIB,0,40,1,#ffb703
Asquith,LIB,0,41,1,#ffb703
Asquith,LIB,0,42,1,#ffb703
Asquith,LIB,0,43,1,#ffb703
Asquith,LIB,0,44,1,#ffb703
Asquith,LIB,0,45,1,#ffb703
Asquith,LIB,0,46,1,#ffb703
Asquith,LIB,0,47,1,#ffb703
Asquith,LIB,0,48,1,#ffb703
Asquith,LIB,0,49,1,#ffb703
Asquith,LIB,0,50,1,#ffb703
Asquith,LIB,0,51,1,#ffb703
Asquith,LIB,0,52,1,#ffb703
Asquith,LIB,0,53,1,#ffb703
Asquith,LIB,0,54,1,#ffb703
Asquith,LIB,0,55,1,#ffb703
Asquith,LIB,0,56,1,#ffb703
Asquith,LIB,0,57,1,#ffb703
Asquith,LIB,0,58,1,#ffb703
Asquith,LIB,0,59,1,#ffb703
Asquith,LIB,0,60,1,#ffb703
Asquith,LIB,0,61,1,#ffb703
Asquith,LIB,0,62,1,#ffb703
Asquith,LIB,0,63,1,#ffb703
Asquith,LIB,0,64,1,#ffb703
Asquith,LIB,0,65,1,#ffb703
Asquith,LIB,0,66,1,#ffb703
Asquith,LIB,0,67,1,#ffb703
Asquith,LIB,0,68,1,#ffb703
Asquith,LIB,0,69,1,#ffb703
Asquith,LIB,0,70,1,#ffb703
Asquith,LIB,0,71,1,#ffb703
Asquith,LIB,1,72,1,#ffb703
Asquith,LIB,1,73,1,#ffb703
Asquith,LIB,1,74,1,#ffb703
Asquith,LIB,1,75,1,#ffb703
Asquith,LIB,4,76,1,#ffb703
Asquith,LIB,4,77,4,#ffb703
Asquith,LIB,4,78,4,#ffb703
Asquith,LIB,4,79,4,#ffb703
Asquith,LIB,4,80,4,#ffb703
Asquith,LIB,4,81,4,#ffb703
Asquith,LIB,4,82,4,#ffb703
Asquith,LIB,4,83,4,#ffb703
Asquith,LIB,4,84,4,#ffb703
Asquith,LIB,4,85,4,#ffb703
Asquith,LIB,4,86,4,#ffb703
Asquith,LIB,4,87,4,#ffb703
Asquith,LIB,4,88,4,#ffb703
Asquith,LIB,4,89,4,#ffb703
Asquith,LIB,4,90,4,#ffb703
Asquith,LIB,5,91,4,#ffb703
Asquith,LIB,5,92,5,#ffb703
Asquith,LIB,6,93,5,#ffb703
Asquith,LIB,6,94,6,#ffb703
Asquith,LIB,6,95,6,#ffb703
Asquith,LIB,6,96,6,#ffb703
Asquith,LIB,7,97,6,#ffb703
Asquith,LIB,7,98,7,#ffb703
Asquith,LIB,8,99,7,#ffb703
Asquith,LIB,8,100,8,#ffb703
Asquith,LIB,8,101,8,#ffb703
Asquith,LIB,8,102,8,#ffb703
Asquith,LIB,8,103,8,#ffb703
Asquith,LIB,8,104,8,#ffb703
Asquith,LIB,8,105,8,#ffb703
Asquith,LIB,8,106,8,#ffb703
Asquith,LIB,8,107,8,#ffb703
Asquith,LIB,8,108,8,#ffb703
Asquith,LIB,8,109,8,#ffb703
Asquith,LIB,8,110,8,#ffb703
Asquith,LIB,8,111,8,#ffb703
Asquith,LIB,8,112,8,#ffb703
Asquith,LIB,8,113,8,#ffb703
Asquith,LIB,8,114,8,#ffb703
Asquith,LIB,8,115,8,#ffb703
Asquith,LIB,8,116,8,#ffb703
Asquith,LIB,8,117,8,#ffb703
Asquith,LIB,8,118,8,#ffb703
Asquith,LIB,8,119,8,#ffb703
Asquith,LIB,8,120,8,#ffb703
Asquith,LIB,8,121,8,#ffb703
Asquith,LIB,8,122,8,#ffb703
Asquith,LIB,8,123,8,#ffb703
Asquith,LIB,8,124,8,#ffb703
Asquith,LIB,8,125,8,#ffb703
Asquith,LIB,8,126,8,#ffb703
Asquith,LIB,8,127,8,#ffb703
Asquith,LIB,8,128,8,#ffb703
Asquith,LIB,8,129,8,#ffb703
Asquith,LIB,8,130,8,#ffb703
Asquith,LIB,8,131,8,#ffb703
Asquith,LIB,8,132,8,#ffb703
Asquith,LIB,8,133,8,#ffb703
Asquith,LIB,8,134,8,#ffb703
Asquith,LIB,8,135,8,#ffb703
Asquith,LIB,8,136,8,#ffb703
Asquith,LIB,8,137,8,#ffb703
Asquith,LIB,8,138,8,#ffb703
Asquith,LIB,8,139,8,#ffb703
Asquith,LIB,8,140,8,#ffb703
Lloyd George,LIB,0,1,1,#ffb703
Lloyd George,LIB,0,2,1,#ffb703
Lloyd George,LIB,0,3,1,#ffb703
Lloyd George,LIB,0,4,1,#ffb703
Lloyd George,LIB,0,5,1,#ffb703
Lloyd George,LIB,0,6,1,#ffb703
Lloyd George,LIB,0,7,1,#ffb703
Lloyd George,LIB,1,8,1,#ffb703
Lloyd George,LIB,2,9,1,#ffb703
Lloyd George,LIB,2,10,2,#ffb703
Lloyd George,LIB,2,11,2,#ffb703
Lloyd George,LIB,3,12,2,#ffb703
Lloyd George,LIB,3,13,3,#ffb703
Lloyd George,LIB,4,14,3,#ffb703
Lloyd George,LIB,4,15,4,#ffb703
Lloyd George,LIB,4,16,4,#ffb703
Lloyd George,LIB,5,17,4,#ffb703
Lloyd George,LIB,5,18,5,#ffb703
Lloyd George,LIB,5,19,5,#ffb703
Lloyd George,LIB,5,20,5,#ffb703
Lloyd George,LIB,5,21,5,#ffb703
Lloyd George,LIB,5,22,5,#ffb703
Lloyd George,LIB,5,23,5,#ffb703
Lloyd George,LIB,6,24,5,#ffb703
Lloyd George,LIB,6,25,6,#ffb703
Lloyd George,LIB,6,26,6,#ffb703
Lloyd George,LIB,6,27,6,#ffb703
Lloyd George,LIB,6,28,6,#ffb703
Lloyd George,LIB,6,29,6,#ffb703
Lloyd George,LIB,6,30,6,#ffb703
Lloyd George,LIB,6,31,6,#ffb703
Lloyd George,LIB,6,32,6,#ffb703
Lloyd George,LIB,6,33,6,#ffb703
Lloyd George,LIB,6,34,6,#ffb703
Lloyd George,LIB,6,35,6,#ffb703
Lloyd George,LIB,7,36,6,#ffb703
Lloyd George,LIB,7,37,7,#ffb703
Lloyd George,LIB,7,38,7,#ffb703
Lloyd George,LIB,7,39,7,#ffb703
Lloyd George,LIB,7,40,7,#ffb703
Lloyd George,LIB,7,41,7,#ffb703
Lloyd George,LIB,7,42,7,#ffb703
Lloyd George,LIB,7,43,7,#ffb703
Lloyd George,LIB,7,44,7,#ffb703
Lloyd George,LIB,7,45,7,#ffb703
Lloyd George,LIB,7,46,7,#ffb703
Lloyd George,LIB,7,47,7,#ffb703
Lloyd George,LIB,7,48,7,#ffb703
Lloyd George,LIB,7,49,7,#ffb703
Lloyd George,LIB,7,50,7,#ffb703
Lloyd George,LIB,7,51,7,#ffb703
Lloyd George,LIB,7,52,7,#ffb703
Lloyd George,LIB,7,53,7,#ffb703
Lloyd George,LIB,7,54,7,#ffb703
Lloyd George,LIB,7,55,7,#ffb703
Lloyd George,LIB,8,56,7,#ffb703
Lloyd George,LIB,8,57,8,#ffb703
Lloyd George,LIB,8,58,8,#ffb703
Lloyd George,LIB,8,59,8,#ffb703
Lloyd George,LIB,8,60,8,#ffb703
Lloyd George,LIB,8,61,8,#ffb703
Lloyd George,LIB,8,62,8,#ffb703
Lloyd George,LIB,8,63,8,#ffb703
Lloyd George,LIB,9,64,8,#ffb703
Lloyd George,LIB,9,65,9,#ffb703
Lloyd George,LIB,9,66,9,#ffb703
Lloyd George,LIB,9,67,9,#ffb703
Lloyd George,LIB,9,68,9,#ffb703
Lloyd George,LIB,9,69,9,#ffb703
Lloyd George,LIB,9,70,9,#ffb703
Lloyd George,LIB,9,71,9,#ffb703
Lloyd George,LIB,9,72,9,#ffb703
Lloyd George,LIB,9,73,9,#ffb703
Lloyd George,LIB,9,74,9,#ffb703
Lloyd George,LIB,9,75,9,#ffb703
Lloyd George,LIB,9,76,9,#ffb703
Lloyd George,LIB,9,77,9,#ffb703
Lloyd George,LIB,9,78,9,#ffb703
Lloyd George,LIB,9,79,9,#ffb703
Lloyd George,LIB,9,80,9,#ffb703
Lloyd George,LIB,9,81,9,#ffb703
Lloyd George,LIB,9,82,9,#ffb703
Lloyd George,LIB,9,83,9,#ffb703
Lloyd George,LIB,9,84,9,#ffb703
Lloyd George,LIB,9,85,9,#ffb703
Lloyd George,LIB,9,86,9,#ffb703
Lloyd George,LIB,9,87,9,#ffb703
Lloyd George,LIB,9,88,9,#ffb703
Lloyd George,LIB,9,89,9,#ffb703
Lloyd George,LIB,9,90,9,#ffb703
Lloyd George,LIB,9,91,9,#ffb703
Lloyd George,LIB,9,92,9,#ffb703
Lloyd George,LIB,9,93,9,#ffb703
Lloyd George,LIB,9,94,9,#ffb703
Lloyd George,LIB,9,95,9,#ffb703
Lloyd George,LIB,9,96,9,#ffb703
Lloyd George,LIB,9,97,9,#ffb703
Lloyd George,LIB,9,98,9,#ffb703
Lloyd George,LIB,9,99,9,#ffb703
Lloyd George,LIB,9,100,9,#ffb703
Lloyd George,LIB,9,101,9,#ffb703
Lloyd George,LIB,9,102,9,#ffb703
Lloyd George,LIB,9,103,9,#ffb703
Lloyd George,LIB,9,104,9,#ffb703
Lloyd George,LIB,9,105,9,#ffb703
Lloyd George,LIB,9,106,9,#ffb703
Lloyd George,LIB,9,107,9,#ffb703
Lloyd George,LIB,9,108,9,#ffb703
Lloyd George,LIB,9,109,9,#ffb703
Lloyd George,LIB,9,110,9,#ffb703
Lloyd George,LIB,9,111,9,#ffb703
Lloyd George,LIB,9,112,9,#ffb703
Lloyd George,LIB,9,113,9,#ffb703
Lloyd George,LIB,9,114,9,#ffb703
Lloyd George,LIB,9,115,9,#ffb703
Lloyd George,LIB,9,116,9,#ffb703
Lloyd George,LIB,9,117,9,#ffb703
Lloyd George,LIB,9,118,9,#ffb703
Lloyd George,LIB,9,119,9,#ffb703
Lloyd George,LIB,9,120,9,#ffb703
Lloyd George,LIB,9,121,9,#ffb703
Lloyd George,LIB,9,122,9,#ffb703
Lloyd George,LIB,9,123,9,#ffb703
Lloyd George,LIB,9,124,9,#ffb703
Lloyd George,LIB,9,125,9,#ffb703
Lloyd George,LIB,9,126,9,#ffb703
Lloyd George,LIB,9,127,9,#ffb703
Lloyd George,LIB,9,128,9,#ffb703
Lloyd George,LIB,9,129,9,#ffb703
Lloyd George,LIB,9,130,9,#ffb703
Lloyd George,LIB,9,131,9,#ffb703
Lloyd George,LIB,9,132,9,#ffb703
Lloyd George,LIB,9,133,9,#ffb703
Lloyd George,LIB,9,134,9,#ffb703
Lloyd George,LIB,9,135,9,#ffb703
Lloyd George,LIB,9,136,9,#ffb703
Lloyd George,LIB,9,137,9,#ffb703
Lloyd George,LIB,9,138,9,#ffb703
Lloyd George,LIB,9,139,9,#ffb703
Lloyd George,LIB,9,140,9,#ffb703
Baldwin,CON,0,1,1,#00539f
Baldwin,CON,0,2,1,#00539f
Baldwin,CON,0,3,1,#00539f
Baldwin,CON,0,4,1,#00539f
Baldwin,CON,0,5,1,#00539f
Baldwin,CON,1,6,1,#00539f
Baldwin,CON,1,7,1,#00539f
Baldwin,CON,1,8,1,#00539f
Baldwin,CON,1,9,1,#00539f
Baldwin,CON,1,10,1,#00539f
Baldwin,CON,1,11,1,#00539f
Baldwin,CON,1,12,1,#00539f
Baldwin,CON,1,13,1,#00539f
Baldwin,CON,1,14,1,#00539f
Baldwin,CON,1,15,1,#00539f
Baldwin,CON,1,16,1,#00539f
Baldwin,CON,1,17,1,#00539f
Baldwin,CON,1,18,1,#00539f
Baldwin,CON,1,19,1,#00539f
Baldwin,CON,1,20,1,#00539f
Baldwin,CON,1,21,1,#00539f
Baldwin,CON,1,22,1,#00539f
Baldwin,CON,1,23,1,#00539f
Baldwin,CON,1,24,1,#00539f
Baldwin,CON,1,25,1,#00539f
Baldwin,CON,1,26,1,#00539f
Baldwin,CON,1,27,1,#00539f
Baldwin,CON,1,28,1,#00539f
Baldwin,CON,1,29,1,#00539f
Baldwin,CON,1,30,1,#00539f
Baldwin,CON,1,31,1,#00539f
Baldwin,CON,1,32,1,#00539f
Baldwin,CON,1,33,1,#00539f
Baldwin,CON,1,34,1,#00539f
Baldwin,CON,1,35,1,#00539f
Baldwin,CON,1,36,1,#00539f
Baldwin,CON,1,37,1,#00539f
Baldwin,CON,1,38,1,#00539f
Baldwin,CON,1,39,1,#00539f
Baldwin,CON,1,40,1,#00539f
Baldwin,CON,1,41,1,#00539f
Baldwin,CON,2,42,1,#00539f
Baldwin,CON,2,43,2,#00539f
Baldwin,CON,2,44,2,#00539f
Baldwin,CON,2,45,2,#00539f
Baldwin,CON,2,46,2,#00539f
Baldwin,CON,2,47,2,#00539f
Baldwin,CON,2,48,2,#00539f
Baldwin,CON,2,49,2,#00539f
Baldwin,CON,2,50,2,#00539f
Baldwin,CON,2,51,2,#00539f
Baldwin,CON,2,52,2,#00539f
Baldwin,CON,2,53,2,#00539f
Baldwin,CON,2,54,2,#00539f
Baldwin,CON,2,55,2,#00539f
Baldwin,CON,2,56,2,#00539f
Baldwin,CON,2,57,2,#00539f
Baldwin,CON,2,58,2,#00539f
Baldwin,CON,2,59,2,#00539f
Baldwin,CON,2,60,2,#00539f
Baldwin,CON,2,61,2,#00539f
Baldwin,CON,3,62,2,#00539f
Baldwin,CON,3,63,3,#00539f
Baldwin,CON,3,64,3,#00539f
Baldwin,CON,3,65,3,#00539f
Baldwin,CON,3,66,3,#00539f
Baldwin,CON,4,67,3,#00539f
Baldwin,CON,4,68,4,#00539f
Baldwin,CON,4,69,4,#00539f
Baldwin,CON,4,70,4,#00539f
Baldwin,CON,4,71,4,#00539f
Baldwin,CON,4,72,4,#00539f
Baldwin,CON,4,73,4,#00539f
Baldwin,CON,4,74,4,#00539f
Baldwin,CON,4,75,4,#00539f
Baldwin,CON,4,76,4,#00539f
Baldwin,CON,4,77,4,#00539f
Baldwin,CON,4,78,4,#00539f
Baldwin,CON,4,79,4,#00539f
Baldwin,CON,4,80,4,#00539f
Baldwin,CON,4,81,4,#00539f
Baldwin,CON,4,82,4,#00539f
Baldwin,CON,4,83,4,#00539f
Baldwin,CON,4,84,4,#00539f
Baldwin,CON,4,85,4,#00539f
Baldwin,CON,4,86,4,#00539f
Baldwin,CON,4,87,4,#00539f
Baldwin,CON,4,88,4,#00539f
Baldwin,CON,4,89,4,#00539f
Baldwin,CON,4,90,4,#00539f
Baldwin,CON,4,91,4,#00539f
Baldwin,CON,4,92,4,#00539f
Baldwin,CON,4,93,4,#00539f
Baldwin,CON,4,94,4,#00539f
Baldwin,CON,4,95,4,#00539f
Baldwin,CON,4,96,4,#00539f
Baldwin,CON,4,97,4,#00539f
Baldwin,CON,4,98,4,#00539f
Baldwin,CON,4,99,4,#00539f
Baldwin,CON,4,100,4,#00539f
Baldwin,CON,4,101,4,#00539f
Baldwin,CON,4,102,4,#00539f
Baldwin,CON,4,103,4,#00539f
Baldwin,CON,4,104,4,#00539f
Baldwin,CON,4,105,4,#00539f
Baldwin,CON,4,106,4,#00539f
Baldwin,CON,4,107,4,#00539f
Baldwin,CON,4,108,4,#00539f
Baldwin,CON,4,109,4,#00539f
Baldwin,CON,4,110,4,#00539f
Baldwin,CON,4,111,4,#00539f
Baldwin,CON,4,112,4,#00539f
Baldwin,CON,4,113,4,#00539f
Baldwin,CON,4,114,4,#00539f
Baldwin,CON,4,115,4,#00539f
Baldwin,CON,4,116,4,#00539f
Baldwin,CON,4,117,4,#00539f
Baldwin,CON,4,118,4,#00539f
Baldwin,CON,4,119,4,#00539f
Baldwin,CON,4,120,4,#00539f
Baldwin,CON,4,121,4,#00539f
Baldwin,CON,4,122,4,#00539f
Baldwin,CON,4,123,4,#00539f
Baldwin,CON,4,124,4,#00539f
Baldwin,CON,4,125,4,#00539f
Baldwin,CON,4,126,4,#00539f
Baldwin,CON,4,127,4,#00539f
Baldwin,CON,4,128,4,#00539f
Baldwin,CON,4,129,4,#00539f
Baldwin,CON,4,130,4,#00539f
Baldwin,CON,4,131,4,#00539f
Baldwin,CON,4,132,4,#00539f
Baldwin,CON,4,133,4,#00539f
Baldwin,CON,4,134,4,#00539f
Baldwin,CON,4,135,4,#00539f
Baldwin,CON,4,136,4,#00539f
Baldwin,CON,4,137,4,#00539f
Baldwin,CON,4,138,4,#00539f
Baldwin,CON,4,139,4,#00539f
Baldwin,CON,4,140,4,#00539f
Macdonald,LAB,0,1,1,#ee3224
Macdonald,LAB,0,2,1,#ee3224
Macdonald,LAB,0,3,1,#ee3224
Macdonald,LAB,0,4,1,#ee3224
Macdonald,LAB,0,5,1,#ee3224
Macdonald,LAB,0,6,1,#ee3224
Macdonald,LAB,0,7,1,#ee3224
Macdonald,LAB,0,8,1,#ee3224
Macdonald,LAB,0,9,1,#ee3224
Macdonald,LAB,0,10,1,#ee3224
Macdonald,LAB,0,11,1,#ee3224
Macdonald,LAB,0,12,1,#ee3224
Macdonald,LAB,0,13,1,#ee3224
Macdonald,LAB,0,14,1,#ee3224
Macdonald,LAB,0,15,1,#ee3224
Macdonald,LAB,0,16,1,#ee3224
Macdonald,LAB,0,17,1,#ee3224
Macdonald,LAB,0,18,1,#ee3224
Macdonald,LAB,0,19,1,#ee3224
Macdonald,LAB,0,20,1,#ee3224
Macdonald,LAB,1,21,1,#ee3224
Macdonald,LAB,1,22,1,#ee3224
Macdonald,LAB,1,23,1,#ee3224
Macdonald,LAB,1,24,1,#ee3224
Macdonald,LAB,1,25,1,#ee3224
Macdonald,LAB,1,26,1,#ee3224
Macdonald,LAB,1,27,1,#ee3224
Macdonald,LAB,1,28,1,#ee3224
Macdonald,LAB,1,29,1,#ee3224
Macdonald,LAB,1,30,1,#ee3224
Macdonald,LAB,3,31,1,#ee3224
Macdonald,LAB,3,32,3,#ee3224
Macdonald,LAB,3,33,3,#ee3224
Macdonald,LAB,3,34,3,#ee3224
Macdonald,LAB,3,35,3,#ee3224
Macdonald,LAB,3,36,3,#ee3224
Macdonald,LAB,3,37,3,#ee3224
Macdonald,LAB,5,38,3,#ee3224
Macdonald,LAB,5,39,5,#ee3224
Macdonald,LAB,5,40,5,#ee3224
Macdonald,LAB,5,41,5,#ee3224
Macdonald,LAB,5,42,5,#ee3224
Macdonald,LAB,5,43,5,#ee3224
Macdonald,LAB,5,44,5,#ee3224
Macdonald,LAB,5,45,5,#ee3224
Macdonald,LAB,5,46,5,#ee3224
Macdonald,LAB,5,47,5,#ee3224
Macdonald,LAB,5,48,5,#ee3224
Macdonald,LAB,5,49,5,#ee3224
Macdonald,LAB,16,50,5,#ee3224
Macdonald,LAB,16,51,16,#ee3224
Macdonald,LAB,16,52,16,#ee3224
Macdonald,LAB,16,53,16,#ee3224
Macdonald,LAB,16,54,16,#ee3224
Macdonald,LAB,16,55,16,#ee3224
Macdonald,LAB,16,56,16,#ee3224
Macdonald,LAB,16,57,16,#ee3224
Macdonald,LAB,16,58,16,#ee3224
Macdonald,LAB,16,59,16,#ee3224
Macdonald,LAB,16,60,16,#ee3224
Macdonald,LAB,16,61,16,#ee3224
Macdonald,LAB,16,62,16,#ee3224
Macdonald,LAB,16,63,16,#ee3224
Macdonald,LAB,16,64,16,#ee3224
Macdonald,LAB,16,65,16,#ee3224
Macdonald,LAB,16,66,16,#ee3224
Macdonald,LAB,16,67,16,#ee3224
Macdonald,LAB,16,68,16,#ee3224
Macdonald,LAB,16,69,16,#ee3224
Macdonald,LAB,16,70,16,#ee3224
Macdonald,LAB,16,71,16,#ee3224
Macdonald,LAB,16,72,16,#ee3224
Macdonald,LAB,16,73,16,#ee3224
Macdonald,LAB,16,74,16,#ee3224
Macdonald,LAB,16,75,16,#ee3224
Macdonald,LAB,16,76,16,#ee3224
Macdonald,LAB,16,77,16,#ee3224
Macdonald,LAB,16,78,16,#ee3224
Macdonald,LAB,16,79,16,#ee3224
Macdonald,LAB,16,80,16,#ee3224
Macdonald,LAB,16,81,16,#ee3224
Macdonald,LAB,16,82,16,#ee3224
Macdonald,LAB,16,83,16,#ee3224
Macdonald,LAB,16,84,16,#ee3224
Macdonald,LAB,16,85,16,#ee3224
Macdonald,LAB,16,86,16,#ee3224
Macdonald,LAB,16,87,16,#ee3224
Macdonald,LAB,16,88,16,#ee3224
Macdonald,LAB,16,89,16,#ee3224
Macdonald,LAB,16,90,16,#ee3224
Macdonald,LAB,16,91,16,#ee3224
Macdonald,LAB,16,92,16,#ee3224
Macdonald,LAB,16,93,16,#ee3224
Macdonald,LAB,16,94,16,#ee3224
Macdonald,LAB,16,95,16,#ee3224
Macdonald,LAB,16,96,16,#ee3224
Macdonald,LAB,16,97,16,#ee3224
Macdonald,LAB,16,98,16,#ee3224
Macdonald,LAB,16,99,16,#ee3224
Macdonald,LAB,16,100,16,#ee3224
Macdonald,LAB,16,101,16,#ee3224
Macdonald,LAB,16,102,16,#ee3224
Macdonald,LAB,16,103,16,#ee3224
Macdonald,LAB,16,104,16,#ee3224
Macdonald,LAB,16,105,16,#ee3224
Macdonald,LAB,16,106,16,#ee3224
Macdonald,LAB,16,107,16,#ee3224
Macdonald,LAB,16,108,16,#ee3224
Macdonald,LAB,16,109,16,#ee3224
Macdonald,LAB,16,110,16,#ee3224
Macdonald,LAB,16,111,16,#ee3224
Macdonald,LAB,16,112,16,#ee3224
Macdonald,LAB,16,113,16,#ee3224
Macdonald,LAB,16,114,16,#ee3224
Macdonald,LAB,16,115,16,#ee3224
Macdonald,LAB,16,116,16,#ee3224
Macdonald,LAB,16,117,16,#ee3224
Macdonald,LAB,16,118,16,#ee3224
Macdonald,LAB,16,119,16,#ee3224
Macdonald,LAB,16,120,16,#ee3224
Macdonald,LAB,16,121,16,#ee3224
Macdonald,LAB,16,122,16,#ee3224
Macdonald,LAB,16,123,16,#ee3224
Macdonald,LAB,16,124,16,#ee3224
Macdonald,LAB,16,125,16,#ee3224
Macdonald,LAB,16,126,16,#ee3224
Macdonald,LAB,16,127,16,#ee3224
Macdonald,LAB,16,128,16,#ee3224
Macdonald,LAB,16,129,16,#ee3224
Macdonald,LAB,16,130,16,#ee3224
Macdonald,LAB,16,131,16,#ee3224
Macdonald,LAB,16,132,16,#ee3224
Macdonald,LAB,16,133,16,#ee3224
Macdonald,LAB,16,134,16,#ee3224
Macdonald,LAB,16,135,16,#ee3224
Macdonald,LAB,16,136,16,#ee3224
Macdonald,LAB,16,137,16,#ee3224
Macdonald,LAB,16,138,16,#ee3224
Macdonald,LAB,16,139,16,#ee3224
Macdonald,LAB,16,140,16,#ee3224
Chamberlain,CON,0,1,1,#00539f
Chamberlain,CON,0,2,1,#00539f
Chamberlain,CON,0,3,1,#00539f
Chamberlain,CON,0,4,1,#00539f
Chamberlain,CON,0,5,1,#00539f
Chamberlain,CON,0,6,1,#00539f
Chamberlain,CON,0,7,1,#00539f
Chamberlain,CON,0,8,1,#00539f
Chamberlain,CON,2,9,1,#00539f
Chamberlain,CON,2,10,2,#00539f
Chamberlain,CON,2,11,2,#00539f
Chamberlain,CON,4,12,2,#00539f
Chamberlain,CON,4,13,4,#00539f
Chamberlain,CON,4,14,4,#00539f
Chamberlain,CON,4,15,4,#00539f
Chamberlain,CON,4,16,4,#00539f
Chamberlain,CON,5,17,4,#00539f
Chamberlain,CON,5,18,5,#00539f
Chamberlain,CON,5,19,5,#00539f
Chamberlain,CON,5,20,5,#00539f
Chamberlain,CON,5,21,5,#00539f
Chamberlain,CON,5,22,5,#00539f
Chamberlain,CON,5,23,5,#00539f
Chamberlain,CON,5,24,5,#00539f
Chamberlain,CON,5,25,5,#00539f
Chamberlain,CON,5,26,5,#00539f
Chamberlain,CON,5,27,5,#00539f
Chamberlain,CON,5,28,5,#00539f
Chamberlain,CON,5,29,5,#00539f
Chamberlain,CON,5,30,5,#00539f
Chamberlain,CON,5,31,5,#00539f
Chamberlain,CON,5,32,5,#00539f
Chamberlain,CON,5,33,5,#00539f
Chamberlain,CON,5,34,5,#00539f
Chamberlain,CON,5,35,5,#00539f
Chamberlain,CON,5,36,5,#00539f
Chamberlain,CON,5,37,5,#00539f
Chamberlain,CON,5,38,5,#00539f
Chamberlain,CON,5,39,5,#00539f
Chamberlain,CON,5,40,5,#00539f
Chamberlain,CON,5,41,5,#00539f
Chamberlain,CON,5,42,5,#00539f
Chamberlain,CON,5,43,5,#00539f
Chamberlain,CON,5,44,5,#00539f
Chamberlain,CON,5,45,5,#00539f
Chamberlain,CON,5,46,5,#00539f
Chamberlain,CON,5,47,5,#00539f
Chamberlain,CON,5,48,5,#00539f
Chamberlain,CON,5,49,5,#00539f
Chamberlain,CON,5,50,5,#00539f
Chamberlain,CON,5,51,5,#00539f
Chamberlain,CON,5,52,5,#00539f
Chamberlain,CON,5,53,5,#00539f
Chamberlain,CON,5,54,5,#00539f
Chamberlain,CON,5,55,5,#00539f
Chamberlain,CON,5,56,5,#00539f
Chamberlain,CON,5,57,5,#00539f
Chamberlain,CON,5,58,5,#00539f
Chamberlain,CON,5,59,5,#00539f
Chamberlain,CON,5,60,5,#00539f
Chamberlain,CON,5,61,5,#00539f
Chamberlain,CON,5,62,5,#00539f
Chamberlain,CON,5,63,5,#00539f
Chamberlain,CON,5,64,5,#00539f
Chamberlain,CON,5,65,5,#00539f
Chamberlain,CON,5,66,5,#00539f
Chamberlain,CON,5,67,5,#00539f
Chamberlain,CON,5,68,5,#00539f
Chamberlain,CON,5,69,5,#00539f
Chamberlain,CON,5,70,5,#00539f
Chamberlain,CON,5,71,5,#00539f
Chamberlain,CON,5,72,5,#00539f
Chamberlain,CON,5,73,5,#00539f
Chamberlain,CON,5,74,5,#00539f
Chamberlain,CON,5,75,5,#00539f
Chamberlain,CON,5,76,5,#00539f
Chamberlain,CON,5,77,5,#00539f
Chamberlain,CON,5,78,5,#00539f
Chamberlain,CON,5,79,5,#00539f
Chamberlain,CON,5,80,5,#00539f
Chamberlain,CON,5,81,5,#00539f
Chamberlain,CON,5,82,5,#00539f
Chamberlain,CON,5,83,5,#00539f
Chamberlain,CON,5,84,5,#00539f
Chamberlain,CON,5,85,5,#00539f
Chamberlain,CON,5,86,5,#00539f
Chamberlain,CON,5,87,5,#00539f
Chamberlain,CON,5,88,5,#00539f
Chamberlain,CON,5,89,5,#00539f
Chamberlain,CON,5,90,5,#00539f
Chamberlain,CON,5,91,5,#00539f
Chamberlain,CON,5,92,5,#00539f
Chamberlain,CON,5,93,5,#00539f
Chamberlain,CON,5,94,5,#00539f
Chamberlain,CON,5,95,5,#00539f
Chamberlain,CON,5,96,5,#00539f
Chamberlain,CON,5,97,5,#00539f
Chamberlain,CON,5,98,5,#00539f
Chamberlain,CON,5,99,5,#00539f
Chamberlain,CON,5,100,5,#00539f
Chamberlain,CON,5,101,5,#00539f
Chamberlain,CON,5,102,5,#00539f
Chamberlain,CON,5,103,5,#00539f
Chamberlain,CON,5,104,5,#00539f
Chamberlain,CON,5,105,5,#00539f
Chamberlain,CON,5,106,5,#00539f
Chamberlain,CON,5,107,5,#00539f
Chamberlain,CON,5,108,5,#00539f
Chamberlain,CON,5,109,5,#00539f
Chamberlain,CON,5,110,5,#00539f
Chamberlain,CON,5,111,5,#00539f
Chamberlain,CON,5,112,5,#00539f
Chamberlain,CON,5,113,5,#00539f
Chamberlain,CON,5,114,5,#00539f
Chamberlain,CON,5,115,5,#00539f
Chamberlain,CON,5,116,5,#00539f
Chamberlain,CON,5,117,5,#00539f
Chamberlain,CON,5,118,5,#00539f
Chamberlain,CON,5,119,5,#00539f
Chamberlain,CON,5,120,5,#00539f
Chamberlain,CON,5,121,5,#00539f
Chamberlain,CON,5,122,5,#00539f
Chamberlain,CON,5,123,5,#00539f
Chamberlain,CON,5,124,5,#00539f
Chamberlain,CON,5,125,5,#00539f
Chamberlain,CON,5,126,5,#00539f
Chamberlain,CON,5,127,5,#00539f
Chamberlain,CON,5,128,5,#00539f
Chamberlain,CON,5,129,5,#00539f
Chamberlain,CON,5,130,5,#00539f
Chamberlain,CON,5,131,5,#00539f
Chamberlain,CON,5,132,5,#00539f
Chamberlain,CON,5,133,5,#00539f
Chamberlain,CON,5,134,5,#00539f
Chamberlain,CON,5,135,5,#00539f
Chamberlain,CON,5,136,5,#00539f
Chamberlain,CON,5,137,5,#00539f
Chamberlain,CON,5,138,5,#00539f
Chamberlain,CON,5,139,5,#00539f
Chamberlain,CON,5,140,5,#00539f
Churchill,CON,0,1,1,#00539f
Churchill,CON,0,2,1,#00539f
Churchill,CON,0,3,1,#00539f
Churchill,CON,0,4,1,#00539f
Churchill,CON,0,5,1,#00539f
Churchill,CON,0,6,1,#00539f
Churchill,CON,0,7,1,#00539f
Churchill,CON,0,8,1,#00539f
Churchill,CON,1,9,1,#00539f
Churchill,CON,1,10,1,#00539f
Churchill,CON,1,11,1,#00539f
Churchill,CON,1,12,1,#00539f
Churchill,CON,1,13,1,#00539f
Churchill,CON,1,14,1,#00539f
Churchill,CON,1,15,1,#00539f
Churchill,CON,1,16,1,#00539f
Churchill,CON,1,17,1,#00539f
Churchill,CON,1,18,1,#00539f
Churchill,CON,1,19,1,#00539f
Churchill,CON,1,20,1,#00539f
Churchill,CON,1,21,1,#00539f
Churchill,CON,1,22,1,#00539f
Churchill,CON,1,23,1,#00539f
Churchill,CON,1,24,1,#00539f
Churchill,CON,1,25,1,#00539f
Churchill,CON,1,26,1,#00539f
Churchill,CON,1,27,1,#00539f
Churchill,CON,1,28,1,#00539f
Churchill,CON,1,29,1,#00539f
Churchill,CON,1,30,1,#00539f
Churchill,CON,1,31,1,#00539f
Churchill,CON,1,32,1,#00539f
Churchill,CON,1,33,1,#00539f
Churchill,CON,1,34,1,#00539f
Churchill,CON,1,35,1,#00539f
Churchill,CON,1,36,1,#00539f
Churchill,CON,1,37,1,#00539f
Churchill,CON,1,38,1,#00539f
Churchill,CON,1,39,1,#00539f
Churchill,CON,1,40,1,#00539f
Churchill,CON,1,41,1,#00539f
Churchill,CON,1,42,1,#00539f
Churchill,CON,1,43,1,#00539f
Churchill,CON,1,44,1,#00539f
Churchill,CON,1,45,1,#00539f
Churchill,CON,1,46,1,#00539f
Churchill,CON,1,47,1,#00539f
Churchill,CON,1,48,1,#00539f
Churchill,CON,1,49,1,#00539f
Churchill,CON,1,50,1,#00539f
Churchill,CON,1,51,1,#00539f
Churchill,CON,1,52,1,#00539f
Churchill,CON,1,53,1,#00539f
Churchill,CON,1,54,1,#00539f
Churchill,CON,1,55,1,#00539f
Churchill,CON,1,56,1,#00539f
Churchill,CON,1,57,1,#00539f
Churchill,CON,2,58,1,#00539f
Churchill,CON,2,59,2,#00539f
Churchill,CON,2,60,2,#00539f
Churchill,CON,2,61,2,#00539f
Churchill,CON,2,62,2,#00539f
Churchill,CON,3,63,2,#00539f
Churchill,CON,3,64,3,#00539f
Churchill,CON,3,65,3,#00539f
Churchill,CON,3,66,3,#00539f
Churchill,CON,3,67,3,#00539f
Churchill,CON,3,68,3,#00539f
Churchill,CON,3,69,3,#00539f
Churchill,CON,3,70,3,#00539f
Churchill,CON,3,71,3,#00539f
Churchill,CON,3,72,3,#00539f
Churchill,CON,3,73,3,#00539f
Churchill,CON,3,74,3,#00539f
Churchill,CON,3,75,3,#00539f
Churchill,CON,3,76,3,#00539f
Churchill,CON,3,77,3,#00539f
Churchill,CON,3,78,3,#00539f
Churchill,CON,3,79,3,#00539f
Churchill,CON,3,80,3,#00539f
Churchill,CON,3,81,3,#00539f
Churchill,CON,3,82,3,#00539f
Churchill,CON,3,83,3,#00539f
Churchill,CON,3,84,3,#00539f
Churchill,CON,3,85,3,#00539f
Churchill,CON,3,86,3,#00539f
Churchill,CON,3,87,3,#00539f
Churchill,CON,3,88,3,#00539f
Churchill,CON,3,89,3,#00539f
Churchill,CON,3,90,3,#00539f
Churchill,CON,3,91,3,#00539f
Churchill,CON,3,92,3,#00539f
Churchill,CON,3,93,3,#00539f
Churchill,CON,3,94,3,#00539f
Churchill,CON,3,95,3,#00539f
Churchill,CON,4,96,3,#00539f
Churchill,CON,4,97,4,#00539f
Churchill,CON,4,98,4,#00539f
Churchill,CON,4,99,4,#00539f
Churchill,CON,4,100,4,#00539f
Churchill,CON,4,101,4,#00539f
Churchill,CON,4,102,4,#00539f
Churchill,CON,4,103,4,#00539f
Churchill,CON,4,104,4,#00539f
Churchill,CON,4,105,4,#00539f
Churchill,CON,4,106,4,#00539f
Churchill,CON,4,107,4,#00539f
Churchill,CON,4,108,4,#00539f
Churchill,CON,4,109,4,#00539f
Churchill,CON,4,110,4,#00539f
Churchill,CON,4,111,4,#00539f
Churchill,CON,4,112,4,#00539f
Churchill,CON,4,113,4,#00539f
Churchill,CON,4,114,4,#00539f
Churchill,CON,4,115,4,#00539f
Churchill,CON,4,116,4,#00539f
Churchill,CON,4,117,4,#00539f
Churchill,CON,4,118,4,#00539f
Churchill,CON,4,119,4,#00539f
Churchill,CON,4,120,4,#00539f
Churchill,CON,4,121,4,#00539f
Churchill,CON,4,122,4,#00539f
Churchill,CON,4,123,4,#00539f
Churchill,CON,4,124,4,#00539f
Churchill,CON,4,125,4,#00539f
Churchill,CON,4,126,4,#00539f
Churchill,CON,4,127,4,#00539f
Churchill,CON,4,128,4,#00539f
Churchill,CON,4,129,4,#00539f
Churchill,CON,4,130,4,#00539f
Churchill,CON,4,131,4,#00539f
Churchill,CON,4,132,4,#00539f
Churchill,CON,4,133,4,#00539f
Churchill,CON,4,134,4,#00539f
Churchill,CON,4,135,4,#00539f
Churchill,CON,4,136,4,#00539f
Churchill,CON,4,137,4,#00539f
Churchill,CON,4,138,4,#00539f
Churchill,CON,4,139,4,#00539f
Churchill,CON,4,140,4,#00539f
Attlee,LAB,0,1,1,#ee3224
Attlee,LAB,0,2,1,#ee3224
Attlee,LAB,0,3,1,#ee3224
Attlee,LAB,0,4,1,#ee3224
Attlee,LAB,0,5,1,#ee3224
Attlee,LAB,0,6,1,#ee3224
Attlee,LAB,0,7,1,#ee3224
Attlee,LAB,0,8,1,#ee3224
Attlee,LAB,0,9,1,#ee3224
Attlee,LAB,0,10,1,#ee3224
Attlee,LAB,1,11,1,#ee3224
Attlee,LAB,1,12,1,#ee3224
Attlee,LAB,1,13,1,#ee3224
Attlee,LAB,1,14,1,#ee3224
Attlee,LAB,1,15,1,#ee3224
Attlee,LAB,1,16,1,#ee3224
Attlee,LAB,1,17,1,#ee3224
Attlee,LAB,1,18,1,#ee3224
Attlee,LAB,1,19,1,#ee3224
Attlee,LAB,1,20,1,#ee3224
Attlee,LAB,1,21,1,#ee3224
Attlee,LAB,1,22,1,#ee3224
Attlee,LAB,1,23,1,#ee3224
Attlee,LAB,1,24,1,#ee3224
Attlee,LAB,1,25,1,#ee3224
Attlee,LAB,1,26,1,#ee3224
Attlee,LAB,1,27,1,#ee3224
Attlee,LAB,2,28,1,#ee3224
Attlee,LAB,2,29,2,#ee3224
Attlee,LAB,2,30,2,#ee3224
Attlee,LAB,2,31,2,#ee3224
Attlee,LAB,2,32,2,#ee3224
Attlee,LAB,2,33,2,#ee3224
Attlee,LAB,2,34,2,#ee3224
Attlee,LAB,2,35,2,#ee3224
Attlee,LAB,2,36,2,#ee3224
Attlee,LAB,2,37,2,#ee3224
Attlee,LAB,2,38,2,#ee3224
Attlee,LAB,2,39,2,#ee3224
Attlee,LAB,2,40,2,#ee3224
Attlee,LAB,3,41,2,#ee3224
Attlee,LAB,3,42,3,#ee3224
Attlee,LAB,3,43,3,#ee3224
Attlee,LAB,3,44,3,#ee3224
Attlee,LAB,3,45,3,#ee3224
Attlee,LAB,3,46,3,#ee3224
Attlee,LAB,3,47,3,#ee3224
Attlee,LAB,3,48,3,#ee3224
Attlee,LAB,3,49,3,#ee3224
Attlee,LAB,3,50,3,#ee3224
Attlee,LAB,3,51,3,#ee3224
Attlee,LAB,3,52,3,#ee3224
Attlee,LAB,3,53,3,#ee3224
Attlee,LAB,3,54,3,#ee3224
Attlee,LAB,3,55,3,#ee3224
Attlee,LAB,3,56,3,#ee3224
Attlee,LAB,4,57,3,#ee3224
Attlee,LAB,4,58,4,#ee3224
Attlee,LAB,4,59,4,#ee3224
Attlee,LAB,4,60,4,#ee3224
Attlee,LAB,4,61,4,#ee3224
Attlee,LAB,4,62,4,#ee3224
Attlee,LAB,4,63,4,#ee3224
Attlee,LAB,4,64,4,#ee3224
Attlee,LAB,4,65,4,#ee3224
Attlee,LAB,4,66,4,#ee3224
Attlee,LAB,4,67,4,#ee3224
Attlee,LAB,4,68,4,#ee3224
Attlee,LAB,7,69,4,#ee3224
Attlee,LAB,7,70,7,#ee3224
Attlee,LAB,7,71,7,#ee3224
Attlee,LAB,7,72,7,#ee3224
Attlee,LAB,7,73,7,#ee3224
Attlee,LAB,7,74,7,#ee3224
Attlee,LAB,7,75,7,#ee3224
Attlee,LAB,7,76,7,#ee3224
Attlee,LAB,7,77,7,#ee3224
Attlee,LAB,7,78,7,#ee3224
Attlee,LAB,7,79,7,#ee3224
Attlee,LAB,7,80,7,#ee3224
Attlee,LAB,7,81,7,#ee3224
Attlee,LAB,7,82,7,#ee3224
Attlee,LAB,7,83,7,#ee3224
Attlee,LAB,7,84,7,#ee3224
Attlee,LAB,7,85,7,#ee3224
Attlee,LAB,7,86,7,#ee3224
Attlee,LAB,7,87,7,#ee3224
Attlee,LAB,7,88,7,#ee3224
Attlee,LAB,7,89,7,#ee3224
Attlee,LAB,7,90,7,#ee3224
Attlee,LAB,7,91,7,#ee3224
Attlee,LAB,7,92,7,#ee3224
Attlee,LAB,7,93,7,#ee3224
Attlee,LAB,7,94,7,#ee3224
Attlee,LAB,7,95,7,#ee3224
Attlee,LAB,7,96,7,#ee3224
Attlee,LAB,7,97,7,#ee3224
Attlee,LAB,7,98,7,#ee3224
Attlee,LAB,7,99,7,#ee3224
Attlee,LAB,7,100,7,#ee3224
Attlee,LAB,7,101,7,#ee3224
Attlee,LAB,7,102,7,#ee3224
Attlee,LAB,7,103,7,#ee3224
Attlee,LAB,7,104,7,#ee3224
Attlee,LAB,7,105,7,#ee3224
Attlee,LAB,7,106,7,#ee3224
Attlee,LAB,7,107,7,#ee3224
Attlee,LAB,7,108,7,#ee3224
Attlee,LAB,7,109,7,#ee3224
Attlee,LAB,7,110,7,#ee3224
Attlee,LAB,7,111,7,#ee3224
Attlee,LAB,7,112,7,#ee3224
Attlee,LAB,7,113,7,#ee3224
Attlee,LAB,7,114,7,#ee3224
Attlee,LAB,7,115,7,#ee3224
Attlee,LAB,7,116,7,#ee3224
Attlee,LAB,7,117,7,#ee3224
Attlee,LAB,7,118,7,#ee3224
Attlee,LAB,7,119,7,#ee3224
Attlee,LAB,7,120,7,#ee3224
Attlee,LAB,7,121,7,#ee3224
Attlee,LAB,7,122,7,#ee3224
Attlee,LAB,7,123,7,#ee3224
Attlee,LAB,7,124,7,#ee3224
Attlee,LAB,7,125,7,#ee3224
Attlee,LAB,7,126,7,#ee3224
Attlee,LAB,7,127,7,#ee3224
Attlee,LAB,7,128,7,#ee3224
Attlee,LAB,7,129,7,#ee3224
Attlee,LAB,7,130,7,#ee3224
Attlee,LAB,7,131,7,#ee3224
Attlee,LAB,7,132,7,#ee3224
Attlee,LAB,7,133,7,#ee3224
Attlee,LAB,7,134,7,#ee3224
Attlee,LAB,7,135,7,#ee3224
Attlee,LAB,7,136,7,#ee3224
Attlee,LAB,7,137,7,#ee3224
Attlee,LAB,7,138,7,#ee3224
Attlee,LAB,7,139,7,#ee3224
Attlee,LAB,7,140,7,#ee3224
Eden,CON,0,1,1,#00539f
Eden,CON,0,2,1,#00539f
Eden,CON,0,3,1,#00539f
Eden,CON,0,4,1,#00539f
Eden,CON,0,5,1,#00539f
Eden,CON,0,6,1,#00539f
Eden,CON,0,7,1,#00539f
Eden,CON,0,8,1,#00539f
Eden,CON,0,9,1,#00539f
Eden,CON,0,10,1,#00539f
Eden,CON,0,11,1,#00539f
Eden,CON,0,12,1,#00539f
Eden,CON,0,13,1,#00539f
Eden,CON,0,14,1,#00539f
Eden,CON,0,15,1,#00539f
Eden,CON,0,16,1,#00539f
Eden,CON,0,17,1,#00539f
Eden,CON,0,18,1,#00539f
Eden,CON,1,19,1,#00539f
Eden,CON,2,20,1,#00539f
Eden,CON,2,21,2,#00539f
Eden,CON,2,22,2,#00539f
Eden,CON,2,23,2,#00539f
Eden,CON,2,24,2,#00539f
Eden,CON,2,25,2,#00539f
Eden,CON,2,26,2,#00539f
Eden,CON,2,27,2,#00539f
Eden,CON,2,28,2,#00539f
Eden,CON,2,29,2,#00539f
Eden,CON,2,30,2,#00539f
Eden,CON,2,31,2,#00539f
Eden,CON,2,32,2,#00539f
Eden,CON,2,33,2,#00539f
Eden,CON,2,34,2,#00539f
Eden,CON,2,35,2,#00539f
Eden,CON,2,36,2,#00539f
Eden,CON,2,37,2,#00539f
Eden,CON,2,38,2,#00539f
Eden,CON,2,39,2,#00539f
Eden,CON,2,40,2,#00539f
Eden,CON,2,41,2,#00539f
Eden,CON,2,42,2,#00539f
Eden,CON,2,43,2,#00539f
Eden,CON,2,44,2,#00539f
Eden,CON,2,45,2,#00539f
Eden,CON,2,46,2,#00539f
Eden,CON,2,47,2,#00539f
Eden,CON,2,48,2,#00539f
Eden,CON,2,49,2,#00539f
Eden,CON,2,50,2,#00539f
Eden,CON,2,51,2,#00539f
Eden,CON,2,52,2,#00539f
Eden,CON,2,53,2,#00539f
Eden,CON,2,54,2,#00539f
Eden,CON,2,55,2,#00539f
Eden,CON,2,56,2,#00539f
Eden,CON,2,57,2,#00539f
Eden,CON,2,58,2,#00539f
Eden,CON,2,59,2,#00539f
Eden,CON,2,60,2,#00539f
Eden,CON,2,61,2,#00539f
Eden,CON,2,62,2,#00539f
Eden,CON,2,63,2,#00539f
Eden,CON,2,64,2,#00539f
Eden,CON,2,65,2,#00539f
Eden,CON,2,66,2,#00539f
Eden,CON,2,67,2,#00539f
Eden,CON,2,68,2,#00539f
Eden,CON,2,69,2,#00539f
Eden,CON,2,70,2,#00539f
Eden,CON,2,71,2,#00539f
Eden,CON,2,72,2,#00539f
Eden,CON,2,73,2,#00539f
Eden,CON,2,74,2,#00539f
Eden,CON,2,75,2,#00539f
Eden,CON,2,76,2,#00539f
Eden,CON,2,77,2,#00539f
Eden,CON,2,78,2,#00539f
Eden,CON,2,79,2,#00539f
Eden,CON,2,80,2,#00539f
Eden,CON,2,81,2,#00539f
Eden,CON,2,82,2,#00539f
Eden,CON,2,83,2,#00539f
Eden,CON,2,84,2,#00539f
Eden,CON,2,85,2,#00539f
Eden,CON,2,86,2,#00539f
Eden,CON,2,87,2,#00539f
Eden,CON,2,88,2,#00539f
Eden,CON,2,89,2,#00539f
Eden,CON,2,90,2,#00539f
Eden,CON,2,91,2,#00539f
Eden,CON,2,92,2,#00539f
Eden,CON,2,93,2,#00539f
Eden,CON,2,94,2,#00539f
Eden,CON,2,95,2,#00539f
Eden,CON,2,96,2,#00539f
Eden,CON,2,97,2,#00539f
Eden,CON,2,98,2,#00539f
Eden,CON,2,99,2,#00539f
Eden,CON,2,100,2,#00539f
Eden,CON,2,101,2,#00539f
Eden,CON,2,102,2,#00539f
Eden,CON,2,103,2,#00539f
Eden,CON,2,104,2,#00539f
Eden,CON,2,105,2,#00539f
Eden,CON,2,106,2,#00539f
Eden,CON,2,107,2,#00539f
Eden,CON,2,108,2,#00539f
Eden,CON,2,109,2,#00539f
Eden,CON,2,110,2,#00539f
Eden,CON,2,111,2,#00539f
Eden,CON,2,112,2,#00539f
Eden,CON,2,113,2,#00539f
Eden,CON,2,114,2,#00539f
Eden,CON,2,115,2,#00539f
Eden,CON,2,116,2,#00539f
Eden,CON,2,117,2,#00539f
Eden,CON,2,118,2,#00539f
Eden,CON,2,119,2,#00539f
Eden,CON,2,120,2,#00539f
Eden,CON,2,121,2,#00539f
Eden,CON,2,122,2,#00539f
Eden,CON,2,123,2,#00539f
Eden,CON,2,124,2,#00539f
Eden,CON,2,125,2,#00539f
Eden,CON,2,126,2,#00539f
Eden,CON,2,127,2,#00539f
Eden,CON,2,128,2,#00539f
Eden,CON,2,129,2,#00539f
Eden,CON,2,130,2,#00539f
Eden,CON,2,131,2,#00539f
Eden,CON,2,132,2,#00539f
Eden,CON,2,133,2,#00539f
Eden,CON,2,134,2,#00539f
Eden,CON,2,135,2,#00539f
Eden,CON,2,136,2,#00539f
Eden,CON,2,137,2,#00539f
Eden,CON,2,138,2,#00539f
Eden,CON,2,139,2,#00539f
Eden,CON,2,140,2,#00539f
Macmillan,CON,0,1,1,#00539f
Macmillan,CON,0,2,1,#00539f
Macmillan,CON,1,3,1,#00539f
Macmillan,CON,1,4,1,#00539f
Macmillan,CON,1,5,1,#00539f
Macmillan,CON,1,6,1,#00539f
Macmillan,CON,1,7,1,#00539f
Macmillan,CON,1,8,1,#00539f
Macmillan,CON,1,9,1,#00539f
Macmillan,CON,1,10,1,#00539f
Macmillan,CON,1,11,1,#00539f
Macmillan,CON,4,12,1,#00539f
Macmillan,CON,4,13,4,#00539f
Macmillan,CON,4,14,4,#00539f
Macmillan,CON,4,15,4,#00539f
Macmillan,CON,4,16,4,#00539f
Macmillan,CON,4,17,4,#00539f
Macmillan,CON,4,18,4,#00539f
Macmillan,CON,4,19,4,#00539f
Macmillan,CON,4,20,4,#00539f
Macmillan,CON,4,21,4,#00539f
Macmillan,CON,4,22,4,#00539f
Macmillan,CON,5,23,4,#00539f
Macmillan,CON,5,24,5,#00539f
Macmillan,CON,5,25,5,#00539f
Macmillan,CON,5,26,5,#00539f
Macmillan,CON,5,27,5,#00539f
Macmillan,CON,5,28,5,#00539f
Macmillan,CON,5,29,5,#00539f
Macmillan,CON,5,30,5,#00539f
Macmillan,CON,5,31,5,#00539f
Macmillan,CON,5,32,5,#00539f
Macmillan,CON,5,33,5,#00539f
Macmillan,CON,5,34,5,#00539f
Macmillan,CON,5,35,5,#00539f
Macmillan,CON,5,36,5,#00539f
Macmillan,CON,5,37,5,#00539f
Macmillan,CON,5,38,5,#00539f
Macmillan,CON,5,39,5,#00539f
Macmillan,CON,5,40,5,#00539f
Macmillan,CON,5,41,5,#00539f
Macmillan,CON,5,42,5,#00539f
Macmillan,CON,5,43,5,#00539f
Macmillan,CON,5,44,5,#00539f
Macmillan,CON,5,45,5,#00539f
Macmillan,CON,5,46,5,#00539f
Macmillan,CON,5,47,5,#00539f
Macmillan,CON,5,48,5,#00539f
Macmillan,CON,5,49,5,#00539f
Macmillan,CON,5,50,5,#00539f
Macmillan,CON,5,51,5,#00539f
Macmillan,CON,5,52,5,#00539f
Macmillan,CON,5,53,5,#00539f
Macmillan,CON,5,54,5,#00539f
Macmillan,CON,5,55,5,#00539f
Macmillan,CON,5,56,5,#00539f
Macmillan,CON,5,57,5,#00539f
Macmillan,CON,5,58,5,#00539f
Macmillan,CON,5,59,5,#00539f
Macmillan,CON,5,60,5,#00539f
Macmillan,CON,5,61,5,#00539f
Macmillan,CON,5,62,5,#00539f
Macmillan,CON,5,63,5,#00539f
Macmillan,CON,5,64,5,#00539f
Macmillan,CON,5,65,5,#00539f
Macmillan,CON,5,66,5,#00539f
Macmillan,CON,5,67,5,#00539f
Macmillan,CON,5,68,5,#00539f
Macmillan,CON,5,69,5,#00539f
Macmillan,CON,6,70,5,#00539f
Macmillan,CON,6,71,6,#00539f
Macmillan,CON,6,72,6,#00539f
Macmillan,CON,6,73,6,#00539f
Macmillan,CON,6,74,6,#00539f
Macmillan,CON,6,75,6,#00539f
Macmillan,CON,6,76,6,#00539f
Macmillan,CON,7,77,6,#00539f
Macmillan,CON,7,78,7,#00539f
Macmillan,CON,7,79,7,#00539f
Macmillan,CON,7,80,7,#00539f
Macmillan,CON,7,81,7,#00539f
Macmillan,CON,7,82,7,#00539f
Macmillan,CON,7,83,7,#00539f
Macmillan,CON,7,84,7,#00539f
Macmillan,CON,7,85,7,#00539f
Macmillan,CON,7,86,7,#00539f
Macmillan,CON,7,87,7,#00539f
Macmillan,CON,7,88,7,#00539f
Macmillan,CON,7,89,7,#00539f
Macmillan,CON,7,90,7,#00539f
Macmillan,CON,7,91,7,#00539f
Macmillan,CON,7,92,7,#00539f
Macmillan,CON,7,93,7,#00539f
Macmillan,CON,7,94,7,#00539f
Macmillan,CON,7,95,7,#00539f
Macmillan,CON,7,96,7,#00539f
Macmillan,CON,7,97,7,#00539f
Macmillan,CON,7,98,7,#00539f
Macmillan,CON,7,99,7,#00539f
Macmillan,CON,7,100,7,#00539f
Macmillan,CON,7,101,7,#00539f
Macmillan,CON,7,102,7,#00539f
Macmillan,CON,7,103,7,#00539f
Macmillan,CON,7,104,7,#00539f
Macmillan,CON,7,105,7,#00539f
Macmillan,CON,7,106,7,#00539f
Macmillan,CON,7,107,7,#00539f
Macmillan,CON,7,108,7,#00539f
Macmillan,CON,7,109,7,#00539f
Macmillan,CON,7,110,7,#00539f
Macmillan,CON,7,111,7,#00539f
Macmillan,CON,7,112,7,#00539f
Macmillan,CON,7,113,7,#00539f
Macmillan,CON,7,114,7,#00539f
Macmillan,CON,7,115,7,#00539f
Macmillan,CON,7,116,7,#00539f
Macmillan,CON,7,117,7,#00539f
Macmillan,CON,7,118,7,#00539f
Macmillan,CON,7,119,7,#00539f
Macmillan,CON,7,120,7,#00539f
Macmillan,CON,7,121,7,#00539f
Macmillan,CON,7,122,7,#00539f
Macmillan,CON,7,123,7,#00539f
Macmillan,CON,7,124,7,#00539f
Macmillan,CON,7,125,7,#00539f
Macmillan,CON,7,126,7,#00539f
Macmillan,CON,7,127,7,#00539f
Macmillan,CON,7,128,7,#00539f
Macmillan,CON,7,129,7,#00539f
Macmillan,CON,7,130,7,#00539f
Macmillan,CON,7,131,7,#00539f
Macmillan,CON,7,132,7,#00539f
Macmillan,CON,7,133,7,#00539f
Macmillan,CON,7,134,7,#00539f
Macmillan,CON,7,135,7,#00539f
Macmillan,CON,7,136,7,#00539f
Macmillan,CON,7,137,7,#00539f
Macmillan,CON,7,138,7,#00539f
Macmillan,CON,7,139,7,#00539f
Macmillan,CON,7,140,7,#00539f
Wilson,LAB,0,1,1,#ee3224
Wilson,LAB,0,2,1,#ee3224
Wilson,LAB,0,3,1,#ee3224
Wilson,LAB,0,4,1,#ee3224
Wilson,LAB,0,5,1,#ee3224
Wilson,LAB,0,6,1,#ee3224
Wilson,LAB,0,7,1,#ee3224
Wilson,LAB,0,8,1,#ee3224
Wilson,LAB,0,9,1,#ee3224
Wilson,LAB,0,10,1,#ee3224
Wilson,LAB,0,11,1,#ee3224
Wilson,LAB,0,12,1,#ee3224
Wilson,LAB,0,13,1,#ee3224
Wilson,LAB,0,14,1,#ee3224
Wilson,LAB,0,15,1,#ee3224
Wilson,LAB,0,16,1,#ee3224
Wilson,LAB,1,17,1,#ee3224
Wilson,LAB,1,18,1,#ee3224
Wilson,LAB,1,19,1,#ee3224
Wilson,LAB,1,20,1,#ee3224
Wilson,LAB,2,21,1,#ee3224
Wilson,LAB,2,22,2,#ee3224
Wilson,LAB,2,23,2,#ee3224
Wilson,LAB,2,24,2,#ee3224
Wilson,LAB,2,25,2,#ee3224
Wilson,LAB,2,26,2,#ee3224
Wilson,LAB,2,27,2,#ee3224
Wilson,LAB,2,28,2,#ee3224
Wilson,LAB,2,29,2,#ee3224
Wilson,LAB,2,30,2,#ee3224
Wilson,LAB,2,31,2,#ee3224
Wilson,LAB,2,32,2,#ee3224
Wilson,LAB,2,33,2,#ee3224
Wilson,LAB,3,34,2,#ee3224
Wilson,LAB,3,35,3,#ee3224
Wilson,LAB,3,36,3,#ee3224
Wilson,LAB,3,37,3,#ee3224
Wilson,LAB,3,38,3,#ee3224
Wilson,LAB,4,39,3,#ee3224
Wilson,LAB,5,40,4,#ee3224
Wilson,LAB,6,41,5,#ee3224
Wilson,LAB,7,42,6,#ee3224
Wilson,LAB,7,43,7,#ee3224
Wilson,LAB,7,44,7,#ee3224
Wilson,LAB,7,45,7,#ee3224
Wilson,LAB,7,46,7,#ee3224
Wilson,LAB,7,47,7,#ee3224
Wilson,LAB,7,48,7,#ee3224
Wilson,LAB,7,49,7,#ee3224
Wilson,LAB,7,50,7,#ee3224
Wilson,LAB,7,51,7,#ee3224
Wilson,LAB,7,52,7,#ee3224
Wilson,LAB,7,53,7,#ee3224
Wilson,LAB,7,54,7,#ee3224
Wilson,LAB,7,55,7,#ee3224
Wilson,LAB,7,56,7,#ee3224
Wilson,LAB,7,57,7,#ee3224
Wilson,LAB,7,58,7,#ee3224
Wilson,LAB,7,59,7,#ee3224
Wilson,LAB,8,60,7,#ee3224
Wilson,LAB,8,61,8,#ee3224
Wilson,LAB,8,62,8,#ee3224
Wilson,LAB,8,63,8,#ee3224
Wilson,LAB,8,64,8,#ee3224
Wilson,LAB,8,65,8,#ee3224
Wilson,LAB,8,66,8,#ee3224
Wilson,LAB,8,67,8,#ee3224
Wilson,LAB,8,68,8,#ee3224
Wilson,LAB,8,69,8,#ee3224
Wilson,LAB,8,70,8,#ee3224
Wilson,LAB,8,71,8,#ee3224
Wilson,LAB,8,72,8,#ee3224
Wilson,LAB,8,73,8,#ee3224
Wilson,LAB,8,74,8,#ee3224
Wilson,LAB,9,75,8,#ee3224
Wilson,LAB,10,76,9,#ee3224
Wilson,LAB,10,77,10,#ee3224
Wilson,LAB,10,78,10,#ee3224
Wilson,LAB,10,79,10,#ee3224
Wilson,LAB,10,80,10,#ee3224
Wilson,LAB,10,81,10,#ee3224
Wilson,LAB,10,82,10,#ee3224
Wilson,LAB,10,83,10,#ee3224
Wilson,LAB,10,84,10,#ee3224
Wilson,LAB,10,85,10,#ee3224
Wilson,LAB,10,86,10,#ee3224
Wilson,LAB,10,87,10,#ee3224
Wilson,LAB,10,88,10,#ee3224
Wilson,LAB,10,89,10,#ee3224
Wilson,LAB,10,90,10,#ee3224
Wilson,LAB,10,91,10,#ee3224
Wilson,LAB,11,92,10,#ee3224
Wilson,LAB,11,93,11,#ee3224
Wilson,LAB,11,94,11,#ee3224
Wilson,LAB,11,95,11,#ee3224
Wilson,LAB,11,96,11,#ee3224
Wilson,LAB,11,97,11,#ee3224
Wilson,LAB,11,98,11,#ee3224
Wilson,LAB,11,99,11,#ee3224
Wilson,LAB,11,100,11,#ee3224
Wilson,LAB,11,101,11,#ee3224
Wilson,LAB,11,102,11,#ee3224
Wilson,LAB,11,103,11,#ee3224
Wilson,LAB,11,104,11,#ee3224
Wilson,LAB,11,105,11,#ee3224
Wilson,LAB,11,106,11,#ee3224
Wilson,LAB,11,107,11,#ee3224
Wilson,LAB,11,108,11,#ee3224
Wilson,LAB,11,109,11,#ee3224
Wilson,LAB,11,110,11,#ee3224
Wilson,LAB,11,111,11,#ee3224
Wilson,LAB,11,112,11,#ee3224
Wilson,LAB,11,113,11,#ee3224
Wilson,LAB,11,114,11,#ee3224
Wilson,LAB,11,115,11,#ee3224
Wilson,LAB,11,116,11,#ee3224
Wilson,LAB,11,117,11,#ee3224
Wilson,LAB,11,118,11,#ee3224
Wilson,LAB,11,119,11,#ee3224
Wilson,LAB,11,120,11,#ee3224
Wilson,LAB,11,121,11,#ee3224
Wilson,LAB,11,122,11,#ee3224
Wilson,LAB,11,123,11,#ee3224
Wilson,LAB,11,124,11,#ee3224
Wilson,LAB,11,125,11,#ee3224
Wilson,LAB,11,126,11,#ee3224
Wilson,LAB,11,127,11,#ee3224
Wilson,LAB,11,128,11,#ee3224
Wilson,LAB,11,129,11,#ee3224
Wilson,LAB,11,130,11,#ee3224
Wilson,LAB,11,131,11,#ee3224
Wilson,LAB,11,132,11,#ee3224
Wilson,LAB,11,133,11,#ee3224
Wilson,LAB,11,134,11,#ee3224
Wilson,LAB,11,135,11,#ee3224
Wilson,LAB,11,136,11,#ee3224
Wilson,LAB,11,137,11,#ee3224
Wilson,LAB,11,138,11,#ee3224
Wilson,LAB,11,139,11,#ee3224
Wilson,LAB,11,140,11,#ee3224
Heath,CON,0,1,1,#00539f
Heath,CON,0,2,1,#00539f
Heath,CON,0,3,1,#00539f
Heath,CON,0,4,1,#00539f
Heath,CON,0,5,1,#00539f
Heath,CON,0,6,1,#00539f
Heath,CON,0,7,1,#00539f
Heath,CON,0,8,1,#00539f
Heath,CON,0,9,1,#00539f
Heath,CON,0,10,1,#00539f
Heath,CON,0,11,1,#00539f
Heath,CON,0,12,1,#00539f
Heath,CON,0,13,1,#00539f
Heath,CON,1,14,1,#00539f
Heath,CON,1,15,1,#00539f
Heath,CON,2,16,1,#00539f
Heath,CON,2,17,2,#00539f
Heath,CON,2,18,2,#00539f
Heath,CON,2,19,2,#00539f
Heath,CON,2,20,2,#00539f
Heath,CON,2,21,2,#00539f
Heath,CON,2,22,2,#00539f
Heath,CON,2,23,2,#00539f
Heath,CON,2,24,2,#00539f
Heath,CON,3,25,2,#00539f
Heath,CON,3,26,3,#00539f
Heath,CON,3,27,3,#00539f
Heath,CON,3,28,3,#00539f
Heath,CON,3,29,3,#00539f
Heath,CON,3,30,3,#00539f
Heath,CON,3,31,3,#00539f
Heath,CON,3,32,3,#00539f
Heath,CON,3,33,3,#00539f
Heath,CON,3,34,3,#00539f
Heath,CON,3,35,3,#00539f
Heath,CON,5,36,3,#00539f
Heath,CON,5,37,5,#00539f
Heath,CON,5,38,5,#00539f
Heath,CON,5,39,5,#00539f
Heath,CON,5,40,5,#00539f
Heath,CON,5,41,5,#00539f
Heath,CON,5,42,5,#00539f
Heath,CON,5,43,5,#00539f
Heath,CON,5,44,5,#00539f
Heath,CON,5,45,5,#00539f
Heath,CON,5,46,5,#00539f
Heath,CON,5,47,5,#00539f
Heath,CON,5,48,5,#00539f
Heath,CON,5,49,5,#00539f
Heath,CON,5,50,5,#00539f
Heath,CON,5,51,5,#00539f
Heath,CON,5,52,5,#00539f
Heath,CON,5,53,5,#00539f
Heath,CON,5,54,5,#00539f
Heath,CON,5,55,5,#00539f
Heath,CON,5,56,5,#00539f
Heath,CON,5,57,5,#00539f
Heath,CON,5,58,5,#00539f
Heath,CON,5,59,5,#00539f
Heath,CON,5,60,5,#00539f
Heath,CON,5,61,5,#00539f
Heath,CON,5,62,5,#00539f
Heath,CON,5,63,5,#00539f
Heath,CON,5,64,5,#00539f
Heath,CON,5,65,5,#00539f
Heath,CON,5,66,5,#00539f
Heath,CON,5,67,5,#00539f
Heath,CON,5,68,5,#00539f
Heath,CON,5,69,5,#00539f
Heath,CON,5,70,5,#00539f
Heath,CON,5,71,5,#00539f
Heath,CON,5,72,5,#00539f
Heath,CON,5,73,5,#00539f
Heath,CON,5,74,5,#00539f
Heath,CON,5,75,5,#00539f
Heath,CON,5,76,5,#00539f
Heath,CON,5,77,5,#00539f
Heath,CON,5,78,5,#00539f
Heath,CON,5,79,5,#00539f
Heath,CON,5,80,5,#00539f
Heath,CON,5,81,5,#00539f
Heath,CON,5,82,5,#00539f
Heath,CON,5,83,5,#00539f
Heath,CON,5,84,5,#00539f
Heath,CON,5,85,5,#00539f
Heath,CON,5,86,5,#00539f
Heath,CON,5,87,5,#00539f
Heath,CON,5,88,5,#00539f
Heath,CON,5,89,5,#00539f
Heath,CON,5,90,5,#00539f
Heath,CON,5,91,5,#00539f
Heath,CON,5,92,5,#00539f
Heath,CON,5,93,5,#00539f
Heath,CON,5,94,5,#00539f
Heath,CON,5,95,5,#00539f
Heath,CON,5,96,5,#00539f
Heath,CON,5,97,5,#00539f
Heath,CON,5,98,5,#00539f
Heath,CON,5,99,5,#00539f
Heath,CON,5,100,5,#00539f
Heath,CON,5,101,5,#00539f
Heath,CON,5,102,5,#00539f
Heath,CON,5,103,5,#00539f
Heath,CON,5,104,5,#00539f
Heath,CON,5,105,5,#00539f
Heath,CON,5,106,5,#00539f
Heath,CON,5,107,5,#00539f
Heath,CON,5,108,5,#00539f
Heath,CON,5,109,5,#00539f
Heath,CON,5,110,5,#00539f
Heath,CON,5,111,5,#00539f
Heath,CON,5,112,5,#00539f
Heath,CON,5,113,5,#00539f
Heath,CON,5,114,5,#00539f
Heath,CON,5,115,5,#00539f
Heath,CON,5,116,5,#00539f
Heath,CON,5,117,5,#00539f
Heath,CON,5,118,5,#00539f
Heath,CON,5,119,5,#00539f
Heath,CON,5,120,5,#00539f
Heath,CON,5,121,5,#00539f
Heath,CON,5,122,5,#00539f
Heath,CON,5,123,5,#00539f
Heath,CON,5,124,5,#00539f
Heath,CON,5,125,5,#00539f
Heath,CON,5,126,5,#00539f
Heath,CON,5,127,5,#00539f
Heath,CON,5,128,5,#00539f
Heath,CON,5,129,5,#00539f
Heath,CON,5,130,5,#00539f
Heath,CON,5,131,5,#00539f
Heath,CON,5,132,5,#00539f
Heath,CON,5,133,5,#00539f
Heath,CON,5,134,5,#00539f
Heath,CON,5,135,5,#00539f
Heath,CON,5,136,5,#00539f
Heath,CON,5,137,5,#00539f
Heath,CON,5,138,5,#00539f
Heath,CON,5,139,5,#00539f
Heath,CON,5,140,5,#00539f
Callaghan,LAB,0,1,1,#ee3224
Callaghan,LAB,0,2,1,#ee3224
Callaghan,LAB,0,3,1,#ee3224
Callaghan,LAB,0,4,1,#ee3224
Callaghan,LAB,0,5,1,#ee3224
Callaghan,LAB,0,6,1,#ee3224
Callaghan,LAB,0,7,1,#ee3224
Callaghan,LAB,0,8,1,#ee3224
Callaghan,LAB,1,9,1,#ee3224
Callaghan,LAB,1,10,1,#ee3224
Callaghan,LAB,1,11,1,#ee3224
Callaghan,LAB,1,12,1,#ee3224
Callaghan,LAB,1,13,1,#ee3224
Callaghan,LAB,1,14,1,#ee3224
Callaghan,LAB,1,15,1,#ee3224
Callaghan,LAB,1,16,1,#ee3224
Callaghan,LAB,1,17,1,#ee3224
Callaghan,LAB,1,18,1,#ee3224
Callaghan,LAB,1,19,1,#ee3224
Callaghan,LAB,2,20,1,#ee3224
Callaghan,LAB,2,21,2,#ee3224
Callaghan,LAB,2,22,2,#ee3224
Callaghan,LAB,2,23,2,#ee3224
Callaghan,LAB,2,24,2,#ee3224
Callaghan,LAB,2,25,2,#ee3224
Callaghan,LAB,2,26,2,#ee3224
Callaghan,LAB,2,27,2,#ee3224
Callaghan,LAB,2,28,2,#ee3224
Callaghan,LAB,2,29,2,#ee3224
Callaghan,LAB,2,30,2,#ee3224
Callaghan,LAB,2,31,2,#ee3224
Callaghan,LAB,3,32,2,#ee3224
Callaghan,LAB,3,33,3,#ee3224
Callaghan,LAB,4,34,3,#ee3224
Callaghan,LAB,4,35,4,#ee3224
Callaghan,LAB,4,36,4,#ee3224
Callaghan,LAB,4,37,4,#ee3224
Callaghan,LAB,4,38,4,#ee3224
Callaghan,LAB,4,39,4,#ee3224
Callaghan,LAB,4,40,4,#ee3224
Callaghan,LAB,4,41,4,#ee3224
Callaghan,LAB,4,42,4,#ee3224
Callaghan,LAB,4,43,4,#ee3224
Callaghan,LAB,4,44,4,#ee3224
Callaghan,LAB,4,45,4,#ee3224
Callaghan,LAB,4,46,4,#ee3224
Callaghan,LAB,4,47,4,#ee3224
Callaghan,LAB,4,48,4,#ee3224
Callaghan,LAB,4,49,4,#ee3224
Callaghan,LAB,4,50,4,#ee3224
Callaghan,LAB,4,51,4,#ee3224
Callaghan,LAB,4,52,4,#ee3224
Callaghan,LAB,4,53,4,#ee3224
Callaghan,LAB,4,54,4,#ee3224
Callaghan,LAB,4,55,4,#ee3224
Callaghan,LAB,4,56,4,#ee3224
Callaghan,LAB,4,57,4,#ee3224
Callaghan,LAB,4,58,4,#ee3224
Callaghan,LAB,4,59,4,#ee3224
Callaghan,LAB,4,60,4,#ee3224
Callaghan,LAB,4,61,4,#ee3224
Callaghan,LAB,4,62,4,#ee3224
Callaghan,LAB,4,63,4,#ee3224
Callaghan,LAB,4,64,4,#ee3224
Callaghan,LAB,4,65,4,#ee3224
Callaghan,LAB,4,66,4,#ee3224
Callaghan,LAB,4,67,4,#ee3224
Callaghan,LAB,4,68,4,#ee3224
Callaghan,LAB,4,69,4,#ee3224
Callaghan,LAB,4,70,4,#ee3224
Callaghan,LAB,4,71,4,#ee3224
Callaghan,LAB,4,72,4,#ee3224
Callaghan,LAB,4,73,4,#ee3224
Callaghan,LAB,4,74,4,#ee3224
Callaghan,LAB,4,75,4,#ee3224
Callaghan,LAB,4,76,4,#ee3224
Callaghan,LAB,4,77,4,#ee3224
Callaghan,LAB,4,78,4,#ee3224
Callaghan,LAB,4,79,4,#ee3224
Callaghan,LAB,4,80,4,#ee3224
Callaghan,LAB,4,81,4,#ee3224
Callaghan,LAB,4,82,4,#ee3224
Callaghan,LAB,4,83,4,#ee3224
Callaghan,LAB,4,84,4,#ee3224
Callaghan,LAB,4,85,4,#ee3224
Callaghan,LAB,4,86,4,#ee3224
Callaghan,LAB,4,87,4,#ee3224
Callaghan,LAB,4,88,4,#ee3224
Callaghan,LAB,4,89,4,#ee3224
Callaghan,LAB,4,90,4,#ee3224
Callaghan,LAB,4,91,4,#ee3224
Callaghan,LAB,4,92,4,#ee3224
Callaghan,LAB,4,93,4,#ee3224
Callaghan,LAB,4,94,4,#ee3224
Callaghan,LAB,4,95,4,#ee3224
Callaghan,LAB,4,96,4,#ee3224
Callaghan,LAB,4,97,4,#ee3224
Callaghan,LAB,4,98,4,#ee3224
Callaghan,LAB,4,99,4,#ee3224
Callaghan,LAB,4,100,4,#ee3224
Callaghan,LAB,4,101,4,#ee3224
Callaghan,LAB,4,102,4,#ee3224
Callaghan,LAB,4,103,4,#ee3224
Callaghan,LAB,4,104,4,#ee3224
Callaghan,LAB,4,105,4,#ee3224
Callaghan,LAB,4,106,4,#ee3224
Callaghan,LAB,4,107,4,#ee3224
Callaghan,LAB,4,108,4,#ee3224
Callaghan,LAB,4,109,4,#ee3224
Callaghan,LAB,4,110,4,#ee3224
Callaghan,LAB,4,111,4,#ee3224
Callaghan,LAB,4,112,4,#ee3224
Callaghan,LAB,4,113,4,#ee3224
Callaghan,LAB,4,114,4,#ee3224
Callaghan,LAB,4,115,4,#ee3224
Callaghan,LAB,4,116,4,#ee3224
Callaghan,LAB,4,117,4,#ee3224
Callaghan,LAB,4,118,4,#ee3224
Callaghan,LAB,4,119,4,#ee3224
Callaghan,LAB,4,120,4,#ee3224
Callaghan,LAB,4,121,4,#ee3224
Callaghan,LAB,4,122,4,#ee3224
Callaghan,LAB,4,123,4,#ee3224
Callaghan,LAB,4,124,4,#ee3224
Callaghan,LAB,4,125,4,#ee3224
Callaghan,LAB,4,126,4,#ee3224
Callaghan,LAB,4,127,4,#ee3224
Callaghan,LAB,4,128,4,#ee3224
Callaghan,LAB,4,129,4,#ee3224
Callaghan,LAB,4,130,4,#ee3224
Callaghan,LAB,4,131,4,#ee3224
Callaghan,LAB,4,132,4,#ee3224
Callaghan,LAB,4,133,4,#ee3224
Callaghan,LAB,4,134,4,#ee3224
Callaghan,LAB,4,135,4,#ee3224
Callaghan,LAB,4,136,4,#ee3224
Callaghan,LAB,4,137,4,#ee3224
Callaghan,LAB,4,138,4,#ee3224
Callaghan,LAB,4,139,4,#ee3224
Callaghan,LAB,4,140,4,#ee3224
Thatcher,CON,0,1,1,#00539f
Thatcher,CON,0,2,1,#00539f
Thatcher,CON,0,3,1,#00539f
Thatcher,CON,0,4,1,#00539f
Thatcher,CON,0,5,1,#00539f
Thatcher,CON,0,6,1,#00539f
Thatcher,CON,0,7,1,#00539f
Thatcher,CON,0,8,1,#00539f
Thatcher,CON,0,9,1,#00539f
Thatcher,CON,0,10,1,#00539f
Thatcher,CON,0,11,1,#00539f
Thatcher,CON,0,12,1,#00539f
Thatcher,CON,0,13,1,#00539f
Thatcher,CON,0,14,1,#00539f
Thatcher,CON,0,15,1,#00539f
Thatcher,CON,0,16,1,#00539f
Thatcher,CON,0,17,1,#00539f
Thatcher,CON,0,18,1,#00539f
Thatcher,CON,0,19,1,#00539f
Thatcher,CON,0,20,1,#00539f
Thatcher,CON,0,21,1,#00539f
Thatcher,CON,0,22,1,#00539f
Thatcher,CON,0,23,1,#00539f
Thatcher,CON,0,24,1,#00539f
Thatcher,CON,0,25,1,#00539f
Thatcher,CON,0,26,1,#00539f
Thatcher,CON,0,27,1,#00539f
Thatcher,CON,0,28,1,#00539f
Thatcher,CON,0,29,1,#00539f
Thatcher,CON,0,30,1,#00539f
Thatcher,CON,0,31,1,#00539f
Thatcher,CON,0,32,1,#00539f
Thatcher,CON,1,33,1,#00539f
Thatcher,CON,1,34,1,#00539f
Thatcher,CON,2,35,1,#00539f
Thatcher,CON,5,36,2,#00539f
Thatcher,CON,6,37,5,#00539f
Thatcher,CON,6,38,6,#00539f
Thatcher,CON,6,39,6,#00539f
Thatcher,CON,6,40,6,#00539f
Thatcher,CON,6,41,6,#00539f
Thatcher,CON,6,42,6,#00539f
Thatcher,CON,6,43,6,#00539f
Thatcher,CON,6,44,6,#00539f
Thatcher,CON,7,45,6,#00539f
Thatcher,CON,7,46,7,#00539f
Thatcher,CON,7,47,7,#00539f
Thatcher,CON,7,48,7,#00539f
Thatcher,CON,7,49,7,#00539f
Thatcher,CON,7,50,7,#00539f
Thatcher,CON,7,51,7,#00539f
Thatcher,CON,7,52,7,#00539f
Thatcher,CON,7,53,7,#00539f
Thatcher,CON,8,54,7,#00539f
Thatcher,CON,8,55,8,#00539f
Thatcher,CON,8,56,8,#00539f
Thatcher,CON,8,57,8,#00539f
Thatcher,CON,8,58,8,#00539f
Thatcher,CON,8,59,8,#00539f
Thatcher,CON,9,60,8,#00539f
Thatcher,CON,9,61,9,#00539f
Thatcher,CON,9,62,9,#00539f
Thatcher,CON,9,63,9,#00539f
Thatcher,CON,9,64,9,#00539f
Thatcher,CON,11,65,9,#00539f
Thatcher,CON,11,66,11,#00539f
Thatcher,CON,11,67,11,#00539f
Thatcher,CON,11,68,11,#00539f
Thatcher,CON,11,69,11,#00539f
Thatcher,CON,11,70,11,#00539f
Thatcher,CON,12,71,11,#00539f
Thatcher,CON,12,72,12,#00539f
Thatcher,CON,12,73,12,#00539f
Thatcher,CON,12,74,12,#00539f
Thatcher,CON,12,75,12,#00539f
Thatcher,CON,12,76,12,#00539f
Thatcher,CON,12,77,12,#00539f
Thatcher,CON,12,78,12,#00539f
Thatcher,CON,13,79,12,#00539f
Thatcher,CON,13,80,13,#00539f
Thatcher,CON,15,81,13,#00539f
Thatcher,CON,15,82,15,#00539f
Thatcher,CON,15,83,15,#00539f
Thatcher,CON,15,84,15,#00539f
Thatcher,CON,16,85,15,#00539f
Thatcher,CON,16,86,16,#00539f
Thatcher,CON,16,87,16,#00539f
Thatcher,CON,16,88,16,#00539f
Thatcher,CON,16,89,16,#00539f
Thatcher,CON,16,90,16,#00539f
Thatcher,CON,16,91,16,#00539f
Thatcher,CON,16,92,16,#00539f
Thatcher,CON,16,93,16,#00539f
Thatcher,CON,16,94,16,#00539f
Thatcher,CON,16,95,16,#00539f
Thatcher,CON,16,96,16,#00539f
Thatcher,CON,16,97,16,#00539f
Thatcher,CON,16,98,16,#00539f
Thatcher,CON,16,99,16,#00539f
Thatcher,CON,16,100,16,#00539f
Thatcher,CON,16,101,16,#00539f
Thatcher,CON,17,102,16,#00539f
Thatcher,CON,17,103,17,#00539f
Thatcher,CON,17,104,17,#00539f
Thatcher,CON,18,105,17,#00539f
Thatcher,CON,18,106,18,#00539f
Thatcher,CON,18,107,18,#00539f
Thatcher,CON,18,108,18,#00539f
Thatcher,CON,18,109,18,#00539f
Thatcher,CON,18,110,18,#00539f
Thatcher,CON,18,111,18,#00539f
Thatcher,CON,18,112,18,#00539f
Thatcher,CON,18,113,18,#00539f
Thatcher,CON,18,114,18,#00539f
Thatcher,CON,18,115,18,#00539f
Thatcher,CON,19,116,18,#00539f
Thatcher,CON,19,117,19,#00539f
Thatcher,CON,19,118,19,#00539f
Thatcher,CON,19,119,19,#00539f
Thatcher,CON,19,120,19,#00539f
Thatcher,CON,19,121,19,#00539f
Thatcher,CON,19,122,19,#00539f
Thatcher,CON,19,123,19,#00539f
Thatcher,CON,19,124,19,#00539f
Thatcher,CON,19,125,19,#00539f
Thatcher,CON,20,126,19,#00539f
Thatcher,CON,20,127,20,#00539f
Thatcher,CON,20,128,20,#00539f
Thatcher,CON,21,129,20,#00539f
Thatcher,CON,21,130,21,#00539f
Thatcher,CON,21,131,21,#00539f
Thatcher,CON,21,132,21,#00539f
Thatcher,CON,22,133,21,#00539f
Thatcher,CON,22,134,22,#00539f
Thatcher,CON,23,135,22,#00539f
Thatcher,CON,23,136,23,#00539f
Thatcher,CON,23,137,23,#00539f
Thatcher,CON,25,138,23,#00539f
Thatcher,CON,25,139,25,#00539f
Thatcher,CON,25,140,25,#00539f
Major,CON,0,1,1,#00539f
Major,CON,0,2,1,#00539f
Major,CON,0,3,1,#00539f
Major,CON,0,4,1,#00539f
Major,CON,0,5,1,#00539f
Major,CON,1,6,1,#00539f
Major,CON,1,7,1,#00539f
Major,CON,1,8,1,#00539f
Major,CON,1,9,1,#00539f
Major,CON,1,10,1,#00539f
Major,CON,1,11,1,#00539f
Major,CON,1,12,1,#00539f
Major,CON,1,13,1,#00539f
Major,CON,1,14,1,#00539f
Major,CON,1,15,1,#00539f
Major,CON,1,16,1,#00539f
Major,CON,1,17,1,#00539f
Major,CON,1,18,1,#00539f
Major,CON,1,19,1,#00539f
Major,CON,1,20,1,#00539f
Major,CON,1,21,1,#00539f
Major,CON,2,22,1,#00539f
Major,CON,2,23,2,#00539f
Major,CON,2,24,2,#00539f
Major,CON,3,25,2,#00539f
Major,CON,3,26,3,#00539f
Major,CON,3,27,3,#00539f
Major,CON,3,28,3,#00539f
Major,CON,3,29,3,#00539f
Major,CON,3,30,3,#00539f
Major,CON,4,31,3,#00539f
Major,CON,4,32,4,#00539f
Major,CON,4,33,4,#00539f
Major,CON,5,34,4,#00539f
Major,CON,5,35,5,#00539f
Major,CON,5,36,5,#00539f
Major,CON,5,37,5,#00539f
Major,CON,7,38,5,#00539f
Major,CON,7,39,7,#00539f
Major,CON,7,40,7,#00539f
Major,CON,7,41,7,#00539f
Major,CON,8,42,7,#00539f
Major,CON,8,43,8,#00539f
Major,CON,8,44,8,#00539f
Major,CON,8,45,8,#00539f
Major,CON,8,46,8,#00539f
Major,CON,10,47,8,#00539f
Major,CON,10,48,10,#00539f
Major,CON,10,49,10,#00539f
Major,CON,11,50,10,#00539f
Major,CON,13,51,11,#00539f
Major,CON,14,52,13,#00539f
Major,CON,14,53,14,#00539f
Major,CON,14,54,14,#00539f
Major,CON,15,55,14,#00539f
Major,CON,16,56,15,#00539f
Major,CON,16,57,16,#00539f
Major,CON,16,58,16,#00539f
Major,CON,17,59,16,#00539f
Major,CON,17,60,17,#00539f
Major,CON,17,61,17,#00539f
Major,CON,17,62,17,#00539f
Major,CON,17,63,17,#00539f
Major,CON,17,64,17,#00539f
Major,CON,17,65,17,#00539f
Major,CON,17,66,17,#00539f
Major,CON,18,67,17,#00539f
Major,CON,21,68,18,#00539f
Major,CON,21,69,21,#00539f
Major,CON,21,70,21,#00539f
Major,CON,21,71,21,#00539f
Major,CON,21,72,21,#00539f
Major,CON,22,73,21,#00539f
Major,CON,22,74,22,#00539f
Major,CON,22,75,22,#00539f
Major,CON,22,76,22,#00539f
Major,CON,22,77,22,#00539f
Major,CON,22,78,22,#00539f
Major,CON,22,79,22,#00539f
Major,CON,22,80,22,#00539f
Major,CON,22,81,22,#00539f
Major,CON,22,82,22,#00539f
Major,CON,22,83,22,#00539f
Major,CON,22,84,22,#00539f
Major,CON,22,85,22,#00539f
Major,CON,22,86,22,#00539f
Major,CON,22,87,22,#00539f
Major,CON,22,88,22,#00539f
Major,CON,22,89,22,#00539f
Major,CON,22,90,22,#00539f
Major,CON,22,91,22,#00539f
Major,CON,22,92,22,#00539f
Major,CON,22,93,22,#00539f
Major,CON,22,94,22,#00539f
Major,CON,22,95,22,#00539f
Major,CON,22,96,22,#00539f
Major,CON,22,97,22,#00539f
Major,CON,22,98,22,#00539f
Major,CON,22,99,22,#00539f
Major,CON,22,100,22,#00539f
Major,CON,22,101,22,#00539f
Major,CON,22,102,22,#00539f
Major,CON,22,103,22,#00539f
Major,CON,22,104,22,#00539f
Major,CON,22,105,22,#00539f
Major,CON,22,106,22,#00539f
Major,CON,22,107,22,#00539f
Major,CON,22,108,22,#00539f
Major,CON,22,109,22,#00539f
Major,CON,22,110,22,#00539f
Major,CON,22,111,22,#00539f
Major,CON,22,112,22,#00539f
Major,CON,22,113,22,#00539f
Major,CON,22,114,22,#00539f
Major,CON,22,115,22,#00539f
Major,CON,22,116,22,#00539f
Major,CON,22,117,22,#00539f
Major,CON,22,118,22,#00539f
Major,CON,22,119,22,#00539f
Major,CON,22,120,22,#00539f
Major,CON,22,121,22,#00539f
Major,CON,22,122,22,#00539f
Major,CON,22,123,22,#00539f
Major,CON,22,124,22,#00539f
Major,CON,22,125,22,#00539f
Major,CON,22,126,22,#00539f
Major,CON,22,127,22,#00539f
Major,CON,22,128,22,#00539f
Major,CON,22,129,22,#00539f
Major,CON,22,130,22,#00539f
Major,CON,22,131,22,#00539f
Major,CON,22,132,22,#00539f
Major,CON,22,133,22,#00539f
Major,CON,22,134,22,#00539f
Major,CON,22,135,22,#00539f
Major,CON,22,136,22,#00539f
Major,CON,22,137,22,#00539f
Major,CON,22,138,22,#00539f
Major,CON,22,139,22,#00539f
Major,CON,22,140,22,#00539f
Blair,LAB,1,1,1,#ee3224
Blair,LAB,1,2,1,#ee3224
Blair,LAB,1,3,1,#ee3224
Blair,LAB,1,4,1,#ee3224
Blair,LAB,1,5,1,#ee3224
Blair,LAB,1,6,1,#ee3224
Blair,LAB,1,7,1,#ee3224
Blair,LAB,2,8,1,#ee3224
Blair,LAB,2,9,2,#ee3224
Blair,LAB,2,10,2,#ee3224
Blair,LAB,2,11,2,#ee3224
Blair,LAB,2,12,2,#ee3224
Blair,LAB,2,13,2,#ee3224
Blair,LAB,2,14,2,#ee3224
Blair,LAB,2,15,2,#ee3224
Blair,LAB,2,16,2,#ee3224
Blair,LAB,2,17,2,#ee3224
Blair,LAB,3,18,2,#ee3224
Blair,LAB,3,19,3,#ee3224
Blair,LAB,5,20,3,#ee3224
Blair,LAB,5,21,5,#ee3224
Blair,LAB,5,22,5,#ee3224
Blair,LAB,5,23,5,#ee3224
Blair,LAB,6,24,5,#ee3224
Blair,LAB,7,25,6,#ee3224
Blair,LAB,7,26,7,#ee3224
Blair,LAB,8,27,7,#ee3224
Blair,LAB,8,28,8,#ee3224
Blair,LAB,8,29,8,#ee3224
Blair,LAB,8,30,8,#ee3224
Blair,LAB,8,31,8,#ee3224
Blair,LAB,10,32,8,#ee3224
Blair,LAB,11,33,10,#ee3224
Blair,LAB,11,34,11,#ee3224
Blair,LAB,11,35,11,#ee3224
Blair,LAB,11,36,11,#ee3224
Blair,LAB,11,37,11,#ee3224
Blair,LAB,11,38,11,#ee3224
Blair,LAB,11,39,11,#ee3224
Blair,LAB,11,40,11,#ee3224
Blair,LAB,11,41,11,#ee3224
Blair,LAB,11,42,11,#ee3224
Blair,LAB,11,43,11,#ee3224
Blair,LAB,11,44,11,#ee3224
Blair,LAB,12,45,11,#ee3224
Blair,LAB,12,46,12,#ee3224
Blair,LAB,12,47,12,#ee3224
Blair,LAB,12,48,12,#ee3224
Blair,LAB,12,49,12,#ee3224
Blair,LAB,12,50,12,#ee3224
Blair,LAB,12,51,12,#ee3224
Blair,LAB,12,52,12,#ee3224
Blair,LAB,12,53,12,#ee3224
Blair,LAB,12,54,12,#ee3224
Blair,LAB,13,55,12,#ee3224
Blair,LAB,13,56,13,#ee3224
Blair,LAB,13,57,13,#ee3224
Blair,LAB,13,58,13,#ee3224
Blair,LAB,13,59,13,#ee3224
Blair,LAB,13,60,13,#ee3224
Blair,LAB,14,61,13,#ee3224
Blair,LAB,14,62,14,#ee3224
Blair,LAB,14,63,14,#ee3224
Blair,LAB,14,64,14,#ee3224
Blair,LAB,14,65,14,#ee3224
Blair,LAB,15,66,14,#ee3224
Blair,LAB,15,67,15,#ee3224
Blair,LAB,15,68,15,#ee3224
Blair,LAB,15,69,15,#ee3224
Blair,LAB,15,70,15,#ee3224
Blair,LAB,18,71,15,#ee3224
Blair,LAB,18,72,18,#ee3224
Blair,LAB,19,73,18,#ee3224
Blair,LAB,19,74,19,#ee3224
Blair,LAB,20,75,19,#ee3224
Blair,LAB,20,76,20,#ee3224
Blair,LAB,20,77,20,#ee3224
Blair,LAB,20,78,20,#ee3224
Blair,LAB,20,79,20,#ee3224
Blair,LAB,20,80,20,#ee3224
Blair,LAB,20,81,20,#ee3224
Blair,LAB,20,82,20,#ee3224
Blair,LAB,21,83,20,#ee3224
Blair,LAB,21,84,21,#ee3224
Blair,LAB,21,85,21,#ee3224
Blair,LAB,21,86,21,#ee3224
Blair,LAB,21,87,21,#ee3224
Blair,LAB,21,88,21,#ee3224
Blair,LAB,22,89,21,#ee3224
Blair,LAB,22,90,22,#ee3224
Blair,LAB,23,91,22,#ee3224
Blair,LAB,23,92,23,#ee3224
Blair,LAB,23,93,23,#ee3224
Blair,LAB,23,94,23,#ee3224
Blair,LAB,23,95,23,#ee3224
Blair,LAB,23,96,23,#ee3224
Blair,LAB,23,97,23,#ee3224
Blair,LAB,23,98,23,#ee3224
Blair,LAB,23,99,23,#ee3224
Blair,LAB,23,100,23,#ee3224
Blair,LAB,23,101,23,#ee3224
Blair,LAB,23,102,23,#ee3224
Blair,LAB,24,103,23,#ee3224
Blair,LAB,24,104,24,#ee3224
Blair,LAB,24,105,24,#ee3224
Blair,LAB,24,106,24,#ee3224
Blair,LAB,25,107,24,#ee3224
Blair,LAB,25,108,25,#ee3224
Blair,LAB,25,109,25,#ee3224
Blair,LAB,25,110,25,#ee3224
Blair,LAB,25,111,25,#ee3224
Blair,LAB,25,112,25,#ee3224
Blair,LAB,26,113,25,#ee3224
Blair,LAB,26,114,26,#ee3224
Blair,LAB,27,115,26,#ee3224
Blair,LAB,27,116,27,#ee3224
Blair,LAB,28,117,27,#ee3224
Blair,LAB,28,118,28,#ee3224
Blair,LAB,29,119,28,#ee3224
Blair,LAB,29,120,29,#ee3224
Blair,LAB,29,121,29,#ee3224
Blair,LAB,29,122,29,#ee3224
Blair,LAB,29,123,29,#ee3224
Blair,LAB,29,124,29,#ee3224
Blair,LAB,29,125,29,#ee3224
Blair,LAB,29,126,29,#ee3224
Blair,LAB,29,127,29,#ee3224
Blair,LAB,29,128,29,#ee3224
Blair,LAB,29,129,29,#ee3224
Blair,LAB,29,130,29,#ee3224
Blair,LAB,29,131,29,#ee3224
Blair,LAB,29,132,29,#ee3224
Blair,LAB,29,133,29,#ee3224
Blair,LAB,29,134,29,#ee3224
Blair,LAB,29,135,29,#ee3224
Blair,LAB,29,136,29,#ee3224
Blair,LAB,29,137,29,#ee3224
Blair,LAB,29,138,29,#ee3224
Blair,LAB,29,139,29,#ee3224
Blair,LAB,29,140,29,#ee3224
Brown,LAB,0,1,1,#ee3224
Brown,LAB,0,2,1,#ee3224
Brown,LAB,0,3,1,#ee3224
Brown,LAB,1,4,1,#ee3224
Brown,LAB,2,5,1,#ee3224
Brown,LAB,2,6,2,#ee3224
Brown,LAB,3,7,2,#ee3224
Brown,LAB,3,8,3,#ee3224
Brown,LAB,3,9,3,#ee3224
Brown,LAB,3,10,3,#ee3224
Brown,LAB,3,11,3,#ee3224
Brown,LAB,3,12,3,#ee3224
Brown,LAB,3,13,3,#ee3224
Brown,LAB,3,14,3,#ee3224
Brown,LAB,5,15,3,#ee3224
Brown,LAB,5,16,5,#ee3224
Brown,LAB,5,17,5,#ee3224
Brown,LAB,5,18,5,#ee3224
Brown,LAB,5,19,5,#ee3224
Brown,LAB,5,20,5,#ee3224
Brown,LAB,5,21,5,#ee3224
Brown,LAB,5,22,5,#ee3224
Brown,LAB,5,23,5,#ee3224
Brown,LAB,9,24,5,#ee3224
Brown,LAB,12,25,9,#ee3224
Brown,LAB,12,26,12,#ee3224
Brown,LAB,12,27,12,#ee3224
Brown,LAB,13,28,12,#ee3224
Brown,LAB,13,29,13,#ee3224
Brown,LAB,13,30,13,#ee3224
Brown,LAB,13,31,13,#ee3224
Brown,LAB,13,32,13,#ee3224
Brown,LAB,13,33,13,#ee3224
Brown,LAB,13,34,13,#ee3224
Brown,LAB,13,35,13,#ee3224
Brown,LAB,13,36,13,#ee3224
Brown,LAB,13,37,13,#ee3224
Brown,LAB,13,38,13,#ee3224
Brown,LAB,13,39,13,#ee3224
Brown,LAB,13,40,13,#ee3224
Brown,LAB,13,41,13,#ee3224
Brown,LAB,13,42,13,#ee3224
Brown,LAB,13,43,13,#ee3224
Brown,LAB,13,44,13,#ee3224
Brown,LAB,13,45,13,#ee3224
Brown,LAB,13,46,13,#ee3224
Brown,LAB,13,47,13,#ee3224
Brown,LAB,13,48,13,#ee3224
Brown,LAB,13,49,13,#ee3224
Brown,LAB,13,50,13,#ee3224
Brown,LAB,13,51,13,#ee3224
Brown,LAB,13,52,13,#ee3224
Brown,LAB,13,53,13,#ee3224
Brown,LAB,13,54,13,#ee3224
Brown,LAB,13,55,13,#ee3224
Brown,LAB,13,56,13,#ee3224
Brown,LAB,13,57,13,#ee3224
Brown,LAB,13,58,13,#ee3224
Brown,LAB,13,59,13,#ee3224
Brown,LAB,13,60,13,#ee3224
Brown,LAB,13,61,13,#ee3224
Brown,LAB,13,62,13,#ee3224
Brown,LAB,13,63,13,#ee3224
Brown,LAB,13,64,13,#ee3224
Brown,LAB,13,65,13,#ee3224
Brown,LAB,13,66,13,#ee3224
Brown,LAB,13,67,13,#ee3224
Brown,LAB,13,68,13,#ee3224
Brown,LAB,13,69,13,#ee3224
Brown,LAB,13,70,13,#ee3224
Brown,LAB,13,71,13,#ee3224
Brown,LAB,13,72,13,#ee3224
Brown,LAB,13,73,13,#ee3224
Brown,LAB,13,74,13,#ee3224
Brown,LAB,13,75,13,#ee3224
Brown,LAB,13,76,13,#ee3224
Brown,LAB,13,77,13,#ee3224
Brown,LAB,13,78,13,#ee3224
Brown,LAB,13,79,13,#ee3224
Brown,LAB,13,80,13,#ee3224
Brown,LAB,13,81,13,#ee3224
Brown,LAB,13,82,13,#ee3224
Brown,LAB,13,83,13,#ee3224
Brown,LAB,13,84,13,#ee3224
Brown,LAB,13,85,13,#ee3224
Brown,LAB,13,86,13,#ee3224
Brown,LAB,13,87,13,#ee3224
Brown,LAB,13,88,13,#ee3224
Brown,LAB,13,89,13,#ee3224
Brown,LAB,13,90,13,#ee3224
Brown,LAB,13,91,13,#ee3224
Brown,LAB,13,92,13,#ee3224
Brown,LAB,13,93,13,#ee3224
Brown,LAB,13,94,13,#ee3224
Brown,LAB,13,95,13,#ee3224
Brown,LAB,13,96,13,#ee3224
Brown,LAB,13,97,13,#ee3224
Brown,LAB,13,98,13,#ee3224
Brown,LAB,13,99,13,#ee3224
Brown,LAB,13,100,13,#ee3224
Brown,LAB,13,101,13,#ee3224
Brown,LAB,13,102,13,#ee3224
Brown,LAB,13,103,13,#ee3224
Brown,LAB,13,104,13,#ee3224
Brown,LAB,13,105,13,#ee3224
Brown,LAB,13,106,13,#ee3224
Brown,LAB,13,107,13,#ee3224
Brown,LAB,13,108,13,#ee3224
Brown,LAB,13,109,13,#ee3224
Brown,LAB,13,110,13,#ee3224
Brown,LAB,13,111,13,#ee3224
Brown,LAB,13,112,13,#ee3224
Brown,LAB,13,113,13,#ee3224
Brown,LAB,13,114,13,#ee3224
Brown,LAB,13,115,13,#ee3224
Brown,LAB,13,116,13,#ee3224
Brown,LAB,13,117,13,#ee3224
Brown,LAB,13,118,13,#ee3224
Brown,LAB,13,119,13,#ee3224
Brown,LAB,13,120,13,#ee3224
Brown,LAB,13,121,13,#ee3224
Brown,LAB,13,122,13,#ee3224
Brown,LAB,13,123,13,#ee3224
Brown,LAB,13,124,13,#ee3224
Brown,LAB,13,125,13,#ee3224
Brown,LAB,13,126,13,#ee3224
Brown,LAB,13,127,13,#ee3224
Brown,LAB,13,128,13,#ee3224
Brown,LAB,13,129,13,#ee3224
Brown,LAB,13,130,13,#ee3224
Brown,LAB,13,131,13,#ee3224
Brown,LAB,13,132,13,#ee3224
Brown,LAB,13,133,13,#ee3224
Brown,LAB,13,134,13,#ee3224
Brown,LAB,13,135,13,#ee3224
Brown,LAB,13,136,13,#ee3224
Brown,LAB,13,137,13,#ee3224
Brown,LAB,13,138,13,#ee3224
Brown,LAB,13,139,13,#ee3224
Brown,LAB,13,140,13,#ee3224
Cameron,CON,1,1,1,#00539f
Cameron,CON,1,2,1,#00539f
Cameron,CON,1,3,1,#00539f
Cameron,CON,1,4,1,#00539f
Cameron,CON,1,5,1,#00539f
Cameron,CON,1,6,1,#00539f
Cameron,CON,1,7,1,#00539f
Cameron,CON,1,8,1,#00539f
Cameron,CON,1,9,1,#00539f
Cameron,CON,1,10,1,#00539f
Cameron,CON,1,11,1,#00539f
Cameron,CON,1,12,1,#00539f
Cameron,CON,1,13,1,#00539f
Cameron,CON,1,14,1,#00539f
Cameron,CON,1,15,1,#00539f
Cameron,CON,1,16,1,#00539f
Cameron,CON,1,17,1,#00539f
Cameron,CON,2,18,1,#00539f
Cameron,CON,2,19,2,#00539f
Cameron,CON,2,20,2,#00539f
Cameron,CON,3,21,2,#00539f
Cameron,CON,3,22,3,#00539f
Cameron,CON,3,23,3,#00539f
Cameron,CON,3,24,3,#00539f
Cameron,CON,3,25,3,#00539f
Cameron,CON,3,26,3,#00539f
Cameron,CON,3,27,3,#00539f
Cameron,CON,3,28,3,#00539f
Cameron,CON,3,29,3,#00539f
Cameron,CON,4,30,3,#00539f
Cameron,CON,4,31,4,#00539f
Cameron,CON,5,32,4,#00539f
Cameron,CON,5,33,5,#00539f
Cameron,CON,5,34,5,#00539f
Cameron,CON,5,35,5,#00539f
Cameron,CON,5,36,5,#00539f
Cameron,CON,5,37,5,#00539f
Cameron,CON,5,38,5,#00539f
Cameron,CON,5,39,5,#00539f
Cameron,CON,5,40,5,#00539f
Cameron,CON,5,41,5,#00539f
Cameron,CON,5,42,5,#00539f
Cameron,CON,5,43,5,#00539f
Cameron,CON,5,44,5,#00539f
Cameron,CON,6,45,5,#00539f
Cameron,CON,6,46,6,#00539f
Cameron,CON,7,47,6,#00539f
Cameron,CON,7,48,7,#00539f
Cameron,CON,7,49,7,#00539f
Cameron,CON,7,50,7,#00539f
Cameron,CON,8,51,7,#00539f
Cameron,CON,8,52,8,#00539f
Cameron,CON,9,53,8,#00539f
Cameron,CON,12,54,9,#00539f
Cameron,CON,12,55,12,#00539f
Cameron,CON,12,56,12,#00539f
Cameron,CON,12,57,12,#00539f
Cameron,CON,12,58,12,#00539f
Cameron,CON,12,59,12,#00539f
Cameron,CON,12,60,12,#00539f
Cameron,CON,12,61,12,#00539f
Cameron,CON,12,62,12,#00539f
Cameron,CON,12,63,12,#00539f
Cameron,CON,12,64,12,#00539f
Cameron,CON,12,65,12,#00539f
Cameron,CON,12,66,12,#00539f
Cameron,CON,13,67,12,#00539f
Cameron,CON,13,68,13,#00539f
Cameron,CON,13,69,13,#00539f
Cameron,CON,13,70,13,#00539f
Cameron,CON,14,71,13,#00539f
Cameron,CON,14,72,14,#00539f
Cameron,CON,14,73,14,#00539f
Cameron,CON,14,74,14,#00539f
Cameron,CON,14,75,14,#00539f
Cameron,CON,14,76,14,#00539f
Cameron,CON,14,77,14,#00539f
Cameron,CON,14,78,14,#00539f
Cameron,CON,14,79,14,#00539f
Cameron,CON,14,80,14,#00539f
Cameron,CON,14,81,14,#00539f
Cameron,CON,14,82,14,#00539f
Cameron,CON,14,83,14,#00539f
Cameron,CON,14,84,14,#00539f
Cameron,CON,14,85,14,#00539f
Cameron,CON,14,86,14,#00539f
Cameron,CON,14,87,14,#00539f
Cameron,CON,14,88,14,#00539f
Cameron,CON,14,89,14,#00539f
Cameron,CON,14,90,14,#00539f
Cameron,CON,14,91,14,#00539f
Cameron,CON,14,92,14,#00539f
Cameron,CON,14,93,14,#00539f
Cameron,CON,14,94,14,#00539f
Cameron,CON,14,95,14,#00539f
Cameron,CON,14,96,14,#00539f
Cameron,CON,14,97,14,#00539f
Cameron,CON,14,98,14,#00539f
Cameron,CON,14,99,14,#00539f
Cameron,CON,14,100,14,#00539f
Cameron,CON,14,101,14,#00539f
Cameron,CON,14,102,14,#00539f
Cameron,CON,14,103,14,#00539f
Cameron,CON,14,104,14,#00539f
Cameron,CON,14,105,14,#00539f
Cameron,CON,14,106,14,#00539f
Cameron,CON,14,107,14,#00539f
Cameron,CON,14,108,14,#00539f
Cameron,CON,14,109,14,#00539f
Cameron,CON,14,110,14,#00539f
Cameron,CON,14,111,14,#00539f
Cameron,CON,14,112,14,#00539f
Cameron,CON,14,113,14,#00539f
Cameron,CON,14,114,14,#00539f
Cameron,CON,14,115,14,#00539f
Cameron,CON,14,116,14,#00539f
Cameron,CON,14,117,14,#00539f
Cameron,CON,14,118,14,#00539f
Cameron,CON,14,119,14,#00539f
Cameron,CON,14,120,14,#00539f
Cameron,CON,14,121,14,#00539f
Cameron,CON,14,122,14,#00539f
Cameron,CON,14,123,14,#00539f
Cameron,CON,14,124,14,#00539f
Cameron,CON,14,125,14,#00539f
Cameron,CON,14,126,14,#00539f
Cameron,CON,14,127,14,#00539f
Cameron,CON,14,128,14,#00539f
Cameron,CON,14,129,14,#00539f
Cameron,CON,14,130,14,#00539f
Cameron,CON,14,131,14,#00539f
Cameron,CON,14,132,14,#00539f
Cameron,CON,14,133,14,#00539f
Cameron,CON,14,134,14,#00539f
Cameron,CON,14,135,14,#00539f
Cameron,CON,14,136,14,#00539f
Cameron,CON,14,137,14,#00539f
Cameron,CON,14,138,14,#00539f
Cameron,CON,14,139,14,#00539f
Cameron,CON,14,140,14,#00539f
May,CON,0,1,1,#00539f
May,CON,0,2,1,#00539f
May,CON,1,3,1,#00539f
May,CON,1,4,1,#00539f
May,CON,1,5,1,#00539f
May,CON,1,6,1,#00539f
May,CON,1,7,1,#00539f
May,CON,1,8,1,#00539f
May,CON,1,9,1,#00539f
May,CON,1,10,1,#00539f
May,CON,2,11,1,#00539f
May,CON,2,12,2,#00539f
May,CON,2,13,2,#00539f
May,CON,2,14,2,#00539f
May,CON,2,15,2,#00539f
May,CON,5,16,2,#00539f
May,CON,5,17,5,#00539f
May,CON,6,18,5,#00539f
May,CON,6,19,6,#00539f
May,CON,6,20,6,#00539f
May,CON,6,21,6,#00539f
May,CON,7,22,6,#00539f
May,CON,8,23,7,#00539f
May,CON,13,24,8,#00539f
May,CON,14,25,13,#00539f
May,CON,14,26,14,#00539f
May,CON,14,27,14,#00539f
May,CON,16,28,14,#00539f
May,CON,21,29,16,#00539f
May,CON,22,30,21,#00539f
May,CON,23,31,22,#00539f
May,CON,25,32,23,#00539f
May,CON,30,33,25,#00539f
May,CON,30,34,30,#00539f
May,CON,30,35,30,#00539f
May,CON,30,36,30,#00539f
May,CON,30,37,30,#00539f
May,CON,30,38,30,#00539f
May,CON,30,39,30,#00539f
May,CON,30,40,30,#00539f
May,CON,30,41,30,#00539f
May,CON,30,42,30,#00539f
May,CON,30,43,30,#00539f
May,CON,30,44,30,#00539f
May,CON,30,45,30,#00539f
May,CON,30,46,30,#00539f
May,CON,30,47,30,#00539f
May,CON,30,48,30,#00539f
May,CON,30,49,30,#00539f
May,CON,30,50,30,#00539f
May,CON,30,51,30,#00539f
May,CON,30,52,30,#00539f
May,CON,30,53,30,#00539f
May,CON,30,54,30,#00539f
May,CON,30,55,30,#00539f
May,CON,30,56,30,#00539f
May,CON,30,57,30,#00539f
May,CON,30,58,30,#00539f
May,CON,30,59,30,#00539f
May,CON,30,60,30,#00539f
May,CON,30,61,30,#00539f
May,CON,30,62,30,#00539f
May,CON,30,63,30,#00539f
May,CON,30,64,30,#00539f
May,CON,30,65,30,#00539f
May,CON,30,66,30,#00539f
May,CON,30,67,30,#00539f
May,CON,30,68,30,#00539f
May,CON,30,69,30,#00539f
May,CON,30,70,30,#00539f
May,CON,30,71,30,#00539f
May,CON,30,72,30,#00539f
May,CON,30,73,30,#00539f
May,CON,30,74,30,#00539f
May,CON,30,75,30,#00539f
May,CON,30,76,30,#00539f
May,CON,30,77,30,#00539f
May,CON,30,78,30,#00539f
May,CON,30,79,30,#00539f
May,CON,30,80,30,#00539f
May,CON,30,81,30,#00539f
May,CON,30,82,30,#00539f
May,CON,30,83,30,#00539f
May,CON,30,84,30,#00539f
May,CON,30,85,30,#00539f
May,CON,30,86,30,#00539f
May,CON,30,87,30,#00539f
May,CON,30,88,30,#00539f
May,CON,30,89,30,#00539f
May,CON,30,90,30,#00539f
May,CON,30,91,30,#00539f
May,CON,30,92,30,#00539f
May,CON,30,93,30,#00539f
May,CON,30,94,30,#00539f
May,CON,30,95,30,#00539f
May,CON,30,96,30,#00539f
May,CON,30,97,30,#00539f
May,CON,30,98,30,#00539f
May,CON,30,99,30,#00539f
May,CON,30,100,30,#00539f
May,CON,30,101,30,#00539f
May,CON,30,102,30,#00539f
May,CON,30,103,30,#00539f
May,CON,30,104,30,#00539f
May,CON,30,105,30,#00539f
May,CON,30,106,30,#00539f
May,CON,30,107,30,#00539f
May,CON,30,108,30,#00539f
May,CON,30,109,30,#00539f
May,CON,30,110,30,#00539f
May,CON,30,111,30,#00539f
May,CON,30,112,30,#00539f
May,CON,30,113,30,#00539f
May,CON,30,114,30,#00539f
May,CON,30,115,30,#00539f
May,CON,30,116,30,#00539f
May,CON,30,117,30,#00539f
May,CON,30,118,30,#00539f
May,CON,30,119,30,#00539f
May,CON,30,120,30,#00539f
May,CON,30,121,30,#00539f
May,CON,30,122,30,#00539f
May,CON,30,123,30,#00539f
May,CON,30,124,30,#00539f
May,CON,30,125,30,#00539f
May,CON,30,126,30,#00539f
May,CON,30,127,30,#00539f
May,CON,30,128,30,#00539f
May,CON,30,129,30,#00539f
May,CON,30,130,30,#00539f
May,CON,30,131,30,#00539f
May,CON,30,132,30,#00539f
May,CON,30,133,30,#00539f
May,CON,30,134,30,#00539f
May,CON,30,135,30,#00539f
May,CON,30,136,30,#00539f
May,CON,30,137,30,#00539f
May,CON,30,138,30,#00539f
May,CON,30,139,30,#00539f
May,CON,30,140,30,#00539f
